tree
version=v4
num_class=1
num_tree_per_iteration=1
label_index=0
max_feature_idx=59
objective=binary sigmoid:1
feature_names=MAG_X MAG_X_lag_1 MAG_X_lag_5 MAG_X_diff MAG_X_roll_mean_10 MAG_X_roll_mean_60 MAG_Y MAG_Y_lag_1 MAG_Y_lag_5 MAG_Y_diff MAG_Y_roll_mean_10 MAG_Y_roll_mean_60 MAG_Z MAG_Z_lag_1 MAG_Z_lag_5 MAG_Z_diff MAG_Z_roll_mean_10 MAG_Z_roll_mean_60 Total_MAG Total_MAG_lag_1 Total_MAG_lag_5 Total_MAG_diff Total_MAG_roll_mean_10 Total_MAG_roll_mean_60 PD_1 PD_1_lag_1 PD_1_lag_5 PD_1_diff PD_1_roll_mean_10 PD_1_roll_mean_60 PD_2 PD_2_lag_1 PD_2_lag_5 PD_2_diff PD_2_roll_mean_10 PD_2_roll_mean_60 PD_3 PD_3_lag_1 PD_3_lag_5 PD_3_diff PD_3_roll_mean_10 PD_3_roll_mean_60 PD_4 PD_4_lag_1 PD_4_lag_5 PD_4_diff PD_4_roll_mean_10 PD_4_roll_mean_60 PD_5 PD_5_lag_1 PD_5_lag_5 PD_5_diff PD_5_roll_mean_10 PD_5_roll_mean_60 PD_6 PD_6_lag_1 PD_6_lag_5 PD_6_diff PD_6_roll_mean_10 PD_6_roll_mean_60
feature_infos=[-8.8022400000000006e-05:6.4401399999999996e-05] [-8.8022400000000006e-05:6.4401399999999996e-05] [-8.8022400000000006e-05:6.4401399999999996e-05] [-8.8022400000000006e-05:8.3017700000000003e-05] [-4.7862399999999998e-05:4.7485940000000002e-05] [-4.7862399999999998e-05:4.4311446666666669e-05] [-0.00010124399999999999:5.9352099999999997e-05] [-0.00010124399999999999:5.9352099999999997e-05] [-0.00010124399999999999:5.9352099999999997e-05] [-0.00010124399999999999:0.0001189028] [-5.0270269999999997e-05:4.70506e-05] [-4.8043079999999999e-05:4.5722300000000001e-05] [-4.83365e-05:0.000100753] [-4.83365e-05:0.000100753] [-4.83365e-05:0.000100753] [-9.9846845000000004e-05:0.000100753] [-4.83365e-05:4.7304330000000003e-05] [-4.83365e-05:4.6089516666666663e-05] [0:0.00010646943460539999] [0:0.00010646943460539999] [0:0.00010646943460539999] [-7.5769791943731959e-05:9.9639872029674964e-05] [0:7.4259442930050515e-05] [1.9313700825814267e-06:7.3755276458647412e-05] [0:1.5708] [0:1.5708] [0:1.5708] [-0.15365999999999991:0.14927199999999999] [0:1.32002] [0:1.2742975000000001] [0:0.46602199999999999] [0:0.34129700000000002] none [-0.048699999999999903:0.13347700000000001] [0:0.212509] [0:0.212509] [0:1.18235] [0:1.18235] [0:1.18235] [-0.61313799999999996:0.528335] [0:1.1192899999999999] [0:1.1192899999999999] [0:0.77107899999999996] [0:0.77107899999999996] [0:0.77107899999999996] [-0.76646368999999992:0.66446035000000003] [0:0.376264661] [0:0.20744576666666659] [0:1.5708] [0:1.5708] [0:1.5708] [-0.20904600000000001:0.54523100000000002] [0:1.3522799999999999] [0:1.2085999999999999] [0:1.03786] [0:1.03786] [0:1.03786] [-0.15652099999999999:0.083153000000000005] [0:1.031142] [0:0.99503086666666662]
tree_sizes=3531 3563 3570 3571 3577 3562 3576 3581 3560 3574 3565 3563 3573 3563 3574 3574 3570 3573 3589 3551 3585 3590 3595 3576 3570 3559 3563 3576 3571 3577 3558 3576 3570 3578 3538 3602 3569 3543 3555 3572 3541 3549 3559 3554 3562 3546 3538 3533 3506 3573 3568 3562 3548 3566 3518 3579 3551 3557 3521 3543 3490 3585 3487 3576 3556 3543 3504 3528 3528 3530 3541 3580 3525 3534 3594 3548 3564 3543 3526 3566 3587 3531 3524 3569 3575 3534 3498 3557 3557 3538 3526 3552 3569 3511 3599 3548 3528 3560 3570 3532 3565 3545 3533 3539 3570 3549 3538 3486 3534 3559 3542 3571 3555 3556 3575 3521 3516 3566 3575 3558 3543 3570 3520 3522 3546 3551

Tree=0
num_leaves=31
num_cat=0
split_feature=51 59 17 28 20 28 12 23 41 28 17 18 17 53 17 12 6 58 28 23 40 17 59 12 23 53 59 6 6 50
split_gain=3064.2 1824.57 1020.72 715.667 752.494 497.824 510.082 434.505 443.637 394.124 333.857 332.266 327.089 356.63 312.317 291.139 403.263 382.033 284.125 456.492 284.105 272.944 265.065 249.847 362.055 244.251 238.52 336.531 237.485 247.656
threshold=0.073266999999999916 0.18789275092307692 -3.1278539999999991e-05 1.0000000180025095e-35 3.0072349097092667e-05 0.20310550000000008 8.4748000000000006e-06 3.3180401058779507e-05 0.039963236249999957 0.05354207499999996 2.6020862416666682e-07 3.1657497428966912e-05 1.2597066500000002e-05 0.012184601145833302 -2.4565234999999996e-05 -2.1214599999999995e-05 9.759935000000002e-06 0.024309510000000003 1.0000000180025095e-35 3.4103006340790484e-05 0.43317490000000003 -3.4116009166666663e-05 0.0039191101666666509 -4.5290749999999995e-06 2.3398562627001891e-05 0.055413299710884302 0.026042393999999951 -4.3732799999999989e-05 2.1714100000000003e-05 0.0040307050000000007
decision_type=8 8 10 8 10 8 10 10 10 10 10 10 10 10 10 10 10 10 10 10 10 10 10 10 10 10 10 10 8 8
left_child=1 7 -3 4 -2 10 14 8 12 11 15 -10 23 -14 -7 16 -4 -17 19 -12 -8 22 -9 24 -1 -21 -5 -28 29 -16
right_child=3 2 5 26 -6 6 20 21 9 -11 18 -13 13 -15 28 17 -18 -19 -20 25 -22 -23 -24 -25 -26 -27 27 -29 -30 -31
leaf_value=-0.55194501541293939 -0.68517862482087388 -0.69670830236675885 -0.52379866583227086 -0.70632961074100775 -0.54801271430535081 -0.67637945151145351 -0.62834845260221384 -0.71663842821876589 -0.53517880160327136 -0.66132758285651772 -0.70857005402622286 -0.70839465458725448 -0.69335338339993546 -0.5130683436979947 -0.5740804668341436 -0.65027605048509929 -0.71663842821876589 -0.4954305024398773 -0.54226213274432544 -0.62671650717043725 -0.70418632643651058 -0.66426324369728662 -0.4954305024398773 -0.64456547807776088 -0.63233395452364127 -0.51266143560581179 -0.4954305024398773 -0.69485279916478437 -0.54585289728653574 -0.61382416900316161
leaf_weight=237.10724368691444 252.70343035459518 303.56056079268456 156.86599344015121 1969.1880905628204 165.45519769191742 115.50219401717186 1294.0314300358295 19.212693721055984 115.72822570800781 1410.2117191255093 74.364426285028458 36.391102224588394 34.356817007064819 136.07107788324356 637.63539984822273 348.08880388736725 32.77459517121315 44.980306476354599 664.08110767602921 83.405693918466568 136.52314126491547 2848.6773996055126 45.88443323969841 651.42333298921585 342.21197992563248 107.36505314707756 32.77459517121315 59.672366380691528 245.9224796295166 1017.3686404526234
leaf_count=1049 1118 1343 694 8712 732 511 5725 85 512 6239 329 161 152 602 2821 1540 145 199 2938 369 604 12603 203 2882 1514 475 145 264 1088 4501
internal_value=-0.640281 -0.629092 -0.607707 -0.690548 -0.630905 -0.602258 -0.61275 -0.648239 -0.634759 -0.65308 -0.578338 -0.576617 -0.614331 -0.549412 -0.59655 -0.608008 -0.557126 -0.632557 -0.559732 -0.603489 -0.635586 -0.66195 -0.560718 -0.623321 -0.599432 -0.562527 -0.702645 -0.624153 -0.591699 -0.598512
internal_weight=13619.5 11139.7 5262.47 2479.79 418.159 4958.91 3446.98 5877.28 2963.5 1562.33 1511.93 152.119 1401.17 170.428 2016.43 582.71 189.641 393.069 929.216 265.135 1430.55 2913.77 65.0971 1230.74 579.319 190.771 2061.64 92.447 1900.93 1655
internal_count=60255 49284 23282 10971 1850 21939 15250 26002 13111 6912 6689 673 6199 754 8921 2578 839 1739 4111 1173 6329 12891 288 5445 2563 844 9121 409 8410 7322
is_linear=0
shrinkage=1


Tree=1
num_leaves=31
num_cat=0
split_feature=51 59 17 29 20 29 50 22 49 59 17 14 41 22 29 17 53 20 41 41 56 56 59 10 11 41 17 29 20 40
split_gain=2804.13 1632.79 898.105 589.738 449.813 385.288 373.186 658.899 324.532 325.597 357.058 323.46 309.107 346.793 339.382 338.497 321.961 367.674 282.541 243.37 375.666 219.099 210.457 298.546 223.782 257.104 212.39 226.928 210.079 203.223
threshold=-0.056710999999999942 0.18789275092307692 -3.1278539999999991e-05 1.0000000180025095e-35 3.0209325187746388e-05 0.22270162499999999 0.030906900000000005 3.2486470028810002e-05 0.59146750000000015 0.38907274722222224 3.4609787837837842e-05 8.882900000000001e-06 0.039963236249999957 3.3302210521500013e-05 0.74839915000000012 -3.2860410833333323e-05 0.37115329833333338 3.3270602153518696e-05 0.00044794890151510003 0.0025708724999999504 0.48215000000000002 0.48513400000000001 0.027305063125000004 -3.4396084999999993e-05 9.3775736163043498e-06 0.010294799999999953 -9.7130027474999984e-06 0.31257552222222224 1.4426817432924489e-05 1.0000000180025095e-35
decision_type=10 8 10 8 10 8 8 10 10 10 10 10 10 10 10 10 10 8 10 10 10 10 10 10 10 10 10 8 8 10
left_child=3 12 -3 4 -1 8 7 19 9 10 -4 -8 13 28 16 -16 -14 -18 -13 -7 -21 -9 24 -24 -5 26 -26 -28 -2 -15
right_child=1 2 5 22 -6 6 11 21 -10 -11 -12 18 14 29 15 -17 17 -19 -20 20 -22 -23 23 -25 25 -27 27 -29 -30 -31
leaf_value=-0.036154738365872088 0.075192100048421071 -0.054753388077234066 0.03072793417917687 -0.06930048585810375 0.078936925493537133 0.030472583519548874 0.029220324261595532 -0.00011597992626679803 0.10534869925964546 0.13530992580427884 0.13496250645069294 0.032250151068004412 -0.017344811342429121 -0.031336231291172315 0.13242345100661415 -0.043660003255120323 0.076295626124645827 -0.0072230328012505805 -0.030735113609682035 0.10541708666650494 -0.065062647319205413 0.093743135322558846 0.13215882372381438 -0.054684464621490882 0.10068146968528238 -0.064283458150043313 0.13466284420411476 -0.06228938328309877 0.014778102998930856 0.012569850688634747
leaf_weight=204.64369671046734 161.96807259321213 290.64564734697342 1093.0648557245731 1677.5032411664724 145.08197084069252 198.97227564454079 1205.9260073304176 594.69226941466331 277.44914039969444 93.871823996305466 88.836203843355179 257.6370036303997 1562.9813842028379 723.64052911102772 27.963814303278923 1138.4750245660543 224.80661183595657 318.43427178263664 576.38445395231247 523.10892435908318 34.442026972770691 69.436392530798912 34.337859332561493 56.652513384819031 56.744912773370743 179.59107829630375 18.31625147163868 72.579513475298882 1289.6139637082815 414.51707412302494
leaf_count=918 712 1310 4780 7580 625 869 5286 2605 1195 403 383 1134 6954 3220 119 5073 994 1418 2546 2283 152 303 146 255 254 810 82 328 5677 1841
internal_value=-2.21555e-05 0.0105977 0.0306972 -0.0485163 0.0115905 0.0356507 0.0263649 0.0460402 0.0563396 0.0456813 0.0385626 0.0126626 -0.00758898 0.00531753 -0.0178022 -0.0394386 -0.00581986 0.0273391 -0.0112784 0.0779446 0.0948859 0.00969724 -0.0585467 0.0158263 -0.0619223 -0.0240991 0.0247814 -0.0226019 0.0215191 -0.0153456
internal_weight=13612.3 11166.9 5304.47 2445.45 349.726 5013.82 3460.6 1420.65 1553.22 1275.77 1181.9 2039.95 5862.4 2589.74 3272.66 1166.44 2106.22 543.241 834.021 756.523 557.551 664.129 2095.73 90.9904 2004.73 327.232 147.641 90.8958 1451.58 1138.16
internal_count=60255 49257 23249 10998 1543 21939 15178 6212 6761 5566 5163 8966 26008 11450 14558 5192 9366 2412 3680 3304 2435 2908 9455 401 9054 1474 664 410 6389 5061
is_linear=0
shrinkage=0.05


Tree=2
num_leaves=31
num_cat=0
split_feature=51 59 17 28 23 28 13 23 5 5 17 29 23 50 18 29 59 53 29 23 13 6 56 17 48 40 23 29 59 59
split_gain=2571.09 1456.71 825.493 628.068 629.641 387.23 404.365 371.201 300.207 284.76 268.904 299.021 318.687 257.604 344.111 256.123 420.013 277.073 336.022 244.129 240.577 340.596 299.128 226.925 226.148 225.971 220.842 219.734 216.076 208.442
threshold=0.073266999999999916 0.18789275092307692 -3.1278539999999991e-05 1.0000000180025095e-35 2.9747139582539254e-05 0.20310550000000008 8.2409350000000018e-06 3.3180401058779507e-05 -1.5316291575471697e-05 3.019974166666667e-05 2.6020862416666682e-07 0.00091475083333330002 3.4103006340790484e-05 0.041662550000000007 3.114469939387828e-05 0.030887716666666603 1.0000000180025095e-35 0.63569836666666679 0.59071608333333347 1.7116492139529846e-05 -2.1169949999999995e-05 9.759935000000002e-06 0.025102350000000006 -3.4116009166666663e-05 0.049732400000000003 1.0000000180025095e-35 4.8838520952377959e-05 1.0494718750000003 0.0039191101666666509 0.026042393999999951
decision_type=8 8 10 8 10 8 10 10 8 10 10 10 10 10 10 10 10 10 10 10 10 10 10 10 10 10 10 10 10 10
left_child=1 7 -3 4 -2 10 8 15 27 -10 20 12 -12 14 -8 16 -1 19 -19 -17 21 -4 -22 28 -21 -15 -16 -7 -9 -5
right_child=3 2 5 29 -6 6 13 23 9 -11 11 -13 -14 25 26 17 -18 18 -20 24 22 -23 -24 -25 -26 -27 -28 -29 -30 -31
leaf_value=0.08627288583036917 -0.046370495001343548 -0.052841084312546971 0.1023848827502131 -0.062423323696002259 0.077008827537049088 -0.011434667237724327 0.073353014849477954 -0.073973452436576673 0.053818664048687494 -0.031678964698529266 -0.07555472839073922 0.085194593082403167 0.058642414859074371 0.015292386388528884 -0.021902585062677199 0.057087471567119033 -0.019087808328685184 0.089060443048581003 -0.013589522812074206 0.0037582737773864771 -0.010350658113852629 -0.075216952060955966 0.1237301589611664 -0.02220469089693082 -0.029124866084394935 -0.037530557531410429 0.072804581150874612 0.10459440811988414 0.12641066900257766 0.014390430826974568
leaf_weight=229.78107261657715 232.12698073685169 292.27784650027752 164.02151101827621 1884.9474866241217 186.47770299017429 377.59212544560432 252.57919061183929 18.617361634969711 1525.8860369771719 104.02874781191349 63.779274344444275 756.89551573991776 144.40937449038029 361.45108325779438 295.90274353325367 140.44202756881714 160.7727609872818 177.01934270560741 145.05071787536144 1165.8380014747381 351.1990809738636 32.313324704766273 47.185957089066505 2810.6464669406414 948.04130187630653 460.29206220805645 77.721514508128166 45.747747614979744 48.498119533061981 92.658925458788872
leaf_count=998 1050 1343 694 8712 800 1634 1092 85 6593 451 285 3214 612 1586 1303 615 701 769 643 5168 1543 145 196 12603 4217 2055 339 197 203 409
internal_value=-4.03771e-05 0.0100184 0.0288617 -0.0470471 0.00859184 0.0335802 0.0243489 -0.00724062 0.0386182 0.0483618 0.0543011 0.0705981 0.0175307 0.00411433 0.0282734 0.00516921 0.0429008 -0.000550501 0.04283 -0.00674818 0.0278551 0.0731547 0.00553029 -0.020035 -0.0109893 -0.0142959 -0.00220155 0.00110388 0.0708255 -0.0588243
internal_weight=13594.2 11198 5353.28 2396.21 418.605 5061.01 3501.2 5844.71 2053.25 1629.91 1559.8 965.084 208.189 1447.95 626.203 2966.95 390.554 2576.39 322.07 2254.32 594.72 196.335 398.385 2877.76 2113.88 821.743 373.624 423.34 67.1155 1977.61
internal_count=60255 49284 23282 10971 1850 21939 15250 26002 8875 7044 6689 4111 897 6375 2734 13111 1699 11412 1412 10000 2578 839 1739 12891 9385 3641 1642 1831 288 9121
is_linear=0
shrinkage=0.05


Tree=3
num_leaves=31
num_cat=0
split_feature=51 59 12 29 23 23 41 29 18 14 29 48 23 41 59 14 41 23 23 18 12 41 53 12 23 23 29 12 29 53
split_gain=2357.45 1305 624.631 513.077 374.601 337.449 351.557 388.593 312.159 241.595 232.658 317.135 582.019 320.903 244.42 232.363 266.78 252.388 249.397 231.276 266.7 262.562 222.449 218.535 290.528 215.285 225.439 265.183 209.656 282.257
threshold=0.073266999999999916 0.18789275092307692 -3.2604599999999996e-05 1.0000000180025095e-35 2.9747139582539254e-05 3.3180401058779507e-05 0.039963236249999957 0.039594420833333303 6.5394052892645128e-06 1.2583650000000001e-05 0.22270162499999999 0.030906900000000005 3.4380729578601715e-05 0.0025708724999999504 0.33486473333333339 9.1245300000000009e-06 0.028210716666666653 1.596241054701658e-05 4.9745026879187189e-05 4.2031926086427323e-05 8.7124750000000017e-06 0.0023566224999999508 0.0073001214166666514 -4.5290749999999995e-06 2.3398562627001891e-05 2.3978664886046857e-05 0.033411158333333309 -9.6316699999999975e-06 0.91644129166666677 0.61344069666666678
decision_type=8 8 10 8 10 10 10 10 10 10 8 10 10 10 10 10 10 10 10 10 10 10 10 10 10 10 10 10 10 10
left_child=1 5 -3 4 -2 6 9 -8 -4 23 19 12 13 -12 -15 -13 18 -18 -17 21 -21 -10 -7 24 -1 26 27 -23 29 -9
right_child=3 2 8 -5 -6 22 7 28 10 -11 11 15 -14 14 -16 16 17 -19 -20 20 -22 25 -24 -25 -26 -27 -28 -29 -30 -31
leaf_value=0.078031420040433716 -0.03840931602160854 -0.047111622465799002 0.12297711645290819 -0.055331825193340713 0.065216111286342041 -0.042748701052089125 0.069081268435879931 -0.018928484188377264 -0.0083865508224676196 0.074836059920332335 0.018846013665918177 0.02353335851251254 0.0025170631438385643 0.099064244796504386 0.0060692831811057597 -0.0002394490982512211 0.13909235714904614 -0.04568748759336845 0.10201665254024517 0.03118484679925242 0.11054289093417108 0.13642394961257309 -0.010918312520971939 -0.0056134708140588192 0.0069317496763041378 0.029212490244750755 0.11560735263495175 -0.031336397631076512 -0.058662280354964839 0.05899379806046802
leaf_weight=246.45161548256874 185.63244274258614 268.43470434844494 90.876013740897179 2002.0121947675943 164.49162475764751 741.07405850291252 136.11386765539646 1005.8608521968126 280.05154404044151 193.06818868219852 247.95639687776566 1189.5303785055876 603.83188861608505 520.2400476038456 81.762084156274796 308.77514666318893 19.328737452626228 420.81198997795582 73.899245634675026 185.02653212845325 247.47970777750015 35.228979080915451 2116.5653947591782 638.28810414671898 344.54535204172134 555.98903732001781 185.05327653884888 71.094630479812622 273.7900203615427 131.39621263742447
leaf_count=1049 850 1248 380 9428 693 3354 583 4517 1199 836 1070 5124 2619 2194 352 1351 84 1896 322 794 1030 152 9537 2799 1515 2369 784 314 1243 569
internal_value=-5.59703e-05 0.00949102 0.0272347 -0.045566 0.0102749 -0.00690743 0.00489596 -0.0115994 0.0311349 0.0228387 0.0294743 0.0222575 0.0400514 0.0667167 0.086434 0.00940261 -0.011026 -0.0375729 0.0195075 0.04551 0.0765935 0.0335855 -0.0191729 0.0146722 0.036581 0.0474571 0.0822706 0.0242489 -0.0193821 -0.00992551
internal_weight=13564.7 11212.5 5385.37 2352.14 350.124 5827.15 2969.51 1547.16 5116.94 1422.35 5026.06 3466.14 1453.79 849.959 602.002 2012.35 822.815 440.141 382.674 1559.92 432.506 1127.42 2857.64 1229.29 590.997 847.366 291.377 106.324 1411.05 1137.26
internal_count=60255 49284 23282 10971 1543 26002 13111 6912 22034 6199 21654 15012 6235 3616 2546 8777 3653 1980 1673 6642 1824 4818 12891 5363 2564 3619 1250 466 6329 5086
is_linear=0
shrinkage=0.05


Tree=4
num_leaves=31
num_cat=0
split_feature=48 59 16 28 23 23 28 13 5 5 3 58 23 23 48 53 6 2 12 40 16 28 59 23 19 5 28 11 11 3
split_gain=2163.53 1145.45 704.895 581.151 523.343 307.226 292.559 327.328 279.454 249.901 235.246 229.249 226.523 286.651 235.965 210.853 208.511 194.981 192.821 271.593 295.153 268.265 320.823 297.456 235.666 212.217 203.056 206.308 192.327 189.498
threshold=1.2124300000000001 0.18525694825581399 -3.2396719999999996e-05 1.0000000180025095e-35 2.9747139582539254e-05 3.3180401058779507e-05 0.20310550000000008 8.4724200000000018e-06 -1.5316291575471697e-05 3.019974166666667e-05 -1.3707999999999998e-07 0.41095494999999999 4.805574619918097e-05 2.9416771806931321e-05 0.59146750000000015 0.0073001214166666514 2.0426050000000004e-05 2.2030500000000002e-05 -2.9572349999999997e-06 0.038572205000000005 1.1930415000000001e-05 0.05354207499999996 0.0036992614833332503 1.7116492139529846e-05 1.3259972063834971e-05 -1.2354066333333331e-05 0.10723175000000001 -2.7989406666666659e-05 -1.9553453941666663e-05 1.8219999999999805e-08
decision_type=8 8 10 8 10 10 8 10 8 10 10 10 8 10 10 10 8 8 10 10 10 10 10 10 8 10 10 10 10 10
left_child=1 5 -3 4 -2 18 11 8 16 29 -9 12 13 28 -15 -7 -8 -6 21 20 24 22 -1 -23 -20 -22 -21 -28 -4 -10
right_child=3 2 6 -5 17 15 7 10 9 -11 -12 -13 -14 14 -16 -17 -18 -19 19 26 25 23 -24 -25 -26 -27 27 -29 -30 -31
leaf_value=0.10885812069880803 -0.043525010423436213 -0.050216276450167546 -0.064360223710658623 -0.057327088711206876 0.098803553702031532 -0.041487686252040974 -0.015564843395857141 -0.021224957904202257 0.061980202447485346 -0.03114380584282847 0.019855662309283987 0.1147692930555898 0.087378287283215839 -0.0021730394095359155 0.066878898614971982 -0.010364411009639869 0.076249741682049454 -0.016935536438527833 0.072208086245025851 0.047513800999119248 -0.032916226748160547 0.094934842340186468 -0.030036062140804665 0.0017409333201949225 -0.01885109961998576 0.080306530106347307 0.14754245367477353 -0.045530449447921284 0.068222179669685967 0.02618551693959132
leaf_weight=150.41652183234692 224.29519200325012 293.13519670069218 28.899479120969772 1812.4918756335974 141.89240954816341 732.92233908176422 382.65618088841438 587.92088125646114 974.88915947079659 105.35279473662376 855.70188955962658 116.3748662173748 231.49019809067249 563.97555857896805 158.48552992939949 2113.2924167960882 73.755478054285049 48.940324768424034 81.348063081502914 72.660856604576111 52.3132164478302 92.795920997858047 57.456693783402443 1107.6293892264366 561.51611311733723 198.13256748020649 14.170135676860808 586.92335698008537 511.20998342335224 595.66997873783112
leaf_count=632 1047 1392 126 8743 591 3368 1660 2605 4123 460 3744 474 957 2409 656 9560 312 205 349 309 229 391 249 4928 2486 851 64 2653 2162 2520
internal_value=-6.86671e-05 0.00880868 0.0252164 -0.045105 0.00825816 -0.00663493 0.0294798 0.0215105 0.0339576 0.0434036 0.00312542 0.0471755 0.0419105 0.0335741 0.0129748 -0.0183789 -0.000727736 0.0691215 0.00459929 -0.00746722 0.0106102 0.0180261 0.0704674 0.00894506 -0.00732847 0.0566565 -0.0314355 -0.040979 0.0611281 0.0484043
internal_weight=13528.7 11301.1 5479.52 2227.62 415.128 5821.58 5186.38 3575.95 2132.32 1675.91 1443.62 1610.44 1494.06 1262.57 722.461 2846.21 456.412 190.833 2975.36 1567.06 893.31 1408.3 207.873 1200.43 642.864 250.446 673.754 601.093 540.109 1570.56
internal_count=60255 49669 23600 10586 1843 26069 22208 15424 9075 7103 6349 6784 6310 5353 3065 12928 1972 796 13141 6941 3915 6200 881 5319 2835 1080 3026 2717 2288 6643
is_linear=0
shrinkage=0.05


Tree=5
num_leaves=31
num_cat=0
split_feature=48 58 16 28 20 23 41 29 23 12 48 41 6 28 1 53 29 48 56 23 23 53 29 56 5 16 10 29 16 41
split_gain=1987.95 975.554 631.233 543.792 486.368 266.846 346.972 381.227 243.194 336.623 279.137 364.487 340.858 372.808 242.962 238.866 208.396 206.018 251.046 215.222 199.718 192.804 234.178 192.037 188.811 243.716 201.881 176.711 191.307 174.973
threshold=1.2124300000000001 0.17528535000000003 -3.2396719999999996e-05 1.0000000180025095e-35 3.0072349097092667e-05 3.3180401058779507e-05 0.039963236249999957 0.048756420833333307 3.2040473932737454e-05 -2.1214599999999995e-05 0.052423050000000006 0.0025708724999999504 -1.7229199999999998e-05 0.20906732999999997 1.6948400000000005e-05 0.0073001214166666514 0.77663270833333342 0.68172350000000004 0.47619450000000008 3.8234987526942442e-05 2.8319617058115888e-05 0.73886496500000021 0.60090337500000013 0.55829050000000013 -1.1853380116666665e-05 1.1530575000000003e-05 1.5368805000000005e-05 0.22841659583333332 8.3038080000000002e-06 0.93141216666666682
decision_type=8 8 10 8 10 10 10 10 10 10 10 10 10 8 10 10 10 10 10 10 10 10 10 8 10 10 10 8 10 8
left_child=1 5 -3 4 -2 6 24 20 9 -4 11 -11 -12 -14 -13 -7 17 18 19 -10 -8 -9 -23 -18 26 -26 -1 28 -21 -19
right_child=3 2 8 -5 -6 15 7 21 16 10 12 14 13 -15 -16 -17 23 29 -20 27 -22 22 -24 -25 25 -27 -28 -29 -30 -31
leaf_value=-0.030294347721084233 -0.039172010901717694 -0.048788397112198623 0.11218265900906793 -0.055832828863720652 0.070371316096071071 -0.042063153867040112 0.10721335140076349 -0.026525129433590269 -0.011356085082102649 0.0050989779918756998 0.073699686230252304 0.08258157638124447 0.0585549033668884 -0.012868282128811363 0.022032900057020331 -0.0085918424900123247 -0.058081856659231094 0.071295173221508176 0.084735394112121804 0.011512712633087521 -0.0072610000141635368 0.11026484834786127 -0.041482400163882487 0.0065786634010767996 0.021185844706009444 0.085316401448647827 0.10782437414683457 0.005453449340501933 0.078077422145807318 -0.069504626269093497
leaf_weight=244.31994087994099 236.05979478359222 288.09384161233902 145.33484046161175 1769.0588686615229 177.53683926165104 715.50914159417152 94.3886429220438 1237.9920490086079 582.67255280911922 319.22297695279121 216.65007400512695 662.39827343821526 241.32776780426502 752.09905423223972 220.94183985888958 2089.9737633317709 139.82647036015987 310.67170329391956 130.01978467404842 186.20412544906139 63.892767876386642 58.666013091802597 44.868728116154671 642.26087665557861 987.98319809138775 174.28073862195015 29.66917496919632 443.52772453427315 256.80954965949059 23.752080738544464
leaf_count=1070 1112 1396 600 8743 731 3329 389 5638 2516 1361 917 2754 1008 3255 930 9475 619 1311 540 795 273 245 203 2791 4282 734 130 1946 1061 101
internal_value=-7.95677e-05 0.0083561 0.0232805 -0.0437655 0.00784959 -0.00610116 0.00443562 -0.0123846 0.0272175 0.0382808 0.0338291 0.0508893 0.0168747 0.00448216 0.0674371 -0.0171284 0.016797 0.0256056 0.0181424 0.0122491 0.061004 -0.0210435 0.0445023 -0.00498175 0.0220002 0.0308022 -0.015338 0.0277635 0.0500995 0.061295
internal_weight=13486 11303.4 5561.81 2182.66 413.597 5741.54 2936.06 1499.81 5273.72 2557.97 2412.64 1202.56 1210.08 993.427 883.34 2805.48 2715.74 1933.66 1599.23 1469.21 158.281 1341.53 103.535 782.087 1436.25 1162.26 273.989 886.541 443.014 334.424
internal_count=60255 49669 23901 10586 1843 25768 12964 6748 22505 10825 10225 5045 5180 4263 3684 12804 11680 8270 6858 6318 662 6086 448 3410 6216 5016 1200 3802 1856 1412
is_linear=0
shrinkage=0.05


Tree=6
num_leaves=31
num_cat=0
split_feature=48 58 17 28 18 18 23 41 29 17 53 53 17 17 54 28 48 41 54 22 14 10 17 17 12 23 17 12 29 22
split_gain=1827.84 877.219 650.082 509.287 439.978 242.956 242.325 314.302 321.241 249.833 233.415 221.493 259.206 201.804 243.77 201.707 347.575 405.512 331.413 249.476 236.201 216.728 201.09 195.739 184.955 211.079 179.891 301.507 241.247 238.593
threshold=1.2124300000000001 0.17528535000000003 -3.1278539999999991e-05 1.0000000180025095e-35 3.0173112707059377e-05 6.5394052892645128e-06 3.3180401058779507e-05 0.033234159583333304 0.048756420833333307 1.2597066500000002e-05 0.012184601145833302 0.0073001214166666514 -3.4116009166666663e-05 -3.0066017222222221e-05 0.78490250000000017 0.20310550000000008 0.041662550000000007 0.0025708724999999504 0.44375950000000003 3.2486470028810002e-05 9.1245300000000009e-06 -1.7142289999999996e-05 3.9243269166666679e-06 3.8802137499999998e-05 -5.0693449999999997e-06 2.3398562627001891e-05 2.6020862416666682e-07 -9.866139999999998e-06 0.00091475083333330002 3.4047808059454758e-05
decision_type=8 8 10 8 10 10 10 10 10 10 10 10 10 8 8 8 10 8 10 10 10 10 8 10 10 10 10 10 10 10
left_child=1 6 -3 4 22 -4 7 9 -9 24 -11 -8 -13 14 -5 26 17 18 -17 -19 21 -18 -2 -22 25 -1 27 -7 29 -28
right_child=3 2 5 13 -6 15 11 8 -10 10 -12 12 -14 -15 -16 16 20 19 -20 -21 23 -23 -24 -25 -26 -27 28 -29 -30 -31
leaf_value=0.070890292961201889 0.11675903311745675 -0.049400570153580417 0.10589885653855605 0.11784455161346048 0.066460260237205929 0.044469606746128335 -0.040623945384544759 0.05554988486238608 -0.01885325159147605 -0.049931724537064383 0.10566336511974168 0.098044326766896131 -0.01111424045136061 -0.05847225119041638 -0.04844438708297432 -0.020269322317446006 0.051292404593090528 0.069860674247047422 0.1231240598778563 0.022633232495501976 -0.022815533421653503 0.0047749492938192299 -0.051778712163928924 0.094587170837350285 -0.0042866270218504567 0.0082873951072856226 -0.071630575895292578 -0.031315475462145678 0.065644905019976135 0.040724137503795721
leaf_weight=235.19931687414646 19.297349989414215 301.2222057133913 93.736723870038986 36.567046523094177 178.83092957735062 365.22226077318192 704.10858088731766 161.85588066279888 1399.151455745101 29.151820808649063 139.18037676811218 55.88245464861393 2027.9534532427788 1633.5156012028456 55.472671017050743 391.92301660776138 349.50674293935299 698.78715474903584 44.912604808807373 466.17122960090637 742.21487110853195 882.97431136667728 213.61540842056274 37.286193370819092 654.01221407949924 314.94751952588558 67.758033514022827 204.85510243475437 774.99075447022915 156.12760090827942
leaf_count=974 89 1482 379 158 734 1539 3329 672 6382 128 573 234 9241 8302 283 1693 1478 2888 188 2009 3321 3774 1020 160 2862 1373 302 875 3165 648
internal_value=-8.8947e-05 0.00793165 0.0220417 -0.042491 0.00747445 0.0261201 -0.00582384 0.00420765 -0.0111386 0.0216618 0.0787174 -0.016379 -0.00818692 -0.0544135 0.0176216 0.0246772 0.0181778 0.0355567 -0.00552654 0.0509621 0.00434197 0.0179664 -0.037815 -0.0171998 0.0136858 0.0350514 0.0396474 0.0172365 0.0524377 0.00672046
internal_weight=13436.4 11299.1 5577.69 2137.3 411.744 5276.47 5721.44 2933.5 1561.01 1372.49 168.332 2787.94 2083.84 1725.56 92.0397 5182.73 3613.78 1601.79 436.836 1164.96 2011.98 1232.48 232.913 779.501 1204.16 550.147 1568.95 570.077 998.876 223.886
internal_count=60255 49669 23901 10586 1843 22419 25768 12964 7054 5910 701 12804 9475 8743 441 22040 15511 6778 1881 4897 8733 5252 1109 3481 5209 2347 6529 2414 4115 950
is_linear=0
shrinkage=0.05


Tree=7
num_leaves=31
num_cat=0
split_feature=51 59 17 29 5 18 29 13 53 23 49 17 13 0 29 23 59 10 53 19 53 40 23 59 49 17 13 17 5 17
split_gain=1679.88 877.431 541.342 390.744 319.565 291.66 273.93 338.617 270.024 252.304 224.569 204.287 446.217 329.49 262.762 201.643 198.727 263.222 172.768 155.878 155.837 149.54 229.218 246.885 196.4 166.615 405.178 204.154 161.299 265.029
threshold=0.073266999999999916 0.40650306666666675 -3.1278539999999991e-05 1.0000000180025095e-35 -2.4789059166666662e-05 1.4478483090545412e-05 0.92191729166666669 2.724465000000001e-07 0.0073001214166666514 4.5594520628731855e-05 0.18239100000000003 3.6540574166666678e-05 2.8460550000000003e-05 3.1519550000000012e-05 0.075296756547619012 3.6287311056148842e-05 0.027305063125000004 2.7064210000000002e-05 0.59874529874213855 6.5380227755104695e-06 1.0333186000000001 0.0025708355000000007 2.1086091309981106e-05 0.59811730833333343 0.022842600000000001 -2.8446458249999999e-06 -6.1297049999999994e-06 2.6621138690476192e-05 -2.0216682101063827e-05 2.5827678333333336e-05
decision_type=8 8 10 8 8 10 10 10 10 10 10 10 10 10 10 10 10 8 10 10 10 10 10 8 10 10 10 10 10 10
left_child=1 6 -3 5 -5 -2 7 9 -9 -1 -10 12 13 19 15 -14 -6 -18 -12 -4 -8 22 23 -21 25 26 -23 -27 29 -24
right_child=3 2 11 4 16 -7 20 8 10 -11 18 -13 14 -15 -16 -17 17 -19 -20 21 -22 24 28 -25 -26 27 -28 -29 -30 -31
leaf_value=0.018393171618107398 -0.067691802108484134 -0.046010895062327507 0.10065354360549542 0.034565095237975761 -0.058552486884770577 0.036133962488599805 -0.027309027021272626 -0.041642941239504266 0.015300370249632104 -0.041012889123438069 -0.032896090412733676 0.07688442905501025 -0.068156547740011841 -0.018323650914338026 -0.047129127412736872 0.087533239766099349 -0.058700604779121118 0.12484702950226075 0.0089515705664706072 0.11293882906790527 0.095430336022215401 0.055078574519779037 -0.029568595600168154 -0.057538675134781447 0.027630927326365545 0.082099322833461746 -0.076908287113787277 -0.048800583328156927 0.038021061537728794 0.12504216573912136
leaf_weight=2333.6267781406641 92.308854758739471 261.85892589390278 88.499280616641045 106.18999063968658 1638.3442845195532 253.11052033305168 1279.5523788481951 589.05584390461445 904.63512152433395 193.55631083250046 712.15535308420658 203.51970763504505 28.688307866454124 313.55663271248341 307.60955569148064 75.606929287314415 44.122289568185806 35.048774525523186 377.31232154369354 24.750182911753654 26.394309744238853 366.1686710268259 203.52048088610172 149.63114349544048 1195.9682118743658 550.51933692395687 69.123128697276115 31.490230709314346 888.5547811537981 32.087443962693214
leaf_count=10341 448 1314 356 516 8549 1095 5845 2725 4047 892 3227 840 130 1346 1359 309 217 146 1660 105 122 1511 876 637 5065 2261 292 136 3753 135
internal_value=-9.75616e-05 0.00769761 0.0238876 -0.0403737 -0.0496094 0.00838787 -0.00439169 0.000830892 -0.0118995 0.0138433 -0.00311335 0.0279287 0.0256254 0.030835 -0.0238758 0.0447079 -0.0548137 0.0225553 -0.0184031 0.0351164 -0.0248284 0.0334648 0.0199947 -0.0333426 0.0413678 0.0575173 0.0341194 0.0750168 0.0282684 -0.00851216
internal_weight=13376.6 11207.4 4791.15 2169.12 1823.71 345.419 6416.29 5110.34 2583.16 2527.18 1994.1 4529.29 4325.77 3913.87 411.905 104.295 1717.52 79.1711 1089.47 3600.31 1305.95 3511.81 1298.54 174.381 2213.27 1017.3 435.292 582.01 1124.16 235.608
internal_count=60255 49284 20425 10971 9428 1543 28859 22892 11659 11233 8934 19111 18271 16473 1798 439 8912 363 4887 15127 5967 14771 5506 742 9265 4200 1803 2397 4764 1011
is_linear=0
shrinkage=0.05


Tree=8
num_leaves=31
num_cat=0
split_feature=51 59 28 16 23 23 29 12 41 23 53 49 29 5 59 11 18 53 5 5 23 2 53 41 49 28 29 59 23 56
split_gain=1546.07 789.893 432.033 415.595 387.934 269.663 251.66 278.91 232.819 217.063 214.138 211.807 192.584 182.586 188.952 234.738 179.991 174.732 170.502 164.128 254.342 159.834 151.528 144.697 270.702 322.313 194.435 191.949 174.323 171.553
threshold=0.073266999999999916 0.40650306666666675 1.0000000180025095e-35 -3.2396719999999996e-05 2.9747139582539254e-05 1.596241054701658e-05 0.92191729166666669 1.0000000180025095e-35 0.041120812499999958 4.5594520628731855e-05 0.0073001214166666514 0.18239100000000003 1.1739122727272731 -2.4789059166666662e-05 0.027305063125000004 2.753733931782946e-05 6.5394052892645128e-06 0.59874529874213855 3.9674867500000003e-05 3.019974166666667e-05 5.0404861751585367e-05 2.2030500000000002e-05 1.0333186000000001 0.0023566224999999508 0.0094050850000000023 0.09757587500000002 0.033411158333333309 0.64081950833333357 1.9049496139144982e-05 0.98555250000000016
decision_type=8 8 8 10 10 10 10 10 8 10 10 10 10 8 10 8 10 10 10 10 10 8 10 8 10 8 10 8 10 8
left_child=1 5 4 -3 -2 -1 7 9 12 -7 -9 -12 -8 -4 -15 -16 -5 -13 22 23 -21 -6 -10 -18 -25 26 28 -27 -26 -29
right_child=2 3 13 16 21 6 8 10 18 -11 11 17 -14 14 15 -17 19 -19 -20 20 -22 -23 -24 24 25 27 -28 29 -30 -31
leaf_value=0.055614540481884925 -0.03967227837908055 -0.042020129918147485 0.019892571796748106 0.095826548209180198 0.08413316694412204 0.015679886567701497 -0.0078572730489621431 -0.039220246944249672 -0.051137826847566625 -0.039871937523181467 0.013437827143418055 -0.034336145682273632 0.12628814647202266 -0.057898748480113407 -0.057265914661246226 0.11606682783056349 0.0096577327883067832 0.0079900130676436466 0.17075700068874125 -0.035030658960910031 0.061627227611740915 -0.019755223396964783 0.078062792720783203 0.049991123503401069 -0.073106110383404893 0.061225314848366574 0.10129697132752809 -0.054965958682621163 0.047563665526863058 0.0087453104603992492
leaf_weight=183.12263689935207 213.50870983302593 236.24127419292927 88.003435522317886 90.439800962805748 146.03394660353661 2225.4221708774567 504.43322145938873 576.85707740485668 697.36952754855156 190.93109224736691 891.58814072608948 697.59374451637268 28.253847360610962 1546.758072167635 42.995060697197914 35.793962508440018 903.69731287658215 374.86176012456417 9.108419403433798 249.40203806757927 93.601111233234406 49.59769544005394 23.456937357783318 1294.0764080733061 34.253049924969673 159.73217317461967 163.9485826343298 115.66893035173416 237.10741186141968 1220.8771096616983
leaf_count=774 1050 1214 435 364 592 9837 2261 2708 3295 893 3973 3198 125 8323 217 146 3836 1646 44 1096 388 208 105 5336 151 682 661 496 979 5222
internal_value=-0.000105906 0.00730805 -0.0392315 0.0226443 0.00693187 -0.00418648 -0.00594711 -0.000871334 -0.0258754 0.0112904 -0.0124369 -0.00457043 -0.000742168 -0.0502538 -0.0540514 0.0214794 0.0259924 -0.0195416 -0.044217 0.0245802 -0.00865398 0.0577948 -0.0469334 0.0273408 0.0322948 0.0204391 0.0583059 0.00942254 0.0323319 0.00323154
internal_weight=13324.7 11202 2122.69 4799.05 409.14 6403 6219.88 4957.25 1262.62 2416.35 2540.9 1964.04 532.687 1713.55 1625.55 78.789 4562.8 1072.46 729.935 4472.36 343.003 195.632 720.826 4129.36 3225.66 1931.59 435.309 1496.28 271.36 1336.55
internal_count=60255 49284 10971 20425 1850 28859 28085 22255 5830 10730 11525 8817 2386 9121 8686 363 19211 4844 3444 18847 1484 800 3400 17363 13527 8191 1791 6400 1130 5718
is_linear=0
shrinkage=0.05


Tree=9
num_leaves=31
num_cat=0
split_feature=48 59 17 28 23 23 41 29 59 16 17 28 13 17 23 3 17 59 17 5 3 5 59 23 41 23 23 48 17 17
split_gain=1433.63 701.544 514.081 426.737 354.387 211.973 242.535 278.162 249.578 474.757 203.145 193.42 254.17 225.098 192.42 191.589 199.605 189.461 187.982 180.734 179.571 180.242 173.71 173.014 188.537 171.743 209.113 207.997 169.624 169.339
threshold=1.2124300000000001 0.18525694825581399 -3.1278539999999991e-05 1.0000000180025095e-35 2.9747139582539254e-05 3.3180401058779507e-05 0.033234159583333304 0.19478855416666663 0.0049011888655461503 -1.0000000180025095e-35 1.2597066500000002e-05 0.20310550000000008 8.4724200000000018e-06 -2.4565234999999996e-05 3.6287311056148842e-05 -1.3707999999999998e-07 1.6691314552845532e-05 0.32878061666666669 -3.4116009166666663e-05 -1.5316291575471697e-05 2.6514999999999869e-07 3.3537049166666677e-05 0.0039191101666666509 1.7359425709094933e-05 1.0000000180025095e-35 4.805574619918097e-05 2.9416771806931321e-05 0.59146750000000015 8.397276524166669e-06 -3.0066017222222221e-05
decision_type=8 8 10 8 10 10 8 10 10 10 10 8 10 10 10 10 10 10 10 10 10 10 10 10 10 8 10 10 8 8
left_child=1 5 -3 4 28 6 10 8 9 -8 23 17 13 14 -13 -14 -17 25 22 -12 21 -15 -7 24 -1 26 -4 -28 -2 -5
right_child=3 2 11 29 -6 18 7 -9 -10 -11 19 12 15 20 -16 16 -18 -19 -20 -21 -22 -23 -24 -25 -26 -27 27 -29 -30 -31
leaf_value=0.1036020067013334 0.10121736680833933 -0.04589890214098255 0.047836684880708025 0.015882568261638128 0.055175077535750683 -0.070126278708667666 0.097123575079725091 -0.020790814766817045 -0.019891596022785937 -0.017660926520385492 -0.05413789903317761 0.082411695650352404 -0.021667392333407483 0.045992760132865879 -0.072734251935195435 -0.013409064020992482 0.035342030296529756 0.092146681926554869 -0.017449722000014514 0.095339876382240729 0.011166744341043443 -0.047612952064061444 0.11406798975727649 0.0048920916740584396 -0.02957699736917338 0.071633060799605686 -0.0076761543249382171 0.057820522597311109 -0.052992353536936959 -0.054783407260087069
leaf_weight=95.373133584856987 19.683528706431389 284.98890446126461 551.29573434591293 89.843904137611389 195.18304143846035 17.18114846944809 204.12994736433029 1243.6682629585266 231.43508234620094 161.23865719139576 23.644352376461029 25.437546104192734 585.52902241051197 1276.1673687696457 93.241021364927292 355.98000556230545 511.87366709113121 143.79617837071419 2703.0875910520554 139.71634539961815 716.28939439356327 53.58629497885704 50.197927594184875 826.72184127569199 36.839423447847366 231.39350412786007 550.61312590539455 155.43383528292179 189.58822306990623 1503.1733038723469
leaf_count=394 91 1488 2269 441 796 85 846 5742 1020 704 105 108 2605 5285 408 1542 2202 582 12639 570 2993 237 204 3605 155 935 2320 626 956 8302
internal_value=-0.00011275 0.00680738 0.0195036 -0.0391531 0.00671232 -0.00545123 0.00384568 -0.00732545 0.0207348 0.0464687 0.0221654 0.0230534 0.0166072 0.027466 -0.0394803 0.000433753 0.0153451 0.0373399 -0.0153934 0.0737049 0.0313491 0.0422206 0.0670999 0.0133853 0.0664933 0.0320461 0.0247608 0.00674272 -0.0384878 -0.0507979
internal_weight=13266.3 11268.9 5535.63 1997.47 404.455 5733.23 2962.77 1840.47 596.804 365.369 1122.3 5250.64 3618.1 2164.72 118.679 1453.38 867.854 1632.53 2770.47 163.361 2046.04 1329.75 67.3791 958.934 132.213 1488.74 1257.34 706.047 209.272 1593.02
internal_count=60255 49669 23600 10586 1843 26069 13141 8312 2570 1550 4829 22112 15380 9031 516 6349 3744 6732 12928 675 8515 5522 289 4154 549 6150 5215 2946 1047 8743
is_linear=0
shrinkage=0.05


Tree=10
num_leaves=31
num_cat=0
split_feature=48 59 17 29 5 20 23 13 29 41 4 52 59 22 41 17 29 9 54 23 41 29 59 12 29 53 17 40 17 49
split_gain=1322.07 637.023 455.629 337.759 276.901 249.368 187.867 233.949 219.619 234.226 206.03 202.957 223.192 205.686 182.548 176.674 610.346 299.262 193.948 164.202 214.11 267.782 278.891 407.623 193.813 159.989 194.513 368.603 214.525 159.656
threshold=1.2124300000000001 0.10556250724999997 -3.1278539999999991e-05 1.0000000180025095e-35 -2.4789059166666662e-05 1.4426817432924489e-05 3.2040473932737454e-05 -2.0835149999999997e-05 0.59071608333333347 0.084085734833333314 1.8613610000000005e-05 0.69410956428571435 0.4445545583333334 3.8921588704142383e-05 0.93141216666666682 -3.0066017222222221e-05 1.0000000180025095e-35 9.5699999999999969e-07 0.78490250000000017 3.2785696804791708e-05 0.034162072083333307 0.19478855416666663 0.0049011888655461503 5.2153100000000012e-07 0.030887716666666603 0.0073001214166666514 3.5850244166666673e-05 0.011569016999999951 -3.4116009166666663e-05 0.084746000000000016
decision_type=8 8 10 8 8 10 10 8 10 10 10 10 10 10 8 10 10 8 8 10 8 10 10 10 8 10 10 8 10 10
left_child=1 19 -3 5 -5 -2 7 -4 11 -10 29 12 13 -8 -13 16 17 -6 -19 20 -1 22 23 -22 -21 -26 28 -28 -27 -9
right_child=3 2 6 4 15 -7 8 10 9 -11 -12 14 -14 -15 -16 -17 -18 18 -20 24 21 -23 -24 -25 25 26 27 -29 -30 -31
leaf_value=0.020332982330979171 -0.065325700103895726 -0.044618182432282077 0.087074397589573888 0.041741736766157916 0.17047056351048095 0.032697250178927002 -0.012745545972109383 0.045049054037423798 0.013880054524571412 -0.031943022565481281 -0.0082186541093983729 0.077391210328160875 0.075488699330576253 0.026650757521537533 -0.069908921577603034 -0.063349822170157902 -0.064618627437142237 0.098867368462911276 -0.04842183581014034 -0.059491691485108779 0.086724176023021127 -0.022489767712248462 -0.028692548542121221 -0.024445532441312486 -0.03403160063493909 0.087007159253413041 -0.072912638046317743 0.10812485990662074 -0.011529901345681697 0.017959840613285465
leaf_weight=1044.8977926373482 87.54323998093605 278.67283895611763 170.24427770078182 82.244344517588615 43.50969871878624 250.64863446354866 577.56422862410545 1160.184152469039 680.05820249021053 472.72424086928368 365.32148768007755 234.46917228400707 143.21566042304039 777.05320900678635 23.106240898370743 1083.5008933246136 311.31737203896046 37.6777473539114 54.941194415092468 223.49314248561859 226.66555504500866 1123.4878367781639 190.27677032351494 129.60408997535706 566.80111029744148 57.156414553523064 40.030863657593727 94.468825504183769 1643.5555548816919 1023.978095009923
leaf_count=4487 450 1488 693 400 236 1087 2475 4775 2941 2085 1541 959 586 3299 99 6179 1779 153 302 1051 931 5233 847 573 2806 234 186 439 7602 4339
internal_value=-0.00011753 0.00647404 0.0177889 -0.0381088 -0.0476333 0.00732335 0.020879 0.0303255 0.0120447 -0.00491072 0.0265361 0.0231794 0.0161292 0.00985347 0.0641774 -0.0524346 -0.0260032 0.0623077 0.011496 -0.00604032 0.00258147 -0.00852519 0.0201806 0.0462828 -0.0149558 -0.010812 -0.00364064 0.054243 -0.00821833 0.0323491
internal_weight=13198.4 11247 5906.59 1951.38 1613.19 338.192 5627.92 2719.73 2908.19 1152.78 2549.48 1755.41 1497.83 1354.62 257.575 1530.95 447.446 136.129 92.6189 5340.44 2714.93 1670.03 546.546 356.27 2625.51 2402.01 1835.21 134.5 1700.71 2184.16
internal_count=60255 49669 25280 10586 9049 1537 23792 11348 12444 5026 10655 7418 6360 5774 1058 8649 2470 691 455 24389 12071 7584 2351 1504 12318 11267 8461 625 7836 9114
is_linear=0
shrinkage=0.05


Tree=11
num_leaves=31
num_cat=0
split_feature=48 59 17 28 19 23 29 12 41 23 29 17 12 4 29 23 17 5 17 5 54 1 17 14 10 54 41 17 54 48
split_gain=1220.91 578.719 433.155 381.485 310.54 220.422 219.016 238.437 205.66 190.368 173.95 173.206 386.805 295.352 232.523 174.773 154.742 152.408 150.576 153.756 152.802 142.975 134.504 133.234 132.086 129.45 124.661 239.575 254.526 268.185
threshold=1.2124300000000001 0.40650306666666675 -3.1278539999999991e-05 1.0000000180025095e-35 3.0163293472346524e-05 1.596241054701658e-05 0.92191729166666669 1.0000000180025095e-35 0.041120812499999958 4.5594520628731855e-05 1.1739122727272731 3.6540574166666678e-05 2.8459750000000001e-05 3.1506470000000005e-05 0.075296756547619012 3.6287311056148842e-05 4.9267166715909103e-06 3.9674867500000003e-05 -3.0066017222222221e-05 -2.4789059166666662e-05 0.78490250000000017 3.1926400000000007e-05 -3.2860410833333323e-05 2.6991600000000004e-05 4.1491870000000006e-05 0.30179450000000002 0.0025708724999999504 2.5071716666666669e-05 0.42918200000000006 0.065882300000000019
decision_type=8 8 10 8 10 10 10 10 8 10 10 10 10 10 10 10 8 10 8 8 8 10 10 10 10 10 8 10 10 10
left_child=1 5 -3 4 16 -1 7 9 10 24 -8 12 13 26 15 -14 -2 22 20 -20 -5 -16 -10 -18 -7 -13 27 28 29 -4
right_child=3 2 11 18 -6 6 8 -9 17 -11 -12 25 14 -15 21 -17 23 -19 19 -21 -22 -23 -24 -25 -26 -27 -28 -29 -30 -31
leaf_value=0.049830439372237648 0.094057095211193403 -0.042798456161314891 -0.032078978435455485 0.088571708199026683 0.054900146400381544 0.013415133389371656 -0.0075563468080271342 -0.011398552677512634 0.1039212046480132 -0.037632590396920296 0.11834602070458472 0.078015027358572686 -0.066250509201786795 -0.021872915698752916 -0.055901462537571001 0.077487477446488887 -0.056720113336573855 0.15640315448917086 0.023872174975395784 -0.056157094913297269 -0.043245754669743515 0.091502846602645016 -0.047801028761761261 0.13863253912104231 0.13668226418174945 -0.082073215386765375 0.034349007435282429 0.10443025996706581 0.098201763015299662 0.030944738638089504
leaf_weight=186.37926143407822 21.359774470329285 266.47553516924381 389.09724895656109 39.020106106996536 180.40388830006123 2213.4641665220261 504.4109992980957 2526.5749383717775 14.927048385143278 189.00735892355442 29.012407973408699 192.896409496665 29.091254651546478 304.24057959020138 288.9703685939312 77.452659323811531 187.6821463406086 9.5645064711570722 62.799841731786728 1354.4695112109184 50.357610434293747 17.443613082170486 682.33849270641804 9.1537399739027006 21.947605088353157 13.512238904833792 2841.6956411898136 64.824196174740791 65.798086687922478 298.13391789793968
leaf_count=779 93 1458 1649 158 733 9789 2267 11608 60 910 125 788 133 1315 1288 313 976 44 314 7988 283 76 3343 41 100 57 11785 271 268 1243
internal_value=-0.00012531 0.00615494 0.0191729 -0.0371336 0.00636451 -0.00374408 -0.00535687 -0.000650045 -0.0241461 0.0105514 -0.000708633 0.022776 0.0206652 0.0254629 -0.0253862 0.0382406 -0.0337647 -0.0418337 -0.0486415 -0.052611 0.0143025 -0.04751 -0.044553 -0.0476354 0.0146254 0.0675351 0.0293983 0.0121965 0.00425657 -0.00473809
internal_weight=13132.5 11227.3 4849.63 1905.25 398.6 6377.63 6191.25 4950.99 1240.25 2424.42 533.423 4583.16 4376.75 3963.79 412.958 106.544 218.196 706.83 1506.65 1417.27 89.3777 306.414 697.266 196.836 2235.41 206.409 3659.55 817.853 753.029 687.231
internal_count=60255 49669 20644 10586 1843 29025 28246 22407 5839 10799 2392 19186 18341 16531 1810 446 1110 3447 8743 8302 441 1364 3403 1017 9889 845 15216 3431 3160 2892
is_linear=0
shrinkage=0.05


Tree=12
num_leaves=31
num_cat=0
split_feature=48 58 17 28 23 41 23 29 17 3 3 53 22 22 17 28 9 58 17 14 28 48 41 55 20 14 8 41 11 58
split_gain=1128.17 487.451 379.728 358.542 286.824 171.986 389.888 257.738 269.31 254.616 384.205 224.445 311.142 158.523 148.97 560.831 249.658 151.266 141.835 143.676 133.484 268.233 304.81 263.857 193.798 171.105 196.942 176.717 163.491 158.453
threshold=1.2124300000000001 0.17528535000000003 -3.1278539999999991e-05 1.0000000180025095e-35 2.9747139582539254e-05 0.039963236249999957 4.2745558077413551e-05 0.66210800000000014 -3.2860410833333323e-05 1.8219999999999805e-08 -1.0000000180025095e-35 0.49384358333333339 3.7727375563418119e-05 7.1057299187129213e-06 -3.0066017222222221e-05 1.0000000180025095e-35 9.5699999999999969e-07 0.75875810000000021 9.0559292250000013e-06 2.6991600000000004e-05 0.20310550000000008 0.041662550000000007 0.0025708724999999504 0.44668700000000006 3.2582039105098771e-05 9.1245300000000009e-06 -1.7185249999999999e-05 0.0019281404166666004 2.0754225290697679e-05 0.48069341250000003
decision_type=8 8 10 8 10 10 10 8 10 8 10 10 10 10 10 10 8 8 8 10 8 10 8 10 8 10 10 10 10 10
left_child=1 5 -3 4 18 6 9 11 -9 10 -1 -7 -13 -4 15 16 -5 -18 -2 -20 -15 22 23 -22 29 26 -23 -27 -28 -24
right_child=3 2 13 14 -6 7 -8 8 -10 -11 -12 12 -14 20 -16 -17 17 -19 19 -21 21 25 24 -25 -26 27 28 -29 -30 -31
leaf_value=0.011064995141473223 0.079604659715529533 -0.04208941538702566 0.086190345057566883 0.15529498307823508 0.049242284245951409 -0.009576283367816003 -0.034634997696273186 0.10226732997694764 -0.034291903022881293 -0.0068049469243615006 0.072350539691811253 0.076187253785642103 -0.015754491788480832 0.03020297926062215 -0.05769158947641434 -0.063011451493246218 0.088736283753636222 -0.041870725281597077 -0.061969077712203537 0.14133341265638263 -0.021002796786512085 0.041963735083870385 0.065314502450951203 0.10514018871758878 0.016675277534031613 0.016729111311144861 -0.010822928941055309 -0.034158602594887288 0.047302948535504166 -0.016166267543943121
leaf_weight=883.57025620341301 23.407529547810555 265.32908874750137 86.86136694252491 46.062231987714767 194.84001043438911 1415.334378182888 502.52023972570896 37.222330525517464 1201.1709875613451 841.96250021457672 359.89929564297199 201.14249537885189 169.61177599430084 1585.886037260294 1046.5448132753372 279.31889519095421 37.978481322526932 53.256023049354553 167.06323646008968 9.1672807931900007 392.55880185961723 384.10239374637604 641.69145086407661 46.350185081362724 483.84529556334019 252.26546384394169 720.00856612622738 527.03795728087425 145.40528152883053 65.783101454377174
leaf_count=3884 104 1482 359 236 796 6576 2407 150 5841 3721 1549 855 785 6542 6339 1708 153 307 902 41 1694 1591 2598 187 2048 1086 3041 2400 602 271
internal_value=-0.000130341 0.00585035 0.0162912 -0.0362197 0.00608552 -0.00456198 0.00490013 -0.0126584 -0.0301873 0.0144268 0.028803 -0.00050462 0.034126 0.0191964 -0.0476255 -0.0223392 0.0604052 0.0124975 -0.036034 -0.0513935 0.0180869 0.0128356 0.0279378 -0.0076817 0.0410608 0.000700489 0.0121678 -0.0176859 -0.00105672 0.0577382
internal_weight=13067.2 11209.6 5597.12 1857.64 394.478 5612.43 2587.95 3024.48 1238.39 2085.43 1243.47 1786.09 370.754 5331.8 1463.16 416.616 137.297 91.2345 199.638 176.231 5244.93 3659.05 1630.23 438.909 1191.32 2028.82 1249.52 779.303 865.414 707.475
internal_count=60255 49669 23901 10586 1843 25768 11561 14207 5991 9154 5433 8216 1640 22419 8743 2404 696 460 1047 943 22060 15518 6798 1881 4917 8720 5234 3486 3643 2869
is_linear=0
shrinkage=0.05


Tree=13
num_leaves=31
num_cat=0
split_feature=48 55 17 28 14 17 29 12 23 53 18 18 5 17 28 9 55 5 17 6 14 23 29 29 6 23 6 12 0 28
split_gain=1044.01 437.947 340.658 337.46 263.316 206.997 160.667 158.131 298.447 156.061 155.869 149.355 148.609 186.815 501.394 206.388 142.805 138.225 293.572 134.23 127.841 349.486 231.594 140.387 136.575 128.412 124.113 121.11 120.656 117
threshold=1.2124300000000001 0.17929950000000003 -3.1278539999999991e-05 1.0000000180025095e-35 2.6991600000000004e-05 5.5356230250000008e-06 0.92191729166666669 -6.579009999999999e-06 2.3571660255252437e-05 0.99220846666666673 6.5394052892645128e-06 1.0000000180025095e-35 -2.4789059166666662e-05 -3.0066017222222221e-05 1.0000000180025095e-35 9.5699999999999969e-07 0.78490250000000017 3.019974166666667e-05 2.5371029166666669e-05 -2.9822749999999995e-05 2.7652300000000003e-05 4.9435340228080772e-05 0.063345933333333312 1.0621893750000002 1.4735750000000002e-05 3.6287311056148842e-05 1.0000000180025095e-35 -5.4184949999999993e-07 3.1880600000000008e-05 0.14043400000000003
decision_type=8 8 10 8 10 8 10 10 10 10 10 10 8 10 10 8 8 10 10 8 10 10 8 10 10 10 8 10 10 8
left_child=1 6 29 4 5 -2 7 8 -1 -8 -4 -9 -5 14 15 -14 -17 20 27 -7 28 22 25 -24 -25 -22 -11 -19 -12 -3
right_child=3 2 10 12 -6 19 9 11 -10 26 17 -13 13 -15 -16 16 -18 18 -20 -21 21 -23 23 24 -26 -27 -28 -29 -30 -31
leaf_value=0.05915178530562365 0.084226848031700233 0.027902843428781694 0.083331921162854386 0.028508756867462716 0.08316275166767928 0.086298906094292582 -0.024205376438243727 0.11297885436831996 0.0023256814399943179 0.15301157119928677 0.024149727262654016 -0.0078250846346895175 0.13765908742158647 -0.062174455656199702 -0.062090686741998191 0.085303962593250057 -0.043274361811286736 0.0045851474092880023 0.077360172429668805 -0.043775352584303102 -0.063930433166044409 0.056648461810363621 -0.061733443443778679 -0.028629677062178678 0.13913016104737266 0.061276501011836439 -0.073952960727870276 -0.061446152945589874 -0.017286521804357143 -0.057018636103638033
leaf_weight=285.71588277816772 44.059813842177391 50.330648094415665 90.190032690763474 62.802619263529778 85.833803191781044 21.63183568418026 1104.9472734034061 25.811453029513359 1207.6857848018408 21.989477723836899 4074.0268586426973 2925.7998933494091 49.273498594760895 956.22459784150124 262.49617150425911 36.918608799576759 52.02624636888504 115.16798999905586 72.336070358753204 238.62269312143326 26.178222492337227 182.42546328902245 274.23797945678234 37.645397931337357 17.901055589318275 94.046408668160439 8.2958309799432772 174.89829893410206 183.59989227354527 208.91486363112926
leaf_count=1216 182 282 377 319 350 87 5311 106 5450 100 16995 13478 236 6059 1674 149 306 503 304 1224 122 757 1231 171 78 381 38 787 783 1199
internal_value=-0.00013616 0.00556609 0.015442 -0.0353667 0.00581883 -0.0159965 -0.00434814 -6.05592e-05 0.0131976 -0.0211362 0.0181581 -0.00676867 -0.0466846 -0.0501647 -0.0215059 0.0555704 0.010095 0.017039 -0.0127561 -0.0329638 0.0192471 -0.001729 -0.0253942 -0.0470515 0.0254346 0.0340134 0.0908409 -0.0352291 0.0223629 -0.0405317
internal_weight=12992 11182.1 5601.9 1809.89 390.148 304.314 5580.25 4445.01 1493.4 1135.23 5342.65 2951.61 1419.74 1356.94 400.715 138.218 88.9449 5252.46 362.402 260.255 4890.06 632.435 450.009 329.784 55.5465 120.225 30.2853 290.066 4257.63 259.246
internal_count=60255 49669 23970 10586 1843 1493 25699 20250 6666 5449 22489 13584 8743 8424 2365 691 455 22112 1594 1311 20518 2740 1983 1480 249 503 138 1290 17778 1481
is_linear=0
shrinkage=0.05


Tree=14
num_leaves=31
num_cat=0
split_feature=48 59 28 17 20 14 28 41 22 12 17 48 58 7 12 17 12 1 29 28 17 29 53 54 50 41 57 40 53 7
split_gain=966.996 447.456 318.474 294.921 250.181 170.696 163.632 162.561 178.902 171.227 227.906 208.62 156.19 148.639 156.355 214.423 187.062 178.178 169.035 155.579 375.272 229.891 200.678 203.224 159.488 276.803 217.717 238.643 152 148.883
threshold=1.2124300000000001 0.058718105083333305 1.0000000180025095e-35 -2.7056049166666662e-05 1.4426817432924489e-05 -2.8271599999999999e-05 0.17654775000000003 0.039963236249999957 4.7145699839413393e-05 -6.3641399999999992e-06 -1.5201908499999999e-05 0.049732400000000003 0.006341048000000001 3.2458000000000007e-05 -2.1214599999999995e-05 -1.7564423749999994e-05 -8.9188499999999985e-06 -5.9877999999999988e-06 0.39130175000000006 0.16124650000000004 -1.3241641391666666e-06 0.00091475083333330002 0.20316320974999999 0.50314100000000017 0.025530500000000001 0.00022397382575755002 0.0026488499999999505 1.0000000180025095e-35 0.030569354898373955 7.4865550000000007e-06
decision_type=8 8 8 10 10 8 10 10 10 8 10 10 10 8 10 10 10 10 8 8 10 10 10 10 10 10 8 8 10 10
left_child=1 7 4 5 -2 6 -3 8 9 10 12 -11 -1 14 18 -16 17 -17 29 20 -18 22 23 -22 25 -21 27 -27 -15 -5
right_child=2 3 -4 13 -6 -7 -8 -9 -10 11 -12 -13 -14 28 15 16 19 -19 -20 24 21 -23 -24 -25 -26 26 -28 -29 -30 -31
leaf_value=0.014712216797448014 -0.062723104198922811 0.04971316969089426 -0.045826874433584387 0.1003627186789702 0.029320434536710977 -0.05411636052728333 -0.037389837089155831 -0.014405132171329297 -0.031915660171175232 0.019271770149862144 0.051381671589715162 -0.021688693432657748 -0.07080779544633338 -0.0027338067332289295 -0.026048586817666693 0.00019147316748182187 -0.047732454141303921 0.057540579574406503 0.019129477974128086 -0.016249590917928255 -0.07362258310131406 0.050426557356815949 0.0526403072740168 0.088128221792712833 -0.0036845690015443171 0.10266378257757727 0.051215799710807641 -0.033796305370632072 0.077818563687976169 -0.077622481106876307
leaf_weight=227.5828533321619 99.483668997883797 111.02911660075188 1375.7878062725067 144.70468372106552 286.2455668002367 235.9086332321167 104.82527589797974 2644.9732733666897 303.90019397437572 598.35754428803921 437.50810992717743 646.98383651673794 69.75377781689167 84.509928286075592 327.44231915473938 191.9232519865036 145.82267983257771 460.18576544523239 237.86837583780289 364.50339411199093 111.01038655638695 802.19514659047127 85.482499599456787 23.535879552364349 1782.8235151916742 39.525021910667419 609.89819346368313 169.15827313065529 190.74545216560364 12.787787109613417
leaf_count=1012 570 530 8743 591 1273 1272 529 12556 1478 2698 1854 2880 313 364 1378 811 624 1903 1012 1569 482 3302 355 96 7767 171 2506 752 808 56
internal_value=-0.000140476 0.0052915 -0.0345697 0.0141907 0.00558143 -0.0247172 0.00741337 -0.00596709 0.00380416 0.0092861 0.0284265 -0.00200814 -0.00535038 0.0172295 0.0154379 0.0130956 0.0157737 0.0406621 0.045732 0.0118477 0.0273042 0.0380084 -0.00726665 -0.0453279 0.00576057 0.0199937 0.0361324 -0.0079505 0.0530871 0.085911
internal_weight=12926.5 11164.9 1761.52 6235.89 385.729 451.763 215.854 4929.06 2284.09 1980.19 734.845 1245.34 297.337 5784.12 5508.87 5113.51 4786.06 652.109 395.361 4133.95 1168.05 1022.22 220.029 134.546 2965.91 1183.08 818.581 208.683 275.255 157.492
internal_count=60255 49669 10586 26878 1843 2331 1059 22791 10235 8757 3179 5578 1325 24547 23375 21716 20338 2714 1659 17624 4859 4235 933 578 12765 4998 3429 923 1172 647
is_linear=0
shrinkage=0.05


Tree=15
num_leaves=31
num_cat=0
split_feature=48 59 17 28 23 23 29 12 41 23 29 17 12 4 29 23 17 28 9 41 54 2 17 12 7 11 11 40 54 0
split_gain=891.4 405.951 306.352 299.062 234.818 183.4 175.156 188.929 175.616 159.135 148.761 143.048 308.433 233.582 201.32 154.399 141.512 491.577 168.023 130.224 125.994 125.539 122.307 113.482 189.777 113.047 129.871 153.884 301.921 184.63
threshold=1.2124300000000001 0.40650306666666675 -3.1278539999999991e-05 1.0000000180025095e-35 2.9747139582539254e-05 1.596241054701658e-05 0.92191729166666669 1.0000000180025095e-35 0.041120812499999958 4.5594520628731855e-05 1.1739122727272731 3.6540574166666678e-05 2.8178400000000005e-05 3.1904775000000005e-05 0.075296756547619012 3.6287311056148842e-05 -3.0066017222222221e-05 1.0000000180025095e-35 9.5699999999999969e-07 0.010936541666666603 0.78490250000000017 2.2030500000000002e-05 9.0559292250000013e-06 -3.6008899999999993e-05 -1.2556749999999998e-05 3.9800075000000004e-05 2.0362894431034485e-05 0.012996409500000002 0.32122400000000007 -2.4790649999999996e-05
decision_type=8 8 10 8 10 10 10 10 8 10 10 10 10 10 10 10 10 10 8 10 8 8 8 8 8 10 8 8 10 10
left_child=1 5 23 4 22 -1 7 9 10 -7 -8 12 13 25 15 -14 17 18 -5 -16 -20 -6 -2 24 -3 26 27 28 -4 -29
right_child=3 2 11 16 21 6 8 -9 -10 -11 -12 -13 14 -15 19 -17 -18 -19 20 -21 -22 -23 -24 -25 -26 -27 -28 29 -30 -31
leaf_value=0.045430087802463874 0.071285283333989827 0.1800345716855381 -0.0015027536583783014 0.12838875286626517 0.067563380177136909 0.012976319922749916 -0.0068306048200036497 -0.010272418781383302 -0.038810846319089071 -0.035453426545180168 0.1080166848068439 0.059778005980371821 -0.063008224597477208 -0.022387965829886725 8.9804963042199693e-06 0.069111186347227668 -0.055190211531864236 -0.061012628758532861 0.082878938147463027 -0.068428827269508746 -0.038383762845671736 -0.02542599233963946 -0.049312372081827996 -0.05201745505750436 -0.06059471993137399 -0.084259954972866119 0.051091572967369971 -0.02247145797704888 0.07840789287966099 0.034540745678010944
leaf_weight=187.31233443319798 24.065537124872208 14.879004269838331 1045.2223683595657 51.037227183580399 144.44730500876904 2244.6217415034771 501.03100959956646 2496.3376528173685 674.47939869761467 183.48687072098255 29.877330362796783 204.18494313955307 30.277179136872292 284.14450296759605 106.28337863087654 82.009955480694771 948.82200834155083 251.7675202190876 37.805076062679291 200.88719083368778 49.426056191325188 48.476125136017799 166.34604631364346 211.60066641867161 18.236694723367691 23.66541063785553 432.67349123954773 153.59814801812172 133.27326920628548 1881.6392044126987
leaf_count=779 104 83 4372 236 591 9889 2267 11608 3447 910 125 845 144 1246 475 333 6339 1708 153 930 307 205 943 1265 110 99 1792 641 552 7757
internal_value=-0.000141869 0.00503369 0.0159579 -0.0336191 0.00532014 -0.00330598 -0.00479523 -0.000613619 -0.0218786 0.00931659 -0.000367473 0.0188716 0.0169619 0.0212864 -0.0238056 0.0334864 -0.044768 -0.0194144 0.0563303 -0.0447488 0.0141702 0.0441978 -0.0340704 -0.0385476 0.0475209 0.0246678 0.0253747 0.0219124 0.00753415 0.0302381
internal_weight=12861.9 11139.7 4822.58 1722.19 383.335 6317.15 6129.83 4924.45 1205.39 2428.11 530.908 4577.86 4373.67 3954.22 419.458 112.287 1338.86 390.036 138.268 307.171 87.2311 192.923 190.412 244.716 33.1157 3670.07 3646.41 3213.73 1178.5 2035.24
internal_count=60255 49669 20644 10586 1843 29025 28246 22407 5839 10799 2392 19186 18341 16459 1882 477 8743 2404 696 1405 460 796 1047 1458 193 15213 15114 13322 4924 8398
is_linear=0
shrinkage=0.05


Tree=16
num_leaves=31
num_cat=0
split_feature=48 59 28 17 14 17 23 5 17 28 12 58 29 53 17 12 28 23 29 8 17 29 53 23 53 6 9 17 6 53
split_gain=826.073 374.517 281.944 249.415 219.454 172.149 166.163 151.61 180.854 439.864 148.552 146.779 239.566 212.992 217.481 208.478 209.547 377.684 181.47 170.536 170.4 177.739 162.315 244.449 150.991 144.705 144.548 142.264 140.61 137.544
threshold=1.2124300000000001 0.058718105083333305 1.0000000180025095e-35 -2.7056049166666662e-05 2.6991600000000004e-05 5.5356230250000008e-06 3.8973255279259179e-05 -2.4789059166666662e-05 -3.0066017222222221e-05 1.0000000180025095e-35 -2.8570699999999997e-05 0.0052841815000000012 0.91644129166666677 0.97493850000000004 -3.2860410833333323e-05 2.7347300000000006e-07 0.17654775000000003 4.2745558077413551e-05 0.044687414583333307 1.4334350000000001e-05 -1.6227576499999996e-05 1.1654320833333336 4.4785500000000068e-05 3.1358574321955255e-05 0.77135746122448989 -3.6061399999999993e-05 9.5699999999999969e-07 -1.971772494827586e-05 2.2043150000000003e-05 0.007796180083333301
decision_type=8 8 8 10 10 8 8 8 10 10 10 8 10 10 10 10 10 10 8 10 10 10 10 10 10 8 8 10 10 10
left_child=1 11 4 6 5 -2 10 -4 9 26 -3 12 15 14 -13 16 17 -1 -17 22 -16 -22 23 -18 -24 -8 -9 -21 -14 -20
right_child=2 3 7 -5 -6 -7 25 8 -10 -11 -12 13 28 -15 20 18 19 -19 29 27 21 -23 24 -25 -26 -27 -28 -29 -30 -31
leaf_value=0.070074404646352742 0.075791299177951466 0.10731123237217735 0.03321371959020878 0.015704978627657747 0.076188234496425991 -0.031377264310800859 0.07382130150224761 0.11669192765597701 -0.060328187311089791 -0.060211408135746131 -0.028275511401509301 0.098713750015533161 -0.034959120103946049 0.1106089020371831 -0.0614911307099896 -0.055698724641211506 0.11942282008978289 -0.052790363961415038 -0.029790245216978397 0.06077678617420984 -0.02060971897784063 0.078828998701185357 0.0019827662224117088 -0.037233395021972746 0.086314855136121305 -0.046937668064979572 0.011625367366396022 -0.040859422320298031 0.037264402924534624 0.0098139057673553784
leaf_weight=357.80382105708122 44.087052449584007 41.560597136616707 60.677535191178322 5773.6345205456018 84.372778475284576 249.74855506420135 26.808559417724609 53.282336041331291 862.52020348608494 235.75065833330154 39.308147057890892 36.540248513221741 593.82119637727737 31.085429593920708 258.3928868919611 173.43178249895573 84.026216313242912 75.798451900482178 298.88205604255199 40.228490605950356 1081.7831352204084 46.885536372661591 590.39369916915894 35.390124514698982 58.319982767105103 332.37370362877846 84.892346978187561 238.87006606161594 76.017231464385986 822.61979974806309
leaf_count=1498 182 181 319 24547 350 1311 133 236 6059 1674 171 147 2928 139 1250 828 367 382 1493 184 5031 213 2644 168 250 1846 455 1080 373 3816
internal_value=-0.0001452 0.00478848 -0.0328748 0.0129394 0.00511147 -0.0152977 -0.0233458 -0.0439506 -0.0477374 -0.0186945 0.0414061 -0.00554709 7.55916e-05 -0.0188651 -0.0216923 0.00655214 0.019366 0.0485963 -0.00810125 0.00726328 -0.0248642 -0.016479 0.0194257 0.0729963 0.0095643 -0.0379245 0.0521407 -0.0262099 -0.0267628 -0.000740664
internal_weight=12789.3 11114 1675.33 6213.69 378.208 293.836 440.051 1297.12 1236.45 373.925 80.8687 4900.29 3445.6 1454.69 1423.6 2775.76 1480.83 433.602 1294.93 1047.23 1387.06 1128.67 768.13 119.416 648.714 359.182 138.175 279.099 669.838 1121.5
internal_count=60255 49669 10586 26878 1843 1493 2331 8743 8424 2365 352 22791 16011 6780 6641 12710 6573 1880 6137 4693 6494 5244 3429 535 2894 1979 691 1264 3301 5309
is_linear=0
shrinkage=0.05


Tree=17
num_leaves=31
num_cat=0
split_feature=48 59 28 16 18 40 1 1 28 29 40 23 16 59 5 16 28 12 53 15 5 48 29 7 53 22 16 50 58 59
split_gain=764.848 339.446 266.401 224.958 213.264 167.948 213.518 1126.15 156.923 249.247 207.009 205.267 201.198 216.18 142.721 154.004 306.986 202.545 132.896 132.334 140.883 129.61 129.31 202.49 189.886 212.912 160.821 143.859 132.216 122.444
threshold=1.2124300000000001 0.40650306666666675 1.0000000180025095e-35 -3.2396719999999996e-05 1.4478483090545412e-05 0.042432450000000003 -1.0000000180025095e-35 1.0000000180025095e-35 0.29952499999999999 0.72971995833333347 0.042432450000000003 4.2745558077413551e-05 -1.0000000180025095e-35 0.0070468759166666508 -2.4789059166666662e-05 -2.3469744999999996e-05 1.0000000180025095e-35 -9.4044699999999974e-06 0.044874058333333307 -1.1750000000002046e-08 3.1065603416666672e-05 1.2124300000000001 0.55527454166666679 3.0851750000000012e-05 0.52958734166666688 3.8063745667432122e-05 -1.3506320499999996e-06 0.90429050000000011 0.033317549999999953 0.027305063125000004
decision_type=8 8 8 10 10 10 10 10 10 10 8 10 10 10 8 10 10 8 10 10 10 10 10 8 10 10 10 10 10 10
left_child=1 5 4 -3 -2 6 -1 -8 11 10 18 12 13 -9 -4 16 17 29 -10 -5 -21 -19 24 -24 -7 27 -25 -26 -27 -16
right_child=2 3 14 19 -6 22 7 8 9 -11 -12 -13 -14 -15 15 -17 -18 21 -20 20 -22 -23 23 26 25 28 -28 -29 -30 -31
leaf_value=-0.0091947399750261505 -0.061314983462353548 -0.035006557099769832 0.031040835702160749 0.026940983715893336 0.026407763711094896 -0.0098979362765230731 0.11885765303637748 0.074454290516893493 0.012844199705987287 -0.014418456806353147 -0.059287541827403881 -0.070069192942263159 -0.035948574379882879 -0.026463831286663998 -0.049575849993427762 -0.059727450135225568 -0.059616060400355324 0.13229510402193262 0.066576562930602476 0.012883131423945341 -0.031918674056195306 -0.071898910643097891 -0.027996570231551818 0.090284031276124499 0.098269945871784461 -0.047872060184683055 -0.029685030870958397 -0.0021357923413862596 0.10658845392404762 0.061050253397592402
leaf_weight=1522.2001269608736 91.783406540751457 218.68974569439888 61.652631342411041 1913.8584087491035 282.63556119799614 1237.0657978206873 232.82587951421738 125.86196379363537 185.74756227433681 446.62102711200714 51.477547213435173 149.29030227661133 219.39058296382427 91.749549075961113 72.748567447066307 794.09829764068127 229.16748216748238 52.032751455903053 302.45084266364574 2492.7485545128584 188.75979922711849 9.1357443928718549 1328.750400826335 68.056057497859001 124.25738897919655 83.167921409010887 47.384660750627518 50.041866227984428 16.623701959848404 38.119155526161194
leaf_count=6933 567 1356 319 7991 1276 5751 978 523 819 2060 230 740 1005 399 489 5807 1694 223 1330 10445 852 47 6522 311 518 394 231 210 71 164
internal_value=-0.000149991 0.00454943 -0.0321167 0.0145397 0.0049038 -0.00310522 0.00459871 0.0162284 0.00103386 0.0132114 0.0360771 -0.0194519 -0.00215985 0.0319051 -0.0431442 -0.0469706 -0.0217212 0.0287581 0.0461327 0.0168976 0.00972939 0.101798 -0.0117796 -0.0224781 -0.00155512 0.0360988 0.0410406 0.0694431 -0.0221414 -0.0115398
internal_weight=12728.4 11097 1631.37 4814.06 374.419 6282.96 3327.62 1805.42 1572.59 986.297 539.676 586.292 437.002 217.612 1256.95 1195.3 401.204 172.036 488.198 4595.37 2681.51 61.1685 2955.35 1444.19 1511.16 274.091 115.441 174.299 99.7916 110.868
internal_count=60255 49669 10586 20644 1843 29025 15017 8084 7106 4439 2379 2667 1927 922 8743 8424 2617 923 2149 19288 11297 270 14008 7064 6944 1193 542 728 465 653
is_linear=0
shrinkage=0.05


Tree=18
num_leaves=31
num_cat=0
split_feature=51 59 28 18 17 13 23 8 5 17 28 6 11 12 17 12 5 49 2 28 17 28 17 11 40 2 50 49 41 11
split_gain=699.303 314.316 236.014 197.307 185.559 146.35 204.475 140.537 140.073 144.182 327.895 133.216 166.838 138.903 192.94 161.327 162.543 160.574 158.277 148.979 348.33 204.272 195.091 298.828 205.145 318.513 192.653 162.111 204.64 188.795
threshold=0.073266999999999916 0.058718105083333305 1.0000000180025095e-35 1.4478483090545412e-05 -2.7056049166666662e-05 -2.8508599999999997e-05 3.9108735891272722e-05 -2.3271149999999995e-05 -2.5245721689999997e-05 -3.0066017222222221e-05 1.0000000180025095e-35 3.2458000000000007e-05 3.9800075000000004e-05 -2.1214599999999995e-05 -1.7564423749999994e-05 -8.9188499999999985e-06 -3.4225430313588844e-05 0.18785850000000001 -5.9402649999999989e-06 0.15580632500000005 -1.3241641391666666e-06 1.0000000180025095e-35 2.6318956666666669e-05 -1.2559496666666664e-05 1.0000000180025095e-35 1.0000000180025095e-35 0.42812050000000007 0.052423050000000006 0.00022397382575755002 -1.1924190222222219e-05
decision_type=8 8 8 10 10 8 10 8 8 10 10 8 10 10 10 10 10 10 10 8 10 10 10 10 10 10 8 10 10 10
left_child=1 -1 3 -2 5 6 -3 -8 -4 10 -10 13 -13 17 -15 18 -17 -6 -16 20 -18 26 24 -24 25 -23 -22 28 -21 -29
right_child=2 4 8 -5 11 -7 7 -9 9 -11 -12 12 -14 14 15 16 19 -19 -20 27 21 22 23 -25 -26 -27 -28 29 -30 -31
leaf_value=-0.0051457234290309267 -0.060414477415911119 0.09498196569588549 0.022721923446107576 0.024900822585162508 0.018360769272788145 -0.05046708126605956 0.060542585186711718 -0.048736326733382379 0.035389076417071577 -0.056572961938081173 -0.059074621823141674 0.064024952468086246 -0.061712110279782101 -0.026837312200442848 -0.0021541359310973921 0.054501198754697847 -0.0507735502846587 0.085680602092909772 0.051766149628227211 -0.016802986444192688 -0.030094287865006987 0.07657867281773377 0.09872971576137729 -0.054007140754761207 0.078927104785904548 -0.091634866168840923 0.061899995877519001 0.013745316091252813 0.026902719164932799 -0.022661031539244543
leaf_weight=4829.9158920645714 88.966384828090668 51.94550646841526 81.812163829803467 284.42349068820477 262.59659044444561 205.20682696998119 39.938201606273651 111.7235182672739 158.81448936462402 826.66986411809921 217.9124111533165 226.83338643610477 29.854205206036568 326.67770129442215 192.75974091887474 189.10350941121578 140.07840238511562 133.66730345785618 462.99972470104694 378.4608296006918 191.77283790707588 64.606453597545624 48.046077147126198 96.030746042728424 414.33847036957741 49.859160840511322 80.926781177520752 550.3769271671772 916.19823251664639 1008.8354533165693
leaf_count=22659 569 224 407 1281 1106 1155 191 611 831 6206 1677 955 128 1376 811 799 604 552 1905 1627 827 268 202 403 1703 205 336 2376 3847 4414
internal_value=-0.000154227 0.00440806 -0.0304194 0.00457302 0.0118834 -0.0206679 0.00936536 -0.0199591 -0.0405856 -0.0448896 -0.0192521 0.0141921 0.049401 0.0125511 0.01034 0.0128785 0.00921937 0.041069 0.0359163 0.00704577 0.0228103 0.033711 0.0485055 -0.00307316 0.0625585 0.00330788 -0.00279392 0.00104868 0.0141265 -0.00981018
internal_weight=12661.4 11002.8 1658.6 373.39 6172.84 408.814 203.607 151.662 1285.21 1203.4 376.727 5764.02 256.688 5507.33 5111.07 4784.39 4128.63 396.264 655.759 3939.53 1085.66 945.581 672.881 144.077 528.804 114.466 272.7 2853.87 1294.66 1559.21
internal_count=60255 49284 10971 1850 26625 2181 1026 802 9121 8714 2508 24444 1083 23361 21703 20327 17611 1658 2716 16812 4548 3944 2781 605 2176 473 1163 12264 5474 6790
is_linear=0
shrinkage=0.05


Tree=19
num_leaves=31
num_cat=0
split_feature=48 59 12 29 20 5 40 2 2 16 29 12 23 18 15 23 29 7 53 22 16 50 16 23 7 5 58 1 5 59
split_gain=655.096 283.919 198.648 196.981 162.683 160.875 156.17 194.664 1013.87 136.982 277.085 174.189 134.04 128.456 135.075 126.835 117.432 178.404 171.023 189.634 139.205 125.264 121.275 144.982 185.572 119.781 116.673 115.011 110.506 110.153
threshold=1.2124300000000001 0.40650306666666675 inf 0.010519877083333301 1.4426817432924489e-05 -2.4789059166666662e-05 0.042432450000000003 -1.0000000180025095e-35 1.0000000180025095e-35 -2.3469744999999996e-05 0.010519877083333301 -9.4044699999999974e-06 4.7052934787069694e-05 6.5394052892645128e-06 -1.1750000000002046e-08 1.596241054701658e-05 0.55527454166666679 3.0851750000000012e-05 0.52958734166666688 3.8063745667432122e-05 -1.3506320499999996e-06 0.90429050000000011 -2.0601684999999999e-05 3.4934134149455082e-05 2.4526000000000005e-05 3.9674867500000003e-05 0.033317549999999953 1.5399750000000004e-05 3.1065603416666672e-05 0.027305063125000004
decision_type=8 8 8 8 10 8 10 10 10 10 10 8 10 10 10 10 10 8 10 10 8 10 10 10 10 10 10 10 10 10
left_child=1 6 13 4 -2 -5 7 15 -9 10 11 29 -10 -3 -15 -1 18 25 22 21 -19 -20 23 -8 -25 -18 -21 -24 -16 -7
right_child=3 2 -4 5 -6 9 16 8 12 -11 -12 -13 -14 14 28 -17 17 20 19 26 -22 -23 27 24 -26 -27 -28 -29 -30 -31
leaf_value=0.063116166452735337 -0.059083914672763409 0.076622485077618083 -0.049598964844560861 0.032663741987773276 0.020804078903528072 -0.048697037931015257 0.10169575627991118 0.11297258170563927 0.0056361347062099413 -0.057615532045922319 -0.058672626973668408 0.093181432209287166 -0.046849370465680634 0.023831298880214753 0.0092713487012362431 -0.011507475868692938 -0.028076971075881696 0.082167305704103313 0.091943830664662135 -0.046223400370901647 -0.029024489976429653 -0.0016583732512075997 -0.024082771733878801 -0.068082284061036238 0.13989704246091952 0.15890935137414097 0.098370000149795078 0.011940744379183188 -0.030666262714455952 0.057240643455460073
leaf_weight=59.243500515818596 83.252437815070152 82.830471217632294 122.4646034091711 70.924370154738426 271.70670452713966 70.255445703864098 51.574930444359779 233.04152049124241 1425.9757589250803 736.46124783158302 214.07671758532524 62.515012994408607 132.99038538336754 1938.134805470705 2466.895317196846 1465.1362492442131 1303.8192359507084 70.143029168248177 125.60339678823948 81.409579828381538 47.014945358037949 49.9606012403965 820.9556392878294 41.604696452617645 14.450607523322104 8.6212717145681363 16.836478933691978 303.47152614593506 186.2843866944313 37.707854300737381
leaf_count=246 560 366 848 355 1238 489 215 970 6410 5804 1706 270 666 8154 10424 6725 6482 311 518 394 231 210 3822 206 66 40 71 1442 852 164
internal_value=-0.000153983 0.00411277 0.0132635 -0.0306285 0.00206708 -0.0403652 -0.00290792 0.00452691 0.0156996 -0.0449856 -0.0207981 0.0267625 0.00115877 0.0149105 0.0137972 -0.0086073 -0.0113075 -0.0215714 -0.0015635 0.0341798 0.0375466 0.0653073 -0.00950703 0.0411967 -0.0144669 -0.0268487 -0.0214444 -0.0143604 0.00646726 -0.0116967
internal_weight=12595.4 11048.5 4796.61 1546.9 354.959 1191.94 6251.85 3316.39 1792.01 1121.02 384.555 170.478 1558.97 4674.14 4591.31 1524.38 2935.47 1429.6 1505.87 273.81 117.158 175.564 1232.06 107.63 56.0553 1312.44 98.2461 1124.43 2653.18 107.963
internal_count=60255 49669 20644 10586 1798 8788 29025 15017 8046 8433 2629 923 7076 19796 19430 6971 14008 7064 6944 1193 542 728 5751 487 272 6522 465 5264 11276 653
is_linear=0
shrinkage=0.05


Tree=20
num_leaves=31
num_cat=0
split_feature=48 28 58 17 18 3 3 3 40 29 11 0 0 17 13 4 28 56 0 28 13 5 17 28 17 17 29 13 5 28
split_gain=607.094 229.12 225.856 200.818 180.966 156.256 237.28 218.188 259.626 160.956 164.435 160.714 237.608 154.734 258.319 236.468 166.092 129.774 126.159 125.345 123.263 121.55 162.022 336.112 118.946 117.913 107.312 148.542 137.831 106.853
threshold=1.2124300000000001 1.0000000180025095e-35 0.41935960000000005 -3.1278539999999991e-05 3.0173112707059377e-05 2.8522000000000128e-07 -1.4155000000001356e-09 1.0000000180025095e-35 0.042432450000000003 0.59071608333333347 -1.7570896408333331e-05 -1.0000000180025095e-35 3.5428650000000004e-07 3.6540574166666678e-05 2.8460550000000003e-05 3.1904775000000005e-05 0.071411225000000009 0.13382400000000003 3.2263950000000005e-05 0.26662825000000007 5.269525000000001e-06 -2.4789059166666662e-05 -3.0066017222222221e-05 1.0000000180025095e-35 -3.4116009166666663e-05 -1.8326560666666662e-05 1.002909166666667 -4.7807049999999993e-06 2.3287017833333333e-05 0.14043400000000003
decision_type=8 8 8 10 10 10 10 10 10 10 10 10 10 10 10 10 10 10 10 10 10 8 10 10 10 10 10 8 10 8
left_child=2 4 5 29 -2 6 26 8 11 10 17 -8 -13 14 15 -5 -16 -7 -18 -14 -12 -3 23 -23 -11 -19 27 28 -1 -4
right_child=1 21 3 13 -6 9 7 -9 -10 24 20 12 19 -15 16 -17 18 25 -20 -21 -22 22 -24 -25 -26 -27 -28 -29 -30 -31
leaf_value=0.021468783275449738 -0.029155509903369826 0.025976067931359072 0.032398044759807822 0.019547563627121373 0.041197934603722043 -0.044296607122484351 0.00882615656287003 -0.00074800406007726025 -0.00015662033316647157 0.084460721968030131 0.028809425094317255 0.10624283688962984 -0.052827327230117009 0.057811822109354982 0.032857655410248092 -0.027940199523761478 -0.052497291807526651 -0.071119120785639908 0.090034857044759525 0.054619161893629968 -0.011055500604694771 0.042927378292921176 -0.05817467225610682 -0.05805190999365354 -0.032707250037095022 0.083707604062190938 -0.033013208950439001 -0.011489171683283882 -0.036331233233844122 -0.052466962264430164
leaf_weight=795.5868032425642 191.28347988426685 63.951601788401604 47.113491266965866 3698.9309480637312 175.05287463963032 282.93319760262966 115.08642376959324 699.4556669741869 281.66889047622681 22.21801084280014 440.94482377171516 236.71291145682335 39.206242173910141 195.89883026480675 90.160107329487801 282.14572730660439 280.81542456150055 17.542752921581268 16.433556750416756 88.220083490014076 346.10688199102879 140.16282984614372 735.35933220386505 199.98193234205246 863.61072787642479 41.127324536442757 314.30794517695904 1533.282194674015 118.50372995436192 174.36143626272678
leaf_count=3519 1109 319 255 15340 734 1367 527 3245 1335 90 1937 979 187 819 388 1248 1296 80 71 391 1622 691 6059 1674 4189 171 1580 7269 570 1194
internal_value=-0.000155958 -0.0299349 0.00391221 0.0120825 0.0044627 -0.00235764 0.00310924 0.0194096 0.0379396 -0.0138153 -0.00129442 0.060331 0.0766091 0.0143387 0.0123892 0.016182 -0.0265869 -0.030263 -0.0446173 0.0215603 0.0112788 -0.0409938 -0.0449759 -0.0164416 -0.0297685 0.0374134 -0.00551025 -0.00197814 0.0139755 -0.034414
internal_weight=12528.2 1505.79 11022.4 4785.86 366.336 6236.51 4222.03 1460.35 760.895 2014.48 1128.65 479.226 364.139 4564.38 4368.49 3981.08 387.409 341.603 297.249 127.426 787.052 1139.46 1075.5 340.145 885.829 58.6701 2761.68 2447.37 914.091 221.475
internal_count=60255 10586 49669 20611 1843 29058 19602 6664 3419 9456 5177 2084 1557 19162 18343 16588 1755 1618 1367 578 3559 8743 8424 2365 4279 251 12938 11358 4089 1449
is_linear=0
shrinkage=0.05


Tree=21
num_leaves=31
num_cat=0
split_feature=48 28 54 17 14 17 18 3 3 3 40 5 17 28 6 15 5 17 2 2 28 17 29 53 29 14 23 58 17 17
split_gain=562.652 216.916 205.886 185.649 181.037 149.563 125.635 125.2 186.312 182.193 180.449 114.989 157.474 312.677 108.008 106.099 101.692 139.365 101.36 139.428 123.036 101.159 113.354 107.422 97.4303 123.773 135.922 94.5377 101.63 94.2512
threshold=1.2124300000000001 1.0000000180025095e-35 0.17929950000000003 -3.1278539999999991e-05 2.6991600000000004e-05 5.5356230250000008e-06 6.5394052892645128e-06 2.8522000000000128e-07 -1.0000000180025095e-35 1.0000000180025095e-35 0.042432450000000003 -2.4789059166666662e-05 -3.0066017222222221e-05 1.0000000180025095e-35 -2.9822749999999995e-05 -1.1750000000002046e-08 3.1065603416666672e-05 2.8391847500000001e-05 -1.0000000180025095e-35 3.4502600000000006e-07 0.29952499999999999 -3.4116009166666663e-05 0.57243033333333349 0.62048495185185193 1.0141626250000002 -1.0405599999999999e-05 2.3239972855121771e-05 0.043079255000000004 3.9466865000000011e-05 2.4413174166666669e-05
decision_type=8 8 8 10 10 8 10 10 10 10 10 8 10 10 8 10 10 10 10 10 8 10 10 10 10 8 10 10 10 10
left_child=2 4 7 -4 5 -2 -5 8 24 10 18 -3 13 -13 -7 -8 -17 -18 -10 -20 -21 -9 23 -23 25 26 -1 28 -27 -24
right_child=1 11 3 6 -6 14 15 21 9 -11 -12 12 -14 -15 -16 16 17 -19 19 20 -22 22 29 -25 -26 27 -28 -29 -30 -31
leaf_value=0.076452224355179246 0.070746028079861883 0.024391636275513811 -0.034291785906330662 0.073455308757245014 0.069747772815214909 0.077640381141051956 0.019662124804115652 0.077098506722535112 0.016066850035212014 -0.00230966600299305 0.0017128456584098646 0.040409740975576265 -0.05770617147174139 -0.057597791276421499 -0.040849380041060368 0.0076513504662655205 -0.04585661538516974 0.089758824925603345 0.10025312628320018 -0.042103645319981772 0.063446885740038803 -0.011537558758412232 -0.035528240679895996 0.03446198152045258 -0.034809091742910067 -0.016457482294270825 0.0073031309412884609 0.021536652703416315 0.078713061042965549 0.026712794307893917
leaf_weight=82.923827067017555 43.254707008600235 64.681019857525826 221.65901623666286 82.976438328623772 81.788353830575943 21.105878591537476 2239.6655497401953 29.833724468946457 118.20304515957832 609.88698141276836 249.34289409220219 141.41695556044579 705.03036943823099 191.69046632945538 216.67834636569023 2786.0487159192562 166.11270120739937 21.38266821205616 172.22464932501316 39.362916141748428 92.461384102702141 803.62004882097244 698.31057773530483 150.72263272106647 263.09486791491508 1360.6757196038961 496.93029533326626 209.48832489550114 28.641989141702652 66.627062767744064
leaf_count=360 182 319 1477 376 350 87 9408 123 535 2861 1186 691 6059 1674 1224 11713 781 90 714 189 401 3778 3458 661 1352 6504 2263 969 138 332
internal_value=-0.000157569 -0.0292575 0.00372318 0.0105384 0.00427792 -0.0147752 0.0124147 -0.00314875 0.00203489 0.0174741 0.0354401 -0.0402906 -0.0443206 -0.0159898 -0.0303322 0.0114431 0.00525264 -0.0303905 0.0553562 0.0706305 0.0319294 -0.0141829 -0.0157668 -0.00427269 -0.00606791 -0.00259713 0.017192 -0.00977424 -0.0144955 -0.030107
internal_weight=12455.8 1465.65 10990.2 5517.85 362.827 281.039 5296.19 5472.35 3723.24 1281.48 671.595 1102.82 1038.14 333.107 237.784 5213.21 2973.54 187.495 422.252 304.049 131.824 1749.11 1719.28 954.343 2441.76 2178.66 579.854 1598.81 1389.32 764.938
internal_count=60255 10586 49669 23845 1843 1493 22368 25824 17472 5886 3025 8743 8424 2365 1311 21992 12584 871 1839 1304 590 8352 8229 4439 11586 10234 2623 7611 6642 3790
is_linear=0
shrinkage=0.05


Tree=22
num_leaves=31
num_cat=0
split_feature=48 59 28 23 17 13 23 58 41 23 17 17 28 13 28 23 3 40 6 5 17 28 6 11 59 13 17 48 11 12
split_gain=522.137 218.078 204.817 164.919 163.11 135.154 173.88 127.17 258.527 195.029 139.767 214.189 121.987 156.633 188.8 214.864 131.707 137.578 121.659 108.892 153.131 291.26 108.828 148.658 137.131 123.441 173.469 151.755 145.225 139.976
threshold=1.2124300000000001 0.058718105083333305 1.0000000180025095e-35 2.9747139582539254e-05 -2.7056049166666662e-05 -2.8508599999999997e-05 3.9108735891272722e-05 0.0052841815000000012 0.44358149641666667 1.7359425709094933e-05 -3.2860410833333323e-05 -1.6227576499999996e-05 1.0523900000000002 -6.8615049999999998e-06 0.20906732999999997 4.2989684252733736e-05 1.0000000180025095e-35 0.65413850000000018 -3.6061399999999993e-05 -2.4789059166666662e-05 -3.0066017222222221e-05 1.0000000180025095e-35 3.2458000000000007e-05 3.9800075000000004e-05 0.351764835483871 -2.1169949999999995e-05 -1.7564423749999994e-05 0.19333200000000003 1.0214828800833335e-05 -8.9188499999999985e-06
decision_type=8 8 8 10 10 8 10 8 8 10 10 10 10 8 10 10 10 8 10 8 10 10 8 10 10 10 10 10 10 10
left_child=1 7 3 -2 5 6 -3 9 10 -1 -9 -12 13 14 15 -11 17 -16 -8 -4 21 -21 25 24 -24 27 -27 28 -6 -28
right_child=2 4 19 -5 22 -7 18 8 -10 12 11 -13 -14 -15 16 -17 -18 -19 -20 20 -22 -23 23 -25 -26 26 29 -29 -30 -31
leaf_value=0.054973123371643728 -0.030873090825100369 0.087662512533928427 0.022925969075821475 0.037079933265901852 0.033629056773742248 -0.048557136185979455 0.084704767118793947 0.091825550261160432 -0.055074300232722084 0.069157302636713033 -0.05646461524293947 0.0022965625081536995 -0.034407978305131384 -0.0077612412001865196 0.029627840013312617 -0.043157497140265899 -0.022075573500204768 -0.052225950262448945 -0.038752019346464814 0.038081336146547851 -0.057267233202077633 -0.057172539768500868 0.07098613165790843 -0.059861774394904026 -0.056317494378762503 -0.027245920922999531 0.03206485064947253 0.078785712142054931 -0.055902987576267577 0.0072625513235650557
leaf_weight=158.44581043720245 173.37254053354263 51.788102120161057 65.357274085283279 184.1006171554327 217.53767482936382 211.27588020265102 23.794079825282097 35.992456153035164 339.54928994178772 248.32516194880009 189.55660061538219 852.66272659599781 264.06975893676281 1859.800190538168 422.77283361554146 51.395522743463516 310.62795130908489 58.429428666830063 123.68404212594032 142.53059837222099 675.65554446727037 183.66348297894001 202.72257456183434 30.514400169253349 23.618595138192177 321.55264109373093 660.27548182010651 141.07657934725285 57.202000632882118 4108.9723891019821
leaf_count=675 1047 224 319 796 917 1305 112 146 1645 1035 969 4020 1376 9008 1897 281 1470 269 690 691 6059 1674 859 132 98 1359 2736 587 241 17618
internal_value=-0.000157353 0.00354231 -0.0286334 0.00412309 0.00975411 -0.0206961 0.00884415 -0.00446158 -0.0170272 0.000818709 -0.00504541 -0.00839079 -0.00184985 0.00106326 0.0160986 0.0498978 0.00330503 0.0196888 -0.0188335 -0.0396055 -0.0436849 -0.0155513 0.0119231 0.0437355 0.0577021 0.0104392 0.00829973 0.0366331 0.0149881 0.0106963
internal_weight=12390.3 10965.6 1424.68 357.473 6174.01 410.542 199.266 4791.63 1417.76 3373.87 1078.21 1042.22 3215.42 2951.35 1091.55 299.721 791.83 481.202 147.478 1067.21 1001.85 326.194 5763.47 256.856 226.341 5506.62 5090.8 415.816 274.74 4769.25
internal_count=60255 49669 10586 1843 26878 2331 1026 22791 6780 16011 5135 4989 15336 13960 4952 1316 3636 2166 802 8743 8424 2365 24547 1089 957 23458 21713 1745 1158 20354
is_linear=0
shrinkage=0.05


Tree=23
num_leaves=31
num_cat=0
split_feature=48 59 28 17 14 14 41 3 28 3 12 23 28 48 17 53 41 23 11 41 49 6 58 17 12 28 4 23 0 41
split_gain=484.058 199.95 193.924 163.416 161.187 135.692 129.84 259.459 220.309 204.974 159.194 125.785 213.489 158.875 135.352 124.318 120.72 120.276 127.311 115.909 115.468 137.702 119.405 115.162 230.071 164.864 161.381 128.746 119.687 114.461
threshold=1.2124300000000001 0.40650306666666675 1.0000000180025095e-35 -3.1831925833333325e-05 2.6991600000000004e-05 2.3167000000000004e-05 0.039963236249999957 1.8219999999999805e-08 0.84298000000000017 -7.9999999999667176e-10 3.6025850000000003e-06 2.8077342671665944e-05 0.11552399999999997 0.0094050850000000023 1.9900054425287359e-05 1.0333186000000001 0.58212362500000014 4.5594520628731855e-05 -2.5260631483333329e-05 0.3236340958333333 0.18239100000000003 1.3793300000000002e-05 0.0058126190000000006 3.7159259166666671e-05 2.8459750000000001e-05 0.071411225000000009 3.1904775000000005e-05 3.6287311056148842e-05 3.2263950000000005e-05 0.34366183333333333
decision_type=8 8 8 10 10 8 8 10 10 8 10 10 8 10 10 10 10 10 10 10 10 10 10 10 10 10 10 10 10 10
left_child=1 6 4 -3 5 29 7 9 10 17 -8 12 -12 14 16 -10 19 18 -1 -13 22 -22 -15 24 26 27 -5 -26 -27 -2
right_child=2 3 -4 23 -6 -7 8 -9 15 -11 11 13 -14 20 -16 -17 -18 -19 -20 -21 21 -23 -24 -25 25 28 -28 -29 -30 -31
leaf_value=0.081912404860068164 -0.006880666631819893 -0.034262450863339566 -0.038936215409272307 0.017717689987147959 0.066481393524057172 -0.06283725584052767 0.0084118160485774553 -0.013180262770971313 -0.033700597992088993 0.050029357085539919 0.072693041274671702 0.013066115263250567 -0.056340809628009331 0.067434024797774092 -0.05542463287308233 0.081449832004935843 -0.069232128634143505 -0.048680471916152011 0.0081296830423244811 0.16578670578757093 0.012603266408126685 -0.046729461245810178 -0.0065123498353486329 0.051047416818986197 -0.063655238014032473 -0.051710318754721922 -0.021593274293338106 0.061334696206899998 0.080992616369333234 0.099155636515262005
leaf_weight=63.089547514915466 149.06560139358044 190.96055175364017 1032.6440462842584 3703.595626026392 79.819346994161606 94.289455212652683 1677.9348405152559 957.33318448066711 837.70073512196541 416.16156627237797 36.086332157254219 43.37111485004425 287.00923591852188 132.60480509698391 228.72120639681816 24.113851770758629 27.631230115890503 85.380876511335373 797.65495853126049 17.411792293190956 296.2830772548914 145.9659990221262 92.793868780136108 190.08430255949497 27.878933802247047 280.41503249108791 280.87444645166397 78.940052524209023 18.087233483791351 30.689770981669426
leaf_count=275 727 1355 8743 15385 350 640 7642 4417 4449 1803 151 212 1376 639 1179 109 139 446 3538 88 1405 723 434 806 133 1308 1252 328 77 126
internal_value=-0.000158086 0.00336987 -0.0279899 0.011056 0.00395351 -0.0142586 -0.00257595 0.00676771 -0.00820895 0.0207859 -0.00178111 -0.0148581 -0.0419291 -0.00597637 -0.0351157 -0.0304787 0.0174222 0.00792296 0.0135377 0.0568143 0.00786491 -0.00697973 0.0369912 0.0129456 0.0112957 -0.0245936 0.0149466 0.0287133 -0.0436694 0.011223
internal_weight=12324.6 10938.1 1386.51 4770.84 353.864 274.045 6167.25 2319.62 3847.63 1362.29 2985.81 1307.88 323.096 984.783 317.135 861.815 88.4141 946.125 860.745 60.7829 667.648 442.249 225.399 4579.88 4389.79 405.321 3984.47 106.819 298.502 179.755
internal_count=60255 49669 10586 20644 1843 1493 29025 10479 18546 6062 13988 6346 1527 4819 1618 4558 439 4259 3813 300 3201 2128 1073 19289 18483 1846 16637 461 1385 853
is_linear=0
shrinkage=0.05


Tree=24
num_leaves=31
num_cat=0
split_feature=48 59 28 14 17 28 6 17 23 51 58 23 17 17 40 16 28 12 23 28 23 17 28 28 11 23 17 28 5 12
split_gain=446.447 184.099 180.842 148.065 141.15 199.62 182.199 130.9 119.477 115.677 113.074 174.455 162.219 176.576 180.573 123.172 111.043 135.379 147.4 153.216 161.883 131.91 231.044 162.346 123.637 110.175 108.25 293.022 164.715 106.554
threshold=1.2124300000000001 0.058718105083333305 1.0000000180025095e-35 2.6991600000000004e-05 -2.4565234999999996e-05 0.16124650000000004 4.8361950000000009e-06 5.5356230250000008e-06 3.6134469201184758e-05 0.0026927500000000003 0.0052841815000000012 1.7593165527270648e-05 -3.2860410833333323e-05 -1.6227576499999996e-05 0.44270375000000006 3.6251100000000003e-05 1.0523900000000002 -1.0110949999999997e-05 2.3398562627001891e-05 0.21855350000000004 4.3112187648901134e-05 -1.8082854166666662e-05 0.88504820000000006 0.98431200000000019 -3.0740252170512811e-05 4.3778570945301447e-05 -3.0066017222222221e-05 1.0000000180025095e-35 -2.4789059166666662e-05 -3.7519899999999993e-05
decision_type=8 8 8 10 10 8 10 8 8 10 8 10 10 10 8 8 10 10 10 10 10 10 10 10 10 10 10 10 8 10
left_child=1 10 3 7 5 6 9 -2 -7 -3 11 -1 -12 -14 -15 -16 17 18 -13 20 -20 22 25 24 -23 29 27 -4 -28 -21
right_child=2 4 26 -5 -6 8 -8 -9 -10 -11 12 16 13 14 15 -17 -18 -19 19 21 -22 23 -24 -25 -26 -27 28 -29 -30 -31
leaf_value=0.049096637717129937 0.066573470186538641 0.016978138606375006 0.039109634907844353 0.064257823829043326 0.011225948297855098 0.055275574081028657 -0.073132573540737475 -0.028818913031466678 -0.051290211064962322 0.10628603710270307 0.08886540673101892 0.06132455832213405 -0.05785570763195691 0.0010921521321853121 -0.050517077874504615 0.15008737851653575 -0.033520319396763872 -0.0064007340863188496 0.066123183362393742 -0.075750688436238001 -0.040208363268766978 0.084846818475560665 -0.05045914859500461 0.089893467717518188 -0.049085342410576001 -0.028447032887059548 0.03205329385373825 -0.056974359097270569 -0.056588664190715614 0.086573361232649526
leaf_weight=177.08196747303009 42.708948522806168 119.05946472287178 143.5222344994545 78.486274749040604 5628.182856425643 29.000178590416908 41.033709272742271 227.66982673853636 282.686762586236 52.135546028614044 35.852112993597984 154.51738162338734 239.55633181333542 839.75193525850773 277.00678589940071 7.8693041503429404 255.26850228011608 2007.0238275974989 168.91016799211502 10.998589560389517 45.419738158583641 18.481509953737259 77.937965407967567 26.365808203816414 254.743073746562 32.944477081298828 57.176618695259094 177.45976211875677 628.35082940012217 125.11080884933472
leaf_count=759 182 547 696 350 24009 120 194 1311 1769 239 147 676 1250 3980 1366 37 1368 9711 705 50 256 80 404 116 1170 167 280 1708 6059 549
internal_value=-0.000158771 0.00320439 -0.0272227 0.0037993 0.00891524 -0.0159077 0.0214947 -0.0137508 -0.041375 0.0441759 -0.00418466 0.000796372 -0.0161203 -0.0188795 -0.0105771 -0.0449757 -0.00189521 0.000867157 0.0168016 0.00776035 0.0435899 -0.00628942 0.0207629 -0.0285922 -0.0400259 0.0535979 -0.0379752 -0.0140119 -0.0491955 0.0734564
internal_weight=12262.3 10906.9 1355.37 348.865 6152.1 523.916 212.229 270.379 311.687 171.195 4754.84 3354.8 1400.04 1364.18 1124.63 284.876 3177.72 2922.45 915.43 760.912 214.33 546.582 246.992 299.59 273.225 169.054 1006.51 320.982 685.527 136.109
internal_count=60255 49669 10586 1843 26878 2869 980 1493 1889 786 22791 16011 6780 6633 5383 1403 15252 13884 4173 3497 961 2536 1170 1366 1250 766 8743 2404 6339 599
is_linear=0
shrinkage=0.05


Tree=25
num_leaves=31
num_cat=0
split_feature=48 28 59 15 18 41 5 29 17 4 13 28 5 28 6 17 59 16 16 17 17 28 5 41 17 29 11 40 29 29
split_gain=414.012 171.111 167.309 143.317 140.896 115.389 234.872 205.625 192.312 162.593 158.298 137.913 130.175 116.382 115.82 113.433 144.95 182.681 112.956 107.441 104.424 272.99 157.291 99.5161 110.571 127.074 97.324 114.186 101.898 92.4389
threshold=1.2124300000000001 1.0000000180025095e-35 0.40650306666666675 5.7584999999999901e-07 1.4478483090545412e-05 0.039963236249999957 -1.1853380116666665e-05 0.68391075000000012 -3.2860410833333323e-05 2.9932365000000003e-05 3.6015900000000005e-06 0.71730625000000015 3.9674867500000003e-05 1.0096557500000003 3.0359000000000002e-05 1.2111609416666671e-05 0.018091984277777706 2.8397455000000007e-05 -1.3506320499999996e-06 -2.4173325833333327e-05 -3.0066017222222221e-05 1.0000000180025095e-35 -2.4789059166666662e-05 0.026880525833333304 1.8692553846153848e-05 0.30620179250000007 1.4762413475000002e-05 0.34921700000000006 1.1377318888888892 0.017231496429787201
decision_type=8 8 8 8 10 8 10 10 10 10 10 10 10 10 8 10 10 10 10 10 10 10 8 10 10 10 10 10 10 8
left_child=2 4 5 -4 -2 6 19 10 -9 -8 29 -11 14 -13 15 -10 17 26 -16 -1 21 -3 -22 24 -21 -26 27 28 -17 -7
right_child=1 20 3 -5 -6 7 9 8 12 11 -12 13 -14 -15 18 16 -18 -19 -20 23 22 -23 -24 -25 25 -27 -28 -29 -30 -31
leaf_value=0.096935400629087259 -0.057414552631149945 0.036881622533956819 0.013540858531611955 -0.011714204655348339 0.020388667722782406 0.055564726446436431 0.021168430566316253 0.090956819084185514 -0.043537561870959654 -0.055700461171262816 -0.013981471893279022 0.10133714398348487 0.14953695765890038 -0.066066885792694111 0.080392797510116701 0.081484397815202364 -0.063698719751661428 -0.046899447453830539 -0.038359743270996956 -0.046579346835825944 0.030034786505408046 -0.056595468441674041 -0.056218430029306168 0.0395879073699682 0.069278993318457924 -0.024955875827047242 0.15155615147163573 -0.065803722150598265 -0.06381044575652374 0.0074587494815832427
leaf_weight=18.947758570313454 74.132616214454174 144.5551141500473 4103.9287870749831 650.83382993191481 270.57130266726017 107.73982407152653 1528.0197652578354 34.934643596410751 805.60881628096104 130.78715014457703 1116.9848714619875 30.667038083076477 10.22807617485523 15.696301281452177 45.385285437107086 74.860077321529388 81.341736733913422 75.910512149333954 35.835745707154274 358.5619512796402 57.947617560625076 169.90641132742167 601.542300529778 55.682185098528862 49.975786834955215 125.89534769952297 20.144361540675163 23.505736395716667 14.386204198002813 1365.5955395698547
leaf_count=80 567 696 17430 3214 1276 458 6693 145 4275 661 5428 148 46 86 209 408 433 421 183 1693 280 1708 6059 260 239 619 101 130 85 6224
internal_value=-0.000160229 -0.0266192 0.00304616 0.0100839 0.00365617 -0.00241566 0.00639153 -0.00776178 -0.024667 0.0159114 0.000214289 -0.0294337 -0.0280694 0.0446625 -0.0296128 -0.033883 -0.00707689 0.0149804 0.0279977 -0.0202608 -0.0373343 -0.0136249 -0.0486396 -0.0240238 -0.0306514 0.00182204 0.0503262 0.0322404 0.0580634 0.0109766
internal_weight=12200.1 1318.66 10881.5 4754.76 344.704 6126.69 2314.23 3812.46 1222.14 1705.17 2590.32 177.15 1187.21 46.3633 1176.98 1095.76 290.149 208.807 81.221 609.063 973.951 314.462 659.49 590.115 534.433 175.871 132.896 112.752 89.2463 1473.34
internal_count=60255 10586 49669 20644 1843 29025 10479 18546 6436 7588 12110 895 6291 234 6245 5853 1578 1145 392 2891 8743 2404 6339 2811 2551 858 724 623 493 6682
is_linear=0
shrinkage=0.05


Tree=26
num_leaves=31
num_cat=0
split_feature=48 11 17 28 59 17 28 6 53 29 55 23 5 28 40 59 58 41 53 23 29 7 17 28 50 23 17 28 17 17
split_gain=383.607 162.794 169.994 185.299 156.609 128.284 179.014 165.419 109.586 192.397 136.175 109.272 108.929 130.641 117.726 183.433 103.929 225.816 207.341 155.779 152.666 129.308 122.093 211.12 329.604 172.631 168.562 131.967 118.594 154.714
threshold=1.2124300000000001 2.8235275583333334e-05 2.5626025419166668e-05 0.27229100000000006 0.058718105083333305 -2.4565234999999996e-05 0.16124650000000004 4.8361950000000009e-06 0.67232221666666669 0.81969629166666669 0.78490250000000017 3.6134469201184758e-05 2.4330169908333336e-05 0.98431200000000019 0.26147000000000004 0.64081950833333357 0.0052841815000000012 0.44358149641666667 0.9499920138888891 1.7359425709094933e-05 0.91644129166666677 2.2052650000000006e-05 -1.8861586666666667e-05 0.81248625000000008 0.017467250000000004 4.3778570945301447e-05 -4.3376274083333321e-06 0.88504820000000006 -3.2860410833333323e-05 -1.6493681982881351e-05
decision_type=8 10 10 8 8 10 8 10 10 8 10 8 10 10 10 8 8 8 10 10 10 10 10 8 8 10 10 10 10 10
left_child=4 2 -2 -4 16 6 7 -6 10 -10 -7 -8 13 14 15 -11 19 18 28 -1 22 -22 25 -24 -25 27 -26 -21 -18 -30
right_child=1 -3 3 -5 5 8 11 -9 9 12 -12 -13 -14 -15 -16 -17 17 -19 -20 20 21 -23 23 24 26 -27 -28 -29 29 -31
leaf_value=0.049354630507799667 -0.03754440284441854 0.049741505772788734 0.056163051417221048 -0.055576352903445293 0.040945541316011934 0.0068001527645227102 0.05164118637027304 -0.071779168674270519 0.052515834780988452 0.069870286583015348 0.080801218590845367 -0.05012630270772183 -0.056122309523643915 0.057569484577757291 0.095981953532783396 -0.0767844808953181 0.082698604790698807 -0.052068313787925861 0.11924624693322261 0.061381211957297246 -0.033823338943398791 0.036415664703136119 -0.0086326359319805115 0.074994232557531099 0.040024043955418163 -0.034842358027701206 -0.040110830226327013 -0.067256590333647795 -0.053990283852411364 -0.0022916879004090639
leaf_weight=157.5195896178484 1053.7784689292312 67.227089896798134 106.55296274274588 56.923001356422901 171.55580584704876 4881.3799784183502 29.183370292186737 40.164840266108513 384.37060372531414 28.980479806661606 62.969155848026276 274.33730898797512 68.819077685475349 102.77379335463047 19.267766118049622 80.683314844965935 34.609654620289803 323.21219657361507 32.892449587583542 241.31178013980389 506.46614328026772 75.262278318405151 1767.4148202985525 214.06981427967548 109.77301235496998 75.903539285063744 163.16240720450878 21.733016029000282 175.9011158645153 816.24362680315971
leaf_count=675 9069 409 539 569 786 20811 120 194 1633 121 264 1769 333 426 78 343 146 1645 143 1018 2764 371 8419 962 485 419 793 105 957 3889
internal_value=-0.000162793 -0.0260017 -0.0301849 0.0172549 0.00289335 0.00815333 -0.0157266 0.0195609 0.010339 0.0290831 0.0077426 -0.0403414 -0.000887267 0.0155182 -0.0180018 -0.0380285 -0.00396064 -0.015484 -0.00432508 0.000820937 -0.00158687 -0.024736 0.00360581 -0.000600805 0.0285479 0.0315849 -0.00788106 0.050753 -0.00828373 -0.0114575
internal_weight=12144.4 1284.48 1217.25 163.476 10860 6144.49 515.241 211.721 5629.24 684.895 4944.35 303.521 300.524 231.705 128.932 109.664 4715.48 1382.86 1059.65 3332.62 3175.1 581.728 2593.37 2254.42 487.005 338.948 272.935 263.045 1026.75 992.145
internal_count=60255 10586 10177 1108 49669 26878 2869 980 24009 2934 21075 1889 1301 968 542 464 22791 6780 5135 16011 15336 3135 12201 10659 2240 1542 1278 1123 4992 4846
is_linear=0
shrinkage=0.05


Tree=27
num_leaves=31
num_cat=0
split_feature=48 11 17 29 23 48 29 5 13 59 23 51 0 17 58 13 5 1 29 58 40 7 29 29 17 59 18 17 29 17
split_gain=353.185 148.991 157.171 157.414 146.96 159.421 214.955 212.076 203.344 156.733 163.746 176.876 154.043 148.587 258.344 219.224 170.783 157.75 211.044 161.821 139.391 148.865 133.42 178.438 133.379 165.719 132.712 126.805 172.582 122.321
threshold=1.2124300000000001 2.8235275583333334e-05 2.5626025419166668e-05 0.2776876791666667 3.2667104388183221e-05 0.022842600000000001 0.16987105416666667 -2.0872112354166663e-05 -8.9178899999999991e-06 0.06544596816666666 2.3239972855121771e-05 -0.0051749999999999496 2.0685800000000001e-05 3.510785460144928e-05 0.0089831945000000014 2.8460550000000003e-05 -2.7059088346153841e-05 -4.0792199999999987e-06 0.20511593750000004 1.0000000180025095e-35 0.48595250000000006 3.3002900000000009e-05 0.079706026166666652 0.00091475083333330002 1.1134220706034487e-05 0.00035227849999995006 2.0260170901934476e-05 -3.6309707658333328e-06 0.033411158333333309 1.6691314552845532e-05
decision_type=8 10 10 8 8 10 10 10 10 10 10 8 10 10 10 8 8 8 10 8 10 10 8 10 10 10 10 10 8 10
left_child=4 2 -2 -4 5 7 12 -1 9 10 11 -8 24 15 17 26 -17 18 19 -15 21 -10 23 -18 25 27 -6 -7 -29 -28
right_child=1 -3 3 -5 13 6 8 -9 20 -11 -12 -13 -14 14 -16 16 22 -19 -20 -21 -22 -23 -24 -25 -26 -27 29 28 -30 -31
leaf_value=-0.041741048840217954 -0.036509196347035817 0.046926513220118288 0.050805933878058956 -0.055103301872997112 0.037629902033975163 0.070764902939115484 -0.017537863630796836 0.022281401587177795 -0.013260830580814962 0.075795492676278067 -0.01492163874155057 0.084969094749883178 -0.05409608093545535 -0.068487258464410894 -0.045945899710644583 0.040002008691189563 -0.056272662685263576 0.073496810456247549 -0.048525104173600564 0.097971964766207426 -0.052635173722011666 0.097531888627870669 -0.046299168632696674 0.060660958642546607 0.065472954264919059 -0.010857261056390177 -0.0080922875361361911 -0.064890637225311076 0.043264659012613865 0.012099038558307053
leaf_weight=137.48523001372814 1030.0855077430606 67.68462161719799 108.84553726017475 51.772751316428185 212.2848673760891 171.86345048248768 69.104747861623764 2185.9955014288425 1293.4656457901001 96.30577364563942 324.77249248325825 107.61852154135704 61.987371250987053 18.546941056847572 103.90663331747055 80.823668256402016 58.407089546322823 199.34847578406334 83.956655189394951 68.611734449863434 232.5514467805624 31.046326979994774 615.45731362700462 73.908021837472916 181.46699373424053 291.82570205628872 2946.0340095981956 53.131134197115898 120.61904358863831 1006.2997976988554
leaf_count=598 9069 409 570 538 970 722 307 9528 5799 398 1496 464 264 96 492 379 301 913 388 307 1083 133 3412 332 755 1277 13850 222 517 4666
internal_value=-0.000162162 -0.0252341 -0.029336 0.0166678 0.00275191 0.00863581 0.00109136 0.0184931 -0.00741536 0.0173732 0.00615391 0.0448854 0.0219007 -0.00301539 0.0237266 -0.00555596 -0.0290436 0.0432681 0.00805183 0.0625503 -0.0169324 -0.0106639 -0.0365065 0.00904363 0.0276533 0.0168868 -0.000882826 0.040313 0.0101918 -0.00295139
internal_weight=12085.2 1258.39 1190.7 160.618 10826.8 5359.24 3035.76 2323.48 2154.86 597.802 501.496 176.723 880.894 5467.59 474.37 4993.21 828.596 370.464 171.115 87.1587 1557.06 1324.51 747.772 132.315 818.906 637.439 4164.62 345.614 173.75 3952.33
internal_count=60255 10586 10177 1108 49669 23563 13437 10126 9680 2665 2267 771 3757 26106 2196 23910 4424 1704 791 403 7015 5932 4045 633 3493 2738 19486 1461 739 18516
is_linear=0
shrinkage=0.05


Tree=28
num_leaves=31
num_cat=0
split_feature=48 28 23 50 28 5 6 14 6 28 53 17 54 16 5 28 54 15 41 1 29 29 28 28 23 11 6 17 3 29
split_gain=325.043 152.708 132.886 145.125 227.47 168.996 136.249 141.852 147.396 159.105 137.072 134.828 228.387 207.855 178.827 127.956 147.778 125.639 121.124 119.65 182.258 119.135 289.045 117.245 115.75 114.954 113.915 112.232 205.592 167.508
threshold=1.2124300000000001 1.0000000180025095e-35 3.2667104388183221e-05 0.022842600000000001 0.17102325500000001 -2.0216682101063827e-05 -1.7762799999999995e-05 -8.2400899999999986e-06 3.3604200000000006e-05 0.52538875000000007 0.46514347598039224 3.510785460144928e-05 0.011889650000000002 2.8397455000000007e-05 -2.7615330952380947e-05 0.65877825000000012 0.21973550000000003 1.7369649999999999e-06 1.0000000180025095e-35 -4.0792199999999987e-06 0.18840107083333332 0.079706026166666652 1.0000000180025095e-35 0.36626325000000004 4.5931699244167455e-05 2.3081325640833334e-05 1.4009150000000001e-05 -1.4727098124999997e-05 1.3924999999999937e-07 0.98591420833333354
decision_type=8 8 8 8 8 10 10 10 10 10 10 10 10 8 8 10 8 8 8 8 10 8 10 8 10 10 10 10 10 10
left_child=2 17 3 5 -5 -1 10 -8 9 25 -6 13 19 27 -15 -7 -17 -2 -12 20 -13 22 -16 -20 -14 26 -9 28 29 -4
right_child=1 -3 11 4 6 15 7 8 -10 -11 18 12 24 14 21 16 -18 -19 23 -21 -22 -23 -24 -25 -26 -27 -28 -29 -30 -31
leaf_value=-0.034973990884649843 0.01912438434267362 -0.035179853539840905 0.013396516937121409 0.028749125168383474 -0.0039114876886884144 0.011209183112758736 0.0085794517736140601 0.0037056527001777654 0.068748347985926619 -0.03839085748510724 -0.032928727428512397 0.062457666408010884 0.16225539212846496 0.048134469282875909 -0.057592215239534943 0.016374256585200989 0.057735322972450043 -0.059736364294975933 -0.053092278013031215 0.065757071147212978 -0.040772030666547887 -0.046274653312630358 0.091867493759970664 0.091679341132282655 -0.061692227081908281 0.09759011222225164 -0.04725008183148284 0.0048396047125291155 -0.036086534769974365 -0.046238371979976205
leaf_weight=142.73073732852936 271.20738214254379 900.21614103764296 688.85020691901445 597.44770906865597 235.16715942323208 1287.0670517385006 643.08079144358635 452.60527616739273 45.521385565400124 740.13187073171139 31.860400408506393 82.859912917017937 6.1750860065221778 68.471668034791946 75.611864238977432 453.52856613695621 412.26584942638874 62.063907444477081 15.782786026597021 205.88352265954018 88.348311066627502 577.64934694766998 56.536679968237877 122.78292685747147 87.93212802708149 26.599068120121956 144.76266764104366 2812.2159622460604 555.64084982872009 142.03357552736998
leaf_count=625 1329 8743 3228 2562 1093 5552 2848 1960 196 3416 141 390 29 315 391 2113 1704 514 64 941 413 3286 247 511 423 108 670 12983 2701 759
internal_value=-0.000159774 -0.0244755 0.00261749 0.00821382 0.00107709 0.0177138 -0.00564814 -0.0108806 -0.0197584 -0.0227119 0.020833 -0.00287933 0.0226838 -0.00529953 -0.0290329 0.0212069 0.0360692 0.00443843 0.0549774 0.0400735 0.00918821 -0.036477 0.00635064 0.0751897 -0.0469973 -0.00411407 -0.00864266 -0.000900353 -0.0125424 0.00320236
internal_weight=12033 1233.49 10799.5 5351.33 3055.74 2295.59 2458.29 2052.7 1409.62 1364.1 405.593 5448.21 471.199 4977.01 778.27 2152.86 865.794 333.271 170.426 377.092 171.208 709.798 132.149 138.566 94.1072 623.967 597.368 4198.74 1386.52 830.884
internal_count=60255 10586 49669 23563 13569 9994 11007 9198 6350 6154 1809 26106 2196 23910 4239 9369 3817 1843 716 1744 803 3924 638 575 452 2738 2630 19671 6688 3987
is_linear=0
shrinkage=0.05


Tree=29
num_leaves=31
num_cat=0
split_feature=48 28 59 22 17 28 17 28 6 12 11 11 13 17 28 53 17 28 12 8 28 17 59 28 50 41 54 17 0 41
split_gain=298.925 142.427 138.395 117.369 111.343 265.635 103.359 158.487 151.883 105.011 153.069 123.125 169.144 179.699 152.371 110.05 123.436 171.978 125.694 170.142 122.622 142.194 174.952 127.537 149.408 166.702 184.615 193.685 121.403 119.647
threshold=1.2124300000000001 1.0000000180025095e-35 0.058718105083333305 1.4931017175108505e-05 -3.0066017222222221e-05 1.0000000180025095e-35 -2.4565234999999996e-05 0.16124650000000004 4.8361950000000009e-06 -2.1214599999999995e-05 1.0465404083333335e-05 1.8289895532500004e-05 1.2993250000000001e-05 3.1754101666666677e-05 0.045295750000000003 0.67232221666666669 1.5983075000000005e-05 0.72819200000000006 7.1149000000000011e-06 1.1028950000000003e-06 1.0000000180025095e-35 2.9568339833333337e-05 0.10923451333333331 0.013722712499999902 0.07126925000000002 0.013198879910714252 0.49111700000000008 -9.4825703333333324e-06 -3.6039499999999993e-05 1.0000000180025095e-35
decision_type=8 8 8 10 10 10 10 8 10 10 10 8 8 10 8 10 10 10 10 10 8 10 10 8 10 8 10 10 10 10
left_child=2 3 -1 -2 5 -3 7 8 -4 10 -8 15 -13 14 -14 20 18 -18 19 -17 21 22 -11 29 25 26 27 -25 -29 -22
right_child=1 4 6 -5 -6 -7 9 -9 -10 11 -12 12 13 -15 -16 16 17 -19 -20 -21 23 -23 -24 24 -26 -27 -28 28 -30 -31
leaf_value=-0.0039775221596997741 -0.058310093744705305 0.039758772410542445 0.03903827962517422 0.018408186966118702 -0.046802881151104619 -0.055618483729135415 0.052639317563050708 -0.038413975566615917 -0.070223319427617684 -0.054931935137864776 -0.041432458942679613 0.042735615318206861 0.080924555845536747 0.07449774725310912 -0.055101046577965732 0.051261340993467665 0.087370843839882806 -0.036744053288683874 -0.028924049665388748 -0.053400248672480125 -0.049290481595388597 0.050036225209584256 0.074712432795127945 -0.072976072536336992 -0.0096027409798913749 0.021278386884561303 0.087374550915030588 0.1025357476274414 -0.0079584616564884851 0.078491706496895186
leaf_weight=4678.9173493385315 61.151169665157795 142.7220956236124 170.81201918423176 269.83811292052269 586.8744505867362 149.44155918061733 265.76043096184731 288.46483104676008 39.083989679813385 249.49606671929359 51.645767003297806 504.81790778040886 24.113139480352402 48.243573933839798 140.80123873054981 200.77780118584633 132.97073893249035 35.325070232152939 134.8164567053318 48.141566082835197 22.484018310904503 50.165697827935219 29.052954390645027 119.43246740102768 1456.7428602576256 1392.0757860392332 46.838777363300323 26.122927367687225 513.98473614454269 98.890226945281029
leaf_count=22791 545 696 786 1298 6339 1708 1126 1889 194 1077 215 2114 103 207 630 847 571 176 604 204 96 231 126 501 6313 5958 196 109 2179 426
internal_value=-0.000157977 -0.0237211 0.00248938 0.00423428 -0.0342473 -0.00902665 0.00745701 -0.014362 0.0186931 0.00940129 0.0373327 0.0077207 0.0269658 -0.0103816 -0.0352119 0.00468876 0.0256176 0.0613193 0.00995979 0.0310196 0.00180423 -0.0274541 -0.0414099 0.00442016 0.00269949 0.0112397 -0.00854384 -0.0153557 -0.00261428 0.0548206
internal_weight=11980 1210.03 10770 330.989 879.038 292.164 6091.06 498.361 209.896 5592.7 317.406 5275.29 717.976 213.158 164.914 4557.32 552.032 168.296 383.736 248.919 4005.29 328.715 278.549 3676.57 3555.2 2098.45 706.379 659.54 540.108 121.374
internal_count=60255 10586 49669 1843 8743 2404 26878 2869 980 24009 1341 22668 3054 940 733 19614 2402 747 1655 1051 17212 1434 1203 15778 15256 8943 2985 2789 2288 522
is_linear=0
shrinkage=0.05


Tree=30
num_leaves=31
num_cat=0
split_feature=48 11 17 28 59 15 18 59 41 17 53 17 52 13 29 41 53 49 2 11 6 54 41 29 5 29 22 29 16 48
split_gain=276.532 135.284 142.352 149.27 125.317 94.8439 96.0519 91.4785 249.045 182.854 187.015 163.311 163.683 125.684 257.362 164.729 170.068 109.773 109.605 108.409 99.106 105.328 107.03 138.556 98.3159 95.8862 95.6163 91.5985 138.088 300.318
threshold=1.2124300000000001 2.8235275583333334e-05 2.5626025419166668e-05 0.27229100000000006 0.058718105083333305 5.7584999999999901e-07 6.5394052892645128e-06 0.0052842260833333007 0.44358149641666667 -2.9302940566037732e-05 0.97493850000000004 -1.5201908499999999e-05 0.055114965000000009 -4.7807049999999993e-06 0.18840107083333332 0.034162072083333307 1.0000000180025095e-35 0.97249550000000007 3.6725500000000006e-05 -2.3405994761904753e-05 -3.0552149999999992e-05 0.038319500000000013 0.070501905416666663 0.10431725208333327 -1.9229530714285712e-05 1.026720854166667 4.6259257081085504e-05 0.065365579166666674 1.1930415000000001e-05 1.0000000180025095e-35
decision_type=8 10 10 8 8 8 10 10 8 10 10 10 10 8 10 8 10 10 8 10 10 10 10 10 10 10 10 8 10 10
left_child=4 2 -2 -4 7 6 -6 13 9 -9 11 -11 20 14 18 19 25 27 -1 26 -13 22 23 -22 -25 -17 -16 -15 -29 -30
right_child=1 -3 3 -5 5 -7 -8 8 -10 10 -12 12 -14 17 15 16 -18 -19 -20 -21 21 -23 -24 24 -26 -27 -28 28 29 -31
leaf_value=0.06561565487989289 -0.034375832782105813 0.046226884455045358 0.051548313199336497 -0.05411425433992572 0.067519506475069865 -0.0084402007394230975 0.0088293580311272282 0.086593353245445037 -0.053544269957543855 -0.056154245462994003 0.12165828821010763 -0.052503193743057341 -0.025465293703758659 -0.0354411195914201 0.1149950818389562 0.078383469113861348 -0.024336854431997488 -0.060070511634520624 -0.040594232482291596 0.014112576645687137 -0.071458078377493031 0.069222139157664953 -0.030130581469034707 -0.067406887192902415 0.052956154497926761 -0.063751618265648763 -0.016523385979508826 -0.015380001377561556 -0.030359909747121102 0.036949280750033946
leaf_weight=251.90071302652359 961.70130144059658 66.380957409739494 103.8215749412775 49.295111991465092 70.669409707188606 844.10859458148479 5152.5975517183542 53.795773774385452 314.10107676684856 169.16709074378014 27.245947152376175 47.20776279270649 429.8882994800806 212.26089623570442 53.774993672966957 66.704987689852715 562.10501432418823 94.352009847760201 26.883098363876343 358.74535264074802 30.149344980716705 99.104646503925323 109.84973651170731 18.524128302931786 201.69384138286114 14.4331187158823 18.599644616246223 760.85487994551659 246.78167574107647 504.5064080953598
leaf_count=1084 9069 409 539 569 353 4185 22340 232 1642 934 113 245 2089 1059 229 304 2809 463 137 1583 150 463 568 97 887 88 96 3705 1344 2470
internal_value=-0.000154833 -0.0231176 -0.0272466 0.0175308 0.00237064 0.00711036 0.00962342 -0.00378386 -0.0139547 -0.00347534 -0.00775251 -0.0109417 -0.0027739 0.00102829 0.0125672 0.00145939 -0.014569 -0.0075566 0.0553738 0.0253743 0.0164841 0.0235745 0.0110157 0.0290687 0.0428315 0.0531 0.081196 -0.00468326 -0.000365752 0.0148397
internal_weight=11921.2 1181.2 1114.82 153.117 10740 6067.38 5223.27 4672.63 1500.73 1186.63 1132.83 1105.58 936.418 3171.9 1353.15 1074.36 643.243 1818.76 278.784 431.12 506.529 459.322 360.217 250.367 220.218 81.1381 72.3746 1724.4 1512.14 751.288
internal_count=60255 10586 10177 1108 49669 26878 22693 22791 7420 5778 5546 5433 4499 15371 6330 5109 3201 9041 1221 1908 2410 2165 1702 1134 984 392 325 8578 7519 3814
is_linear=0
shrinkage=0.05


Tree=31
num_leaves=31
num_cat=0
split_feature=48 28 23 13 23 48 28 17 28 51 7 59 40 40 40 41 29 14 0 17 17 58 16 58 23 6 59 28 59 17
split_gain=254.308 130.008 121.705 125.83 233.639 139.154 226.542 171.249 250.034 154.845 162.754 123.625 140.664 159.588 124.367 139.507 150.034 137.93 121.984 118.123 115.526 211.501 186.903 112.748 110.198 109.797 164.038 111.412 112.681 109.3
threshold=1.2124300000000001 1.0000000180025095e-35 3.2667104388183221e-05 -9.1493049999999976e-06 2.3571660255252437e-05 0.052423050000000006 0.11552399999999997 -3.6309707658333328e-06 0.78289900000000012 -0.0098084999999998989 -1.5482299999999996e-05 0.028680226428571404 1.0000000180025095e-35 0.042432450000000003 0.0012854150000000503 0.0019281404166666004 0.13330470833333333 2.0065350000000005e-06 2.5835650000000004e-05 1.1134220706034487e-05 3.510785460144928e-05 0.14959164999999999 2.8397455000000007e-05 0.043079255000000004 2.9747139582539254e-05 -1.6861349999999997e-06 0.076967188583333318 0.22415675000000004 0.026042393999999951 -3.0066017222222221e-05
decision_type=8 8 8 8 10 10 10 10 10 10 10 10 8 8 8 8 8 8 10 10 10 10 8 10 10 10 8 10 10 10
left_child=2 24 3 4 -1 7 19 8 23 10 -8 12 -9 -14 -13 -16 -17 -18 -15 -7 22 -22 -4 -5 -2 26 27 28 -6 -3
right_child=1 29 20 5 25 6 9 11 -10 -11 -12 14 13 18 15 16 17 -19 -20 -21 21 -23 -24 -25 -26 -27 -28 -29 -30 -31
leaf_value=0.047341412399655086 -0.026353179546290337 -0.007515655770792962 -0.0011389205398548684 -0.054722748577961992 0.075453558497775741 0.0044879310008584606 0.060660821131701181 0.0036357946416660162 0.042699645880048931 -0.027845966718985656 -0.01037370486647627 0.042836803823365827 0.077252666900721551 0.033531007553320141 0.12269127867279972 0.063464720880941627 0.026085841474702914 -0.067293977385391765 -0.062870778469145669 0.053897484047138948 0.032242721997354305 -0.077783847985540944 -0.028130222771624993 0.027653915655621822 0.032030532790531745 -0.0092116086038082842 0.056399093542335535 -0.026642427759279642 -0.052689005969223282 -0.045776625765633169
leaf_weight=510.23079706728458 153.14572448283434 281.91609049588442 4171.4322352334857 244.13659250736237 66.250373557209969 368.54486533999443 110.05081002414227 338.10773655772209 129.36577512323856 995.07399028539658 301.69633263349533 105.2369147092104 227.77510090172291 425.12829107046127 15.887163817882536 36.834209963679314 51.566591918468475 169.63173246383667 35.559932589530945 180.06322386860847 417.82815666496754 48.776311978697777 757.8991843611002 50.053552314639091 171.140031889081 551.97890861332417 211.0605541318655 170.50456084311008 23.150211155414581 552.42106769233942
leaf_count=2200 1047 2404 19671 1053 279 1613 474 1446 571 4619 1356 443 959 1911 67 165 214 793 171 755 1974 222 4239 212 796 2446 880 821 115 6339
internal_value=-0.000154072 -0.0224067 0.00225239 0.00762043 0.0197045 0.00272521 -0.00654781 0.0126377 -0.0152324 -0.0171754 0.00861224 0.0210351 0.0300465 0.0430169 -0.00336308 -0.0211126 -0.0299666 -0.0455249 0.0260899 0.0207051 -0.00303801 0.0207411 -0.00528891 -0.0407072 0.0044585 0.0059196 0.0236536 -0.00293796 0.0422711 -0.0328485
internal_weight=11872.4 1158.62 10713.8 5317.89 1533.18 3784.71 1955.43 1829.28 423.556 1406.82 411.747 1405.73 1026.57 688.463 379.157 273.92 258.033 221.198 460.688 548.608 5395.94 466.604 4929.33 294.19 324.286 1022.94 470.966 259.905 89.4006 834.337
internal_count=60255 10586 49669 23563 6741 16822 8817 8005 1836 6449 1830 6169 4487 3041 1682 1239 1172 1007 2082 2368 26106 2196 23910 1265 1843 4541 2095 1215 394 8743
is_linear=0
shrinkage=0.05


Tree=32
num_leaves=31
num_cat=0
split_feature=51 11 17 28 59 59 17 10 19 17 28 7 51 11 5 5 12 11 11 17 5 23 54 17 28 12 50 28 7 5
split_gain=225.496 113.404 131.936 121.221 111.816 91.8125 91.2127 89.2749 82.747 82.3607 140.564 135.662 103.371 101.684 269.728 103.426 120.686 145.628 115.702 222.774 108.45 99.5768 91.6713 111.781 231.549 172.634 163.154 142.962 165.249 139.645
threshold=0.073266999999999916 2.8235275583333334e-05 2.5827678333333336e-05 0.27229100000000006 0.058718105083333305 0.026042393999999951 -3.6309707658333328e-06 -3.4396084999999993e-05 1.0000000180025095e-35 -2.4565234999999996e-05 0.16124650000000004 4.8296500000000013e-06 0.0026927500000000003 3.091237416666667e-05 -3.1235369999999994e-05 -3.4225430313588844e-05 -2.1214599999999995e-05 1.1398979488333335e-05 -8.4951905217542356e-06 1.9596513333333337e-05 3.4289593333333342e-05 3.2916783190574908e-05 0.78117500000000006 -1.2438732689393938e-05 0.36626325000000004 -9.1518449999999974e-06 0.58823400000000003 0.88504820000000006 2.2052650000000006e-05 -1.7625432666666665e-06
decision_type=8 10 10 8 8 10 10 10 10 10 8 10 10 8 8 10 10 10 10 10 10 8 10 10 10 10 10 8 10 10
left_child=4 2 5 -4 8 -2 -3 -7 -1 10 11 12 -6 15 -15 18 17 20 19 -11 -17 -12 23 24 -18 27 29 28 -25 -26
right_child=1 6 3 -5 9 7 -8 -9 -10 13 21 -13 -14 14 -16 16 22 -19 -20 -21 -22 -23 -24 25 26 -27 -28 -29 -30 -31
leaf_value=0.091956905993711896 -0.035256651401582649 0.075441931204595913 0.052637109000266059 -0.042655169975922592 0.011057269536329913 0.08184937471649921 -0.054738980462573819 -0.034654023318756826 -0.0041563640401626181 -0.057497174378971644 0.098418777767770291 -0.067616502746438545 0.096081587226455323 -0.075615387076125987 0.073884320768035305 0.059442429852182337 -0.05579512604933215 -0.046691705235312547 0.075385965954296807 0.075188380168828853 -0.074026105989676447 -0.044178164872972957 0.056790625060533229 0.077544444486889408 -0.049145855532472651 0.0027789022960930838 0.075440113521362859 -0.011290250319636923 -0.059095754454308085 0.019094454519968863
leaf_weight=22.503507390618324 915.4552653580904 51.263522490859032 96.233634740114212 51.09222848713398 118.86769668757915 34.215348690748215 18.244215548038483 31.657619923353195 4588.984556183219 65.983700171113014 12.861983746290205 38.229153707623482 51.122914686799049 37.610602766275406 152.51973213255405 239.06366595625877 237.53315351903439 44.907950267195702 114.95046955347061 60.767621278762817 16.254710882902145 254.27870168536901 79.846685349941254 201.25292141735554 125.99797841906548 3783.1517267525196 71.034746810793877 92.412039533257484 24.860329270362854 185.10989369452
leaf_count=95 9047 250 512 587 545 145 179 251 22564 276 53 195 238 166 668 1009 1009 188 489 268 76 1686 359 835 522 16463 293 397 104 786
internal_value=-0.000150856 -0.020713 -0.0245304 0.01959 0.00216897 -0.0311541 0.0412724 0.0258595 -0.00368734 0.00666357 -0.0133084 0.0174883 0.0366275 0.00837936 0.0443111 0.00710076 0.00558657 0.0363407 0.0390597 0.00611546 0.0509452 -0.0373126 0.00366348 0.002765 -0.0170283 0.00575534 0.00706847 0.0411068 0.0625214 -0.00854272
internal_weight=11818.3 1198.16 1128.65 147.326 10620.1 981.328 69.5077 65.873 4611.49 6008.62 475.36 208.22 169.991 5533.26 190.13 5343.13 5101.43 300.226 241.702 126.751 255.318 267.141 4801.2 4721.35 619.676 4101.68 382.143 318.525 226.113 311.108
internal_count=60255 10971 10542 1099 49284 9443 429 396 22659 26625 2717 978 783 23908 834 23074 22041 1273 1033 544 1085 1739 20768 20409 2610 17799 1601 1336 939 1308
is_linear=0
shrinkage=0.05


Tree=33
num_leaves=31
num_cat=0
split_feature=48 28 23 5 48 28 13 40 20 0 28 23 59 59 23 51 41 5 17 28 20 17 58 12 5 0 29 58 29 28
split_gain=217.727 119.157 110.578 115.834 159.419 187.579 160.077 127.739 132.837 123.245 133.808 142.592 120.003 111.987 149.726 137.266 111.987 107.251 158.553 232.019 104.775 101.879 197.901 178.232 149.598 128.345 181.729 144.757 124.337 269.098
threshold=1.2124300000000001 1.0000000180025095e-35 3.2667104388183221e-05 -2.0872112354166663e-05 0.0094050850000000023 0.15580632500000005 -8.9178899999999991e-06 0.48595250000000006 2.9935618132686652e-05 2.1160100000000004e-05 0.035683999999999862 1.9381932969500172e-05 0.00039632308333325004 0.06544596816666666 2.2745568783005832e-05 -0.0051749999999999496 0.035458122083333307 -2.4789059166666662e-05 -3.0066017222222221e-05 1.0000000180025095e-35 1.4426817432924489e-05 3.510785460144928e-05 0.0089831945000000014 2.8459750000000001e-05 -2.8202872166666662e-05 -4.076814999999999e-06 0.20511593750000004 1.0000000180025095e-35 0.079706026166666652 1.0000000180025095e-35
decision_type=8 8 8 10 10 10 10 10 8 10 10 10 8 10 10 8 8 8 10 10 10 10 10 8 8 10 10 8 8 10
left_child=2 20 3 -1 -5 9 13 8 -8 10 11 12 -6 14 15 -7 -16 -3 19 -19 -2 23 25 -4 -25 26 27 -23 29 -26
right_child=1 17 21 4 5 6 7 -9 -10 -11 -12 -13 -14 -15 16 -17 -18 18 -20 -21 -22 22 -24 24 28 -27 -28 -29 -30 -31
leaf_value=-0.02677254309690269 -0.054487404318335035 0.032452363019933365 -0.0010432186430770496 0.01949728569750447 0.0642334672068052 -0.017506505935639977 -0.018352169699745444 -0.048115704814713348 0.018057450303212878 -0.046955121510409391 0.056620363743686092 0.030214348889851507 -0.044295455674909542 0.06744367390969834 0.025497004360443616 0.07407321866781813 -0.035232813751857765 0.038430534366338483 -0.054493588297380914 -0.054600959057499059 0.018720198748669564 -0.066227208277821623 -0.042755622756826178 0.046812763623532316 -0.055404216406303303 0.063765602314762429 -0.048693483160798787 0.090320639186525956 -0.043887665634166906 0.091556103872035347
leaf_weight=239.80942912399769 60.415459901094437 60.462568372488022 4143.3105435073376 2059.5472342818975 31.025078192353249 62.079943016171455 950.9881010055542 245.38121594488621 340.09946325421333 61.439445078372955 252.13664647936821 364.98293802142143 142.26921162009239 88.158204764127731 117.92987167835236 120.02709233760834 213.04862141609192 139.58272695541382 465.05449385941029 128.91977089643478 255.86339696496725 19.000198528170586 100.58485859632492 62.382536023855209 68.918523788452148 197.47206461429596 82.364125490188599 66.274695634841919 572.58578236401081 56.839256718754768
leaf_count=1084 570 319 19599 9045 130 279 4295 1168 1583 261 1082 1574 640 364 510 521 1027 691 6059 1674 1273 98 492 289 378 907 389 310 3392 252
internal_value=-0.000145934 -0.0212171 0.00204902 0.00718054 0.00879316 0.00141896 -0.00648721 -0.0150462 -0.00876111 0.0212594 0.0265617 0.0124818 -0.0248654 0.0153852 0.00644054 0.0428539 -0.0135944 -0.0315549 -0.0368307 -0.00623795 0.00473611 -0.00300528 0.019344 -0.0051276 -0.0273733 0.0364518 0.00427733 0.05544 -0.0340002 0.011018
internal_weight=11769 1110.3 10658.7 5288.92 5049.11 2989.57 2137.71 1536.47 1291.09 851.853 790.414 538.277 173.294 601.244 513.086 182.107 330.978 794.02 733.557 268.502 316.279 5369.73 465.696 4904.04 760.726 365.111 167.639 85.2749 698.344 125.758
internal_count=60255 10586 49669 23563 22479 13434 9747 7046 5878 3687 3426 2344 770 2701 2337 800 1537 8743 8424 2365 1843 26106 2196 23910 4311 1704 797 408 4022 630
is_linear=0
shrinkage=0.05


Tree=34
num_leaves=31
num_cat=0
split_feature=3 3 14 3 3 0 0 17 27 17 48 14 29 5 18 29 3 55 11 48 58 23 29 17 14 57 40 13 17 5
split_gain=205.799 145.017 161.512 121.656 196.952 227.257 673.204 106.4 94.8338 88.1454 86.3941 100.354 82.1358 78.4866 90.9883 70.6325 75.8745 80.972 67.4384 109.155 112.969 102.154 78.8089 72.5507 71.5569 68.1428 66.7092 85.8409 62.6933 62.3389
threshold=9.981050000000008e-07 -4.2317999999999985e-07 -4.0421449999999987e-06 3.0189999999999032e-09 -1.0000000180025095e-35 3.5428650000000004e-07 -1.0000000180025095e-35 -1.6493681982881351e-05 inf 2.5827678333333336e-05 inf -4.2983149999999994e-06 0.98987426666666678 1.9159753333333337e-05 5.5715028507262019e-05 0.68391075000000012 6.9900850000000009e-06 0.17929950000000003 1.2117566407246379e-05 0.209788 0.10474049000000001 5.5459567052328459e-05 0.57243033333333349 -1.4468681111111109e-05 -4.8221799999999988e-06 0.0028605000000000006 0.46539925000000004 2.7254550000000005e-05 4.093933583333334e-05 -3.503302878787878e-05
decision_type=8 10 8 10 10 10 10 10 8 8 8 10 8 10 8 8 8 10 8 8 10 10 10 10 8 10 8 8 8 10
left_child=1 2 13 4 -3 6 -6 12 -2 15 28 -12 -5 14 -1 16 17 -10 25 20 21 23 -21 -20 -24 -9 27 -4 -11 -22
right_child=8 3 26 7 5 -7 -8 18 9 10 11 -13 -14 -15 -16 -17 -18 -19 19 22 29 -23 24 -25 -26 -27 -28 -29 -30 -31
leaf_value=0.014355305256334197 -0.055726732657926492 0.0034992150690253813 -0.0022578759669296621 -0.0092410810153799681 7.6093391802869694e-05 0.001094165389997314 0.087739606106441714 -0.0024272919479497008 -0.018006831872608518 0.01947907693833463 0.092325884071935968 -0.03567287973368722 -0.0536133794805475 -0.01310577344733109 0.12007826551959817 -0.027562869866971373 0.062516626458910859 0.035774534037257645 -0.068530313391205175 0.012898743044649084 0.076755223678151352 -0.077439675841496414 0.066809842704871822 0.054390512436022088 -0.057088230823997638 0.033431028151849014 -0.030851867874763357 -0.033100918597590782 -0.033437451156684096 -0.062530091684421849
leaf_weight=723.83254462480545 136.96465807408094 2097.7851053997874 930.86612487584352 468.99961595982313 445.09211099892855 504.86014184355736 431.13977435231209 2177.8815137892962 437.81589815020561 127.95199838280678 56.294185779988766 21.035031788051128 134.1145578250289 296.06732423603535 20.939793668687344 788.75611551851034 39.440691269934177 83.302039176225662 12.457433164119719 199.31276604533195 9.9800585806369764 16.504222810268402 13.396472617983816 329.8852698802948 89.578252159059048 141.07092300057411 537.48087899386883 297.74745084345341 99.49931251257658 41.179992854595184
leaf_count=3451 1741 10053 4426 2321 2050 2330 1885 10272 2059 613 264 259 733 1478 98 5953 203 357 53 1029 42 75 59 1459 524 622 3185 1630 854 177
internal_value=-0.000145072 0.00267127 -0.00695233 0.00646881 0.0131522 0.0278144 0.0432099 7.13463e-05 -0.015744 -0.0124333 0.0118525 0.0575078 -0.0191082 0.00867094 0.0173278 -0.0179189 -0.00434903 -0.00940974 0.00388741 0.0173438 0.0341503 0.0440601 -0.00545164 0.0499176 -0.0409697 -0.00024589 -0.0161598 -0.00973251 -0.00366943 -0.035359
internal_weight=11711.2 9920.17 2806.93 7113.24 3478.88 1381.09 876.232 3634.36 1791.06 1654.1 304.781 77.3292 603.114 1040.84 744.772 1349.31 560.559 521.118 3031.25 712.294 410.007 358.847 302.287 342.343 102.975 2318.95 1766.09 1228.61 227.451 51.1601
internal_count=60255 47952 14268 33684 16318 6265 3935 17366 12303 10562 1990 523 3054 5027 3549 8572 2619 2416 14312 3418 1806 1587 1612 1512 583 10894 9241 6056 1467 219
is_linear=0
shrinkage=0.05


Tree=35
num_leaves=31
num_cat=0
split_feature=48 9 5 28 54 12 20 15 57 40 2 2 23 28 11 22 10 13 23 52 40 56 13 41 23 16 48 0 23 48
split_gain=191.744 115.898 187.455 184.375 140.086 130.327 101.933 97.1665 98.0996 121.893 140.54 472.054 124.096 118.087 154.839 122.097 173.473 111.783 126.549 96.4917 127.935 108.69 108.243 94.1502 183.157 155.257 150.282 172.922 129.421 127.501
threshold=1.2124300000000001 -1.5125149999999999e-06 -3.2666883809523798e-05 0.27229100000000006 0.78490250000000017 2.6943650000000004e-05 6.5241798334359892e-06 5.7584999999999901e-07 0.0027094999999999004 0.042432450000000003 -1.0000000180025095e-35 1.0000000180025095e-35 1.596241054701658e-05 0.13211825000000002 3.1243854495614039e-06 4.2700489505239566e-05 -1.1985157499999999e-05 -2.9572349999999997e-06 3.3437866615855038e-05 0.063203800000000018 0.0025708355000000007 1.0000000180025095e-35 2.5336450000000004e-05 0.0093488122727272503 2.1086091309981106e-05 2.3775745000000003e-05 0.020154850000000005 1.7058400000000003e-05 5.0080285280904641e-05 1.0000000180025095e-35
decision_type=8 10 10 8 8 10 8 8 8 10 10 10 10 10 10 8 8 10 10 10 8 8 10 10 8 10 10 10 10 10
left_child=6 4 -3 5 -2 -4 -1 8 9 10 12 -12 -8 14 -11 17 -17 18 -15 20 -14 22 -22 24 -10 26 27 -25 -27 -26
right_child=1 2 3 -5 -6 -7 7 -9 23 13 11 -13 19 15 -16 16 -18 -19 -20 -21 21 -23 -24 25 29 28 -28 -29 -30 -31
leaf_value=0.055684862792560463 0.045863664310127866 0.064931307946917358 -0.013306587199902471 -0.055118615019886491 -0.047977940179737603 0.057300039718310262 0.065596794943698897 -0.01012689563447567 -0.051968084791674821 0.036983988137344735 0.091847670630420875 0.0056732974840296921 -0.016659530074290455 0.0062472306873029163 -0.027234357491649777 -0.033685346374480292 0.026335039513965399 -0.037460501248760762 -0.044270640054291238 -0.025159795392323377 0.087684321113938146 -0.0002582424867074615 -0.043817647104989699 0.04891899729661689 -0.014292600641734116 -0.023868764634522976 0.0095900663079563613 -0.0026765605610746673 0.038521007691950986 0.018675125735450965
leaf_weight=87.350188732147217 43.922548249363899 80.922853164374828 237.25149449706078 196.52731708437204 420.55128011107445 90.204388953745365 56.150144830346107 1546.3145056813955 158.56925040483475 265.59574535489082 180.67552141845226 1319.7263358384371 322.77298608422279 437.78995731472969 145.16906367242336 186.98313146829605 338.00067594647408 686.72891183197498 172.93828313052654 566.09565886855125 97.014863878488541 129.14809100329876 18.65813846886158 666.98967823386192 496.67883341014385 390.00804620981216 1294.0845132991672 214.65518459677696 105.63655276596546 716.12506038695574
leaf_count=413 268 458 1495 2597 5286 482 238 7811 672 1221 778 6108 1541 2070 709 1006 1713 3569 916 2691 441 610 100 2883 2126 1846 5574 910 518 3205
internal_value=-0.000140456 -0.0203192 -0.00589543 -0.0168338 -0.0391039 0.00614345 0.0018953 0.00144835 0.00344462 -0.00129456 0.00587337 0.0160503 -0.0069598 -0.00992943 0.0142885 -0.015388 0.00495762 -0.0236203 -0.00805778 -0.0105534 0.00401436 0.0312709 0.066473 0.00921622 -0.00143334 0.0146833 0.0204365 0.036357 -0.0105717 0.00517387
internal_weight=11669.2 1069.38 604.906 523.983 464.474 327.456 10599.9 10512.5 8966.19 4923.45 2690.24 1500.4 1189.84 2233.21 410.765 1822.44 524.984 1297.46 610.728 1133.69 567.594 244.821 115.673 4042.75 1371.37 2671.37 2175.73 881.645 495.645 1212.8
internal_count=60255 10586 5032 4574 5554 1977 49669 49256 41445 23711 12507 6886 5621 11204 1930 9274 2719 6555 2986 5383 2692 1151 541 17734 6003 11731 9367 3793 2364 5331
is_linear=0
shrinkage=0.05


Tree=36
num_leaves=31
num_cat=0
split_feature=48 53 17 29 17 11 56 41 28 28 17 28 4 15 20 28 29 14 11 23 59 17 6 1 41 17 23 18 48 11
split_gain=177.54 107.028 154.569 168.247 165.985 137.187 125.053 122.104 106.009 105.259 95.5425 210.372 97.1477 93.3224 92.7637 80.7451 139.11 142.421 103.873 83.1632 188.695 66.2261 94.3023 87.8284 118.382 91.9627 105.077 64.7774 65.1775 113.292
threshold=1.2124300000000001 0.63569836666666679 -2.661363868421052e-05 0.54617691666666679 -4.0838552916666654e-06 -3.4554164254385959e-05 0.78490250000000017 0.11016637333333332 1.0000000180025095e-35 0.60589575000000007 -3.0066017222222221e-05 1.0000000180025095e-35 -2.4997929999999999e-05 1.9300000000000818e-08 8.2115183174785214e-06 0.36186374999999998 0.24261129166666673 2.0821550000000004e-05 2.1188832583333336e-05 2.8445101372041986e-05 0.013210807595238051 5.5356230250000008e-06 -2.9421649999999996e-05 6.0334300000000009e-06 0.34366183333333333 1.4398978166666669e-05 2.8198485648172078e-05 6.5394052892645128e-06 0.17692900000000003 2.207474916666667e-05
decision_type=8 10 10 8 10 10 10 10 8 8 10 10 8 8 10 10 10 8 10 10 8 10 10 10 10 10 10 10 10 10
left_child=1 6 -3 15 7 -6 13 9 14 -5 11 -10 -12 27 -2 16 19 -18 -17 -4 -21 -16 -23 25 -25 -24 -27 -1 29 -29
right_child=8 2 3 4 5 -7 -8 -9 10 -11 12 -13 -14 -15 21 18 17 -19 -20 20 -22 22 23 24 -26 26 -28 28 -30 -31
leaf_value=0.053340466721460082 -0.058182270773848299 -0.034811989192654928 0.074602142114379461 -0.077847788229685619 0.090490515223981355 -0.017535832808427559 0.072454284916353001 -0.0049105221805497944 0.036047126299751465 0.08962204687500111 0.018217732682848153 -0.054381134045994331 -0.051755381069388699 -0.0066781639567136536 0.081834312535829443 0.073509506821815826 -0.06706026152114028 0.066638128595240792 -0.046728824104762513 -0.058835287540377285 0.048532239366774393 0.069980175151950805 -0.092572598871379322 -0.084504625451547327 0.051582918969291271 -0.061219975234647131 0.073281873283981377 0.0040297099014593874 -0.005547797170965413 0.03617374868993594
leaf_weight=64.732006162405014 49.239109270274639 146.87770654261112 116.08747351169586 10.29002623260021 31.169688940048218 514.58576427400112 58.717499390244484 81.476795464754105 139.26614454388618 106.40367065370083 56.263984434306622 119.50646375119686 419.00405371189117 3816.3181073516607 33.899296954274178 197.33720731735229 67.93503212928772 28.181563034653664 19.760712265968323 54.098075985908508 168.01132048666477 46.930381178855896 14.779287375509737 59.570051074028015 21.839018136262894 18.773161858320236 64.106546670198441 3237.8174374699593 1548.927038192749 299.47357098758221
leaf_count=314 515 792 516 45 128 2438 260 379 696 446 442 1708 5897 18422 159 838 299 131 94 269 749 232 91 319 106 127 294 14881 7307 1361
internal_value=-0.000138592 0.00180388 0.0139768 0.0191124 0.00286566 -0.0113661 -0.000276027 0.0420596 -0.0198173 0.0748546 -0.0301611 -0.00571449 -0.0434717 -0.000752264 0.0047437 0.0376666 0.0252207 -0.0278596 0.0625652 0.0403063 0.0223813 0.0166654 0.00689018 -0.00964452 -0.0479974 0.0223267 0.0428157 0.00363821 0.00300565 0.00675108
internal_weight=11611.4 10568.2 1542.22 1395.34 743.926 545.755 9025.99 198.17 1043.18 116.694 734.041 258.773 475.268 8967.27 309.137 651.411 434.313 96.1166 217.098 338.197 222.109 259.898 225.998 179.068 81.4091 97.659 82.8797 5150.95 5086.22 3537.29
internal_count=60255 49669 7124 6332 3436 2566 42545 870 10586 491 8743 2404 6339 42285 1843 2896 1964 430 932 1534 1018 1328 1169 937 425 512 421 23863 23549 16242
is_linear=0
shrinkage=0.05


Tree=37
num_leaves=31
num_cat=0
split_feature=3 3 14 3 3 1 1 6 54 3 41 5 19 41 59 28 59 40 53 23 1 5 28 54 11 59 5 29 23 16
split_gain=172.937 132.799 142.072 93.1086 169.233 198.227 594.607 72.5814 180.891 75.0293 71.4861 69.2556 77.4081 67.4082 107.343 67.2759 74.6367 66.7751 65.655 65.3801 64.6778 63.1567 58.8262 77.7877 62.7633 85.5037 56.4692 53.1001 64.5947 51.0962
threshold=8.4704000000000089e-07 -4.2317999999999985e-07 -4.0421449999999987e-06 3.0189999999999032e-09 -1.0000000180025095e-35 3.5060150000000007e-07 -1.0000000180025095e-35 inf 0.78490250000000017 6.9900850000000009e-06 1.0000000180025095e-35 1.9159753333333337e-05 5.1180991006353125e-05 0.11661564545454546 0.013871997333333301 1.0000000180025095e-35 0.14782484166666668 0.018132007499999953 0.058660435249999955 4.842786209868188e-05 -2.0663949999999997e-05 -2.4789059166666662e-05 0.66564925000000019 0.72680200000000006 -1.7570896408333331e-05 0.14782484166666668 -3.2666883809523798e-05 0.075296756547619012 4.6435430020246928e-05 1.0000000180025095e-35
decision_type=8 10 8 10 10 10 10 8 8 8 10 10 8 8 10 8 8 10 10 10 10 8 8 8 10 10 10 10 10 10
left_child=1 2 11 4 -3 6 -6 9 -9 10 -2 12 20 14 -4 -13 -17 27 21 29 -1 26 24 -24 25 -12 -10 -18 -29 -16
right_child=7 3 13 -5 5 -7 -8 8 18 -11 22 15 -14 -15 19 16 17 -19 -20 -21 -22 -23 23 -25 -26 -27 -28 28 -30 -31
leaf_value=-0.019934213465633663 -0.03001719283639355 0.0032697484662008516 -0.013636158109771125 0.00047460495210088495 0.00010469306330062927 0.0009815349023850077 0.083225149122373485 0.078124605839439532 -0.063145520079813805 0.020170664960385248 -0.036730602313432739 0.063545027262067941 0.085994137571718976 -0.024256498501556447 -0.01959016409658132 -0.041038918759960463 -0.081493805080052301 -0.042921804064976449 0.023437487233771859 -0.069204489401371819 0.019570867967058658 -0.054757927302776468 -0.031429349762154848 0.021088110882157944 0.014469512105802468 0.052392455904890924 0.14492797590877113 0.08008063486921714 -0.060120396500658119 0.05700759528003442
leaf_weight=126.11476512998343 422.31643878668547 2085.6418408975005 637.30267022922635 3295.1946726553142 442.90564204007387 503.09944346547127 418.41540967673063 33.605395644903183 5.677032358944416 197.32814096286893 148.20844953507185 26.506725862622261 37.763481594622135 945.60858161747456 26.784987539052963 163.30640880763531 7.7390000298619261 35.081640139222145 33.450340911746025 14.370329737663267 580.53006125986576 308.88296709209681 327.17786739766598 89.878072872757912 436.18188606202602 32.882858008146286 7.6611343100666982 51.120328791439533 9.7886388450860959 116.32794623076916
leaf_count=642 2499 10053 3103 15841 2050 2330 1885 149 37 1437 748 112 174 5406 121 845 57 156 252 74 2733 4319 1752 421 2022 146 46 225 83 537
internal_value=-0.000135647 0.00269618 -0.0065035 0.00648549 0.0122266 0.0259179 0.0404832 -0.0133348 -0.0327596 -0.008763 -0.0126826 0.00813735 0.0162477 -0.0152351 -0.00450184 -0.01243 -0.0199715 0.0131959 -0.0432364 0.0324629 0.0125204 -0.050158 -0.00560485 -0.0201115 0.00419647 -0.0205475 0.0563671 0.0418741 0.057549 0.0426716
internal_weight=11566.9 9523.6 2778.35 6745.26 3450.06 1364.42 861.321 2043.25 389.277 1653.97 1456.65 1037.95 744.408 1740.39 794.786 293.543 267.036 103.73 355.671 157.483 706.645 322.221 1034.33 417.056 617.273 181.091 13.3382 68.648 60.909 143.113
internal_count=60255 46427 14268 32159 16318 6265 3935 13828 4803 9025 7588 5027 3549 9241 3835 1478 1366 521 4654 732 3375 4402 5089 2173 2916 894 83 365 308 658
is_linear=0
shrinkage=0.05


Tree=38
num_leaves=31
num_cat=0
split_feature=4 11 57 53 48 29 16 11 23 13 59 23 59 54 20 59 40 59 53 54 40 13 29 11 28 29 11 54 29 40
split_gain=156.952 122.012 117.635 116.181 129.59 196.132 220.479 147.569 189.868 134.559 134.412 122.936 121.244 114.877 110.414 107.653 134.352 96.9292 95.6187 92.1009 96.62 92.0452 90.2728 115.791 103.026 151.546 127.975 88.8567 211.502 177.584
threshold=3.1506470000000005e-05 -2.7619440092592588e-05 -0.0053699999999998992 0.63569836666666679 0.17147150000000003 0.18840107083333332 -2.5214721999999994e-06 2.207474916666667e-05 3.4487767301349157e-05 2.6955600000000003e-05 0.46891603900709217 5.5459567052328459e-05 0.023120948666666603 0.12849400000000002 4.427671566754339e-05 0.00030824283333330001 0.20979175000000003 0.0039191101666666509 0.047604344833333305 0.24689300000000003 0.71198775000000014 -3.0488599999999995e-05 0.52823783333333341 -3.4554164254385959e-05 0.36186374999999998 0.34545647500000004 2.1188832583333336e-05 0.7518315000000001 0.055059621666666655 0.0073270304999999512
decision_type=8 10 8 10 8 8 8 8 8 10 10 10 8 10 8 10 8 10 10 8 8 8 8 10 10 10 10 8 8 8
left_child=3 2 -2 4 7 6 17 8 27 12 21 15 -8 -11 -3 -9 -17 -6 -12 -14 -21 -10 24 -24 25 -5 -26 -1 -29 -30
right_child=1 14 -4 22 5 -7 9 11 10 13 18 -13 19 -15 -16 16 -18 -19 -20 20 -22 -23 23 -25 26 -27 -28 28 29 -31
leaf_value=0.0025615246980174714 0.084447618808221048 -0.029726418565878179 -0.039899052233367018 0.026636752013375089 0.07050782679879973 -0.01702325404132211 -0.06312198556938356 0.0524412223052853 0.032768071288373182 0.04633989580357771 0.072575572384853751 -0.074971836977975201 0.092596314570742022 -0.075568644364598037 0.0095528919437584507 -0.049118601296739416 0.046104199392210346 -0.016579492304342601 -0.021356392715869033 0.0026458511115737314 -0.061775764670277344 -0.017275724744084165 0.082441312964729882 -0.0013182310909583528 0.072203736239780311 -0.058364191906217014 -0.054853091823578892 -0.022797548360705844 -0.0016883812825592638 0.043260169528056808
leaf_weight=2121.9944018945098 19.769383177161217 273.47642156854272 501.68225712329149 403.84457582235336 177.31908193230629 2099.1035018637776 109.05578953027725 321.15761625766754 97.268234372138977 171.55870917439461 78.604950308799744 26.277118742465973 23.400064215064049 21.777289405465126 517.39564200118184 70.423578903079033 78.1481773853302 38.973680332303047 41.342591375112534 305.46958653628826 71.902789745479822 1659.9834499210119 43.755848348140717 723.8288242444396 180.9665275067091 60.2615000680089 22.255758434534073 241.38254550099373 319.43111725151539 704.11363817751408
leaf_count=9740 86 1337 5389 1852 827 12319 545 1468 464 885 339 119 97 101 3124 349 352 181 189 1583 569 8170 180 3426 759 304 108 1053 1325 3015
internal_value=-0.000131715 -0.0164091 -0.0351848 0.00195973 -0.000196258 -0.0085881 0.0106692 0.00420144 0.00174485 -0.0029102 -0.0110102 0.0302732 -0.0163794 0.0326082 -0.00402954 0.0361607 0.000968229 0.0548156 0.0401998 -0.00366009 -0.00962875 -0.0145057 0.0151499 0.00345645 0.0286001 0.0155999 0.0582892 0.00881431 0.0193037 0.0292325
internal_weight=11525.9 1312.32 521.452 10213.6 8778.69 3018.56 919.457 5760.13 5264.12 703.164 1877.2 496.006 509.828 193.336 790.872 469.729 148.572 216.293 119.948 400.772 377.372 1757.25 1434.91 767.585 667.328 464.106 203.222 3386.92 1264.93 1023.54
internal_count=60255 9936 5475 50319 43690 17107 4788 26583 24295 3780 9162 2288 2794 986 4461 2169 701 1008 528 2249 2152 8634 6629 3606 3023 2156 867 15133 5393 4340
is_linear=0
shrinkage=0.05


Tree=39
num_leaves=31
num_cat=0
split_feature=3 3 14 17 29 14 5 5 55 53 5 27 17 1 53 29 48 5 41 48 23 28 58 17 22 41 58 5 5 28
split_gain=151.321 109.111 132.466 86.8015 96.4418 87.2524 97.7162 129.867 85.4988 84.2641 81.0911 80.9093 79.9342 97.0258 118.053 84.4423 80.9295 94.2836 78.2895 78.2484 111.922 126.384 125.775 97.9245 144.899 103.595 188.41 114.306 110.526 100.175
threshold=9.981050000000008e-07 -5.5967500000000017e-07 -4.0421449999999987e-06 -1.6493681982881351e-05 0.99620879166666676 -9.1995799999999994e-06 -1.2354066333333331e-05 1.6519845083333335e-05 0.13382400000000003 0.96163372500000022 -3.1943206327683612e-05 inf -1.3241641391666666e-06 1.6864500000000004e-06 0.40971469333333338 1.0904149166666668 0.014779750000000001 -1.8947289007894737e-05 0.024360770833333305 0.052423050000000006 4.3112187648901134e-05 0.75674220000000014 0.0087189700000000012 2.8030981666666667e-05 5.0428644500071238e-05 1.0000000180025095e-35 0.0018494570000000003 -2.0216682101063827e-05 1.8862262500000005e-05 0.041175400000000008
decision_type=8 10 8 10 8 8 10 10 10 10 10 8 10 10 8 10 10 10 10 8 10 8 10 10 10 8 10 10 10 8
left_child=1 2 -1 4 10 6 8 -8 -5 12 -3 -2 13 16 15 -15 17 -7 -16 23 -21 22 -22 24 25 27 28 -14 -27 -28
right_child=11 3 -4 5 -6 9 7 -9 -10 -11 -12 -13 19 14 18 -17 -18 -19 -20 20 21 -23 -24 -25 -26 26 29 -29 -30 -31
leaf_value=0.008148632595316084 -0.054871393914329318 -0.065273846327245172 -0.016508472998004127 -0.026434019528579711 -0.035335726263939493 -0.031632117004740459 0.042085954792688375 -0.0091732928368831942 0.064480073114919975 0.04554493038084103 0.0031406226021613078 -0.010995077047619674 -0.071394358182736983 -0.040230751592310363 -0.035196325309276584 0.07081224822695735 -0.014272011312120672 0.048160171788101433 0.051953839276789204 -0.0050282546179655089 0.048077829478693865 -0.021191600496603329 -0.016637586209900888 -0.011728418422400117 -0.043625393679568039 0.051403872496046693 0.071699202287062502 0.010748081146993048 -0.0026657590706856893 -0.00762735196745734
leaf_weight=874.59165416657925 112.52161215618253 45.410789906978607 1444.0943689532578 149.38963440805674 240.64410145580769 47.571230433881283 547.10373117774725 159.61421778798103 31.274395287036896 126.30433847010136 937.54077320918441 1586.5624502785504 49.751711010932922 398.2846392095089 39.303994350135326 17.889533504843712 191.19475966691971 166.93948008865118 74.834949884563684 1809.6741198562086 336.62670578062534 138.71858003363013 96.630539730191231 296.68712871521711 85.944224908947945 687.21323770284653 44.995809987187386 284.74615444242954 109.58605895936489 344.51726153492928
leaf_count=4282 1741 232 7838 692 1309 226 2482 746 131 554 4643 10562 234 1805 236 77 862 763 341 8960 1711 830 480 1462 439 3065 216 1219 504 1613
internal_value=-0.000128121 0.00226532 -0.00720799 0.00521042 -0.00696554 0.00759998 0.0221199 0.0305089 -0.0106961 0.00519046 -2.00164e-05 -0.0139008 0.00421424 -0.00902286 -0.0231031 -0.0354575 0.00938198 0.0304649 0.0219435 0.0071057 0.0010654 0.0203451 0.0336442 0.0146635 0.0195368 0.0231062 0.0300357 -0.00146942 0.0439675 0.0015363
internal_weight=11476.2 9777.08 2318.69 7458.39 1223.6 6234.8 887.382 706.718 180.664 5347.41 982.952 1699.08 5221.11 936.019 530.313 416.174 405.705 214.511 114.139 4285.09 2381.65 571.976 433.257 1903.44 1606.75 1520.81 1186.31 334.498 796.799 389.513
internal_count=60255 47952 12120 35832 6184 29648 4051 3228 823 25597 4875 12303 25043 4310 2459 1882 1851 989 577 20733 11981 3021 2191 8752 7290 6851 5398 1453 3569 1829
is_linear=0
shrinkage=0.05


Tree=40
num_leaves=31
num_cat=0
split_feature=27 53 17 29 17 54 41 52 29 13 23 29 17 13 5 6 5 14 41 23 41 14 54 58 16 58 41 17 29 53
split_gain=140.383 103.708 136.929 141.001 152.426 113.507 99.942 92.542 219.872 150.728 130.508 134.539 159.811 142.037 113.604 101.487 113.08 128.313 131.708 90.3193 87.3291 79.2896 97.751 80.2171 77.8687 73.0953 166.016 85.0855 110.698 185.243
threshold=inf 0.63569836666666679 -2.5861679166666661e-05 0.54617691666666679 -4.0838552916666654e-06 0.78490250000000017 0.11016637333333332 0.17924935000000003 0.18840107083333332 -1.4169749999999999e-05 3.2667104388183221e-05 1.1467666666666669 -1.8082854166666662e-05 2.6358000000000004e-05 -2.0872112354166663e-05 1.2859150000000002e-05 1.505370721666667e-06 2.4860950000000005e-05 0.0048160647619047009 4.5002630041271142e-05 0.30463764583333336 2.6991600000000004e-05 0.12050600000000002 0.036468750000000008 -3.0773029999999994e-05 0.48069341250000003 0.084085734833333314 7.7564152583333346e-06 0.34139225000000001 0.0087374750833332515
decision_type=8 10 10 8 10 10 10 8 8 8 8 8 10 8 10 8 10 10 8 10 10 10 10 10 8 10 8 10 8 10
left_child=-1 5 20 -4 6 7 -5 10 9 -9 14 15 24 19 -2 -12 17 18 -17 -14 -3 23 -23 -11 -13 27 -27 28 -16 -30
right_child=1 2 3 4 -6 -7 -8 8 -10 21 11 12 13 -15 25 16 -18 -19 -20 -21 -22 22 -24 -25 -26 26 -28 -29 29 -31
leaf_value=-0.0547284721947119 -0.032101828940356548 -0.057795044485800966 0.03520319720160326 0.070368375797829369 -0.010727118087798372 0.068973026688754061 -0.0027167644532845999 0.059544079564355007 -0.016188636769984943 -0.0099350457679413685 -0.015481078542822281 0.13965627240280434 0.10312486557899524 -0.0089396180735232065 -0.008797337051867157 -0.058981116238052626 -0.01120517607810864 0.071898041556277131 0.026041403823420996 0.00021135833601384105 0.018733205282414192 0.041961442034843609 -0.073621305583716157 0.065945518825771182 -0.036896154418738468 0.054896156685439457 -0.075678601450413011 0.026022634509461247 0.034451758488494015 -0.0016967426480702201
leaf_weight=116.50871955603361 161.74119640886784 105.39526322484016 625.73650097101927 115.98307883739471 541.16366919875145 56.886384040117264 78.393203750252724 141.78659132122993 2511.5259334146976 574.4315102212131 1910.4931164905429 6.6943317949771881 105.14973825961351 63.129243090748787 724.50050613284111 58.549100890755653 455.90414240956306 107.86106778681278 205.15105114877224 26.741336949169636 57.679407246410847 185.35882144421339 20.295506164431572 37.077526122331619 93.114689789712429 37.547536432743073 69.218540042638779 822.74469073116779 665.8242976218462 757.72998169064522
leaf_count=1877 741 617 2819 489 2567 260 366 658 16562 3036 9370 33 446 302 3184 273 2248 517 944 139 267 970 97 159 770 169 285 3731 2960 3399
internal_value=-0.000124341 0.000437472 0.0125697 0.0177564 0.0029141 -0.00144975 0.0408927 -0.00186094 -0.00841204 0.0119551 0.00176392 -0.00569003 0.0264023 0.0527373 0.00874265 -0.00914581 0.00548137 0.0259557 0.00716393 0.0822588 -0.0307271 0.00369796 0.0305549 -0.00533419 -0.0250545 0.0108892 -0.029758 0.01235 0.00711317 0.0152106
internal_weight=11440.3 11323.8 1524.35 1361.28 735.54 9799.46 194.376 9742.57 3470.48 958.95 6272.09 3032.79 294.829 195.02 3239.31 2737.96 827.465 371.561 263.7 131.891 163.075 817.163 205.654 611.509 99.809 3077.57 106.766 2970.8 2148.05 1423.55
internal_count=60255 58378 7125 6241 3422 51253 855 50993 21482 4920 29511 15042 1690 887 14469 13352 3982 1734 1217 585 884 4262 1067 3195 803 13728 454 13274 9543 6359
is_linear=0
shrinkage=0.05


Tree=41
num_leaves=31
num_cat=0
split_feature=27 53 17 29 17 11 56 52 29 12 11 28 22 5 11 17 5 12 28 56 54 29 28 0 5 29 11 28 8 11
split_gain=132.979 93.8953 124.682 127.266 137.576 108.45 105.952 84.3268 200.634 136.988 125.679 105.902 193.96 175.386 97.7903 92.3392 159.1 167.92 123.98 113.533 176.103 131.592 99.1352 97.5181 89.2005 84.7985 115.709 119.748 82.3464 101.085
threshold=inf 0.63569836666666679 -2.5861679166666661e-05 0.54617691666666679 -4.0838552916666654e-06 -3.4554164254385959e-05 0.78490250000000017 0.17924935000000003 0.18840107083333332 -1.4193849999999998e-05 2.207474916666667e-05 0.0016008158333333004 2.7398247320077179e-05 -1.1097330633333331e-05 -1.7315774466666663e-05 -5.8683489874999986e-06 -2.1599101083333331e-05 -9.1518449999999974e-06 0.024710912500000005 0.59293800000000008 0.022459550000000005 0.98987426666666678 0.32399875000000006 5.0239300000000007e-06 3.2746456555128214e-06 1.1377318888888892 -1.6171336191666663e-05 1.0386600000000004 -1.0000000180025095e-35 1.7970354333333334e-05
decision_type=8 10 10 8 10 10 10 8 8 8 8 8 10 10 10 10 8 8 8 8 10 10 8 10 8 8 10 10 8 10
left_child=-1 6 -3 -4 28 -6 7 10 9 -9 11 12 13 -2 -15 16 -13 19 -17 20 25 -21 -19 -23 -24 26 -18 -28 -5 -30
right_child=1 2 3 4 5 -7 -8 8 -10 -11 -12 15 -14 14 -16 18 17 22 -20 21 -22 23 24 -25 -26 -27 27 -29 29 -31
leaf_value=-0.054523302041440819 -0.084915868608739287 -0.029747591256787467 0.033472214739132602 0.075403460987134768 0.079871209326545345 -0.015802192621890653 0.067384176542271454 0.05712286345296505 -0.015508231970112148 0.0035883689310885793 0.025120528195650194 -0.045109741097190501 -0.043027105024206536 -0.08550762343607253 0.072514519038888947 0.060694741295467536 -0.038713965662626235 -0.076557070490061482 0.0048985348752538377 0.043801202228238509 -0.03938754528417724 0.035701832177090061 -0.043020832408331024 -0.05813211309959361 0.0051041689665556195 0.07161174088266041 0.028897382559872016 -0.071954612749717997 -0.029678305185157478 0.068729655747434296
leaf_weight=111.23302809894085 27.524533003568649 160.16081047058105 625.20386151224375 85.910246178507805 31.454109966754913 508.0057138055563 55.691918790340424 140.01043788343668 2496.8536568656564 815.57368627563119 524.05106416344643 241.2907909527421 342.34970498085022 10.892925202846525 96.727951645851135 102.72175288200378 111.43738719820976 83.036711126565933 3233.5625893399119 336.39547666162252 236.59332698583603 47.964102312922478 173.96139285713434 65.502156317234039 215.64431896060705 54.560522183775902 322.41923341155052 32.390086784958839 64.910482153296471 43.639767318964005
leaf_count=1877 118 884 2819 367 128 2439 260 655 16566 4267 2464 1238 1672 45 418 470 570 383 15125 1456 1164 218 832 287 1170 255 1450 170 304 184
internal_value=-0.000121296 0.00041486 0.0119781 0.0168951 0.00277348 -0.0102238 -0.0013838 -0.00177816 -0.00805153 0.0114321 0.00168219 -0.00045956 -0.0230051 0.0277145 0.0565202 0.00158807 -0.00714405 -0.0016909 0.00661646 0.00820018 -0.00361682 0.0280956 -0.0269555 -0.0184669 -0.0163839 0.0126332 0.00573146 0.0196907 0.0388297 0.00988402
internal_weight=11397.7 11286.4 1519.28 1359.12 733.92 539.46 9767.16 9711.46 3452.44 955.584 6259.03 5734.97 477.495 135.145 107.621 5257.48 1921.2 1679.9 3336.28 1207.26 757.401 449.862 472.642 113.466 389.606 520.807 466.247 354.809 194.46 108.55
internal_count=60255 58378 7125 6241 3422 2567 51253 50993 21488 4922 29505 27041 2253 581 463 24788 9193 7955 15595 5570 3609 1961 2385 505 2002 2445 2190 1620 855 488
is_linear=0
shrinkage=0.05


Tree=42
num_leaves=31
num_cat=0
split_feature=27 3 3 16 17 19 28 11 10 1 17 29 59 0 0 16 7 50 51 10 23 59 9 11 28 7 57 59 16 23
split_gain=125.989 87.2262 109.913 108.956 89.1428 74.8225 72.6399 153.461 75.6962 69.977 103.012 85.541 83.783 76.8153 772.33 90.6734 73.2608 83.7436 81.8787 66.48 64.1541 62.4993 101.541 61.7495 58.4823 58.19 57.2301 56.4055 55.2705 65.9746
threshold=inf 8.0775000000000012e-07 -4.2317999999999985e-07 -4.3107323499999999e-06 1.6996864107142862e-05 6.5380227755104695e-06 0.67154990000000014 -1.7099187091666666e-05 -1.8168734999999997e-05 3.0426450000000004e-05 2.1660413928571435e-05 0.090792606666666664 0.11514063749999996 -1.0000000180025095e-35 1.0000000180025095e-35 3.7523090000000013e-05 -2.9031249999999994e-05 0.5033240000000001 -0.03472199999999994 -3.1644409999999992e-05 4.5594520628731855e-05 0.046573241666666605 -1.6642249999999982e-06 -1.4835019121296293e-05 1.1328200000000004 -4.4881549999999997e-05 -0.0031304999999998994 0.54547104166666671 2.8114825000000002e-05 4.2745558077413551e-05
decision_type=8 8 10 8 8 8 8 8 10 10 10 8 10 10 10 10 8 8 10 10 10 8 10 10 8 8 8 10 10 10
left_child=-1 2 3 19 6 -4 7 25 -9 13 26 -12 28 -7 -15 16 17 -16 -18 -2 -21 -6 -23 -24 -5 -3 -11 -27 -13 -30
right_child=1 4 5 24 21 9 -8 8 -10 10 11 12 -14 14 15 -17 18 -19 -20 20 -22 22 23 -25 -26 27 -28 -29 29 -31
leaf_value=-0.054328165320750604 0.070640113902379148 0.14385723961989669 0.060930484915130756 -0.010213639184540727 -0.013685964633836653 0.0013939957907490117 -0.024309742221605063 0.049663729635738806 0.0019052000956281427 0.039518082048168458 -0.044074320088598823 0.10062375469272294 -0.05896780055468908 0.081675543435619724 0.0075246500715967822 0.06428778183372616 -0.038096910104264831 0.064065191650313963 0.0012245771755783656 0.0081051258213562308 -0.039564860967534587 -0.035852375560529746 0.066209746718210519 0.017698973979936198 -0.038935478311943647 -0.050064442089825856 -0.027950308361662714 0.071140000450538199 -0.052287836404701561 0.056585722894214624
leaf_weight=106.17857467755675 39.431775141507387 4.2159283012151718 61.849424429237843 1490.0281624011695 219.26726442575455 2717.2570071704686 882.22156865522265 103.40567563474178 419.78855849057436 33.99791181832552 38.02461189031601 43.795466728508472 18.295166298747063 359.58472885936499 216.51905939728022 59.65919341146946 141.65108593553305 93.887080922722816 2024.665629401803 919.21316736936569 76.448727086186409 68.277211874723434 90.875780925154686 235.84325210377574 201.15786487236619 187.78740390762687 416.3611610122025 10.116054877638815 18.410342462360859 56.981728363782167
leaf_count=1877 194 21 327 7619 1142 13172 6591 505 1896 150 210 217 89 1645 1013 289 1156 427 9196 4411 471 763 467 1435 1456 939 2146 50 108 273
internal_value=-0.000118407 0.000393274 0.00257757 -0.00580999 -0.00848157 0.00620669 -0.0146725 -0.00295049 0.0113443 0.0056642 -0.0101939 0.0223002 0.0406579 0.00743236 0.0130981 0.00337582 0.00190858 0.0246262 -0.00134658 0.00696664 0.00444494 0.00772024 0.0196031 0.0311921 -0.01363 -0.0399532 -0.0228571 -0.0438689 0.0559503 0.0299994
internal_weight=11355.2 11249 9027.22 2726.28 2221.8 6300.94 1607.54 725.314 523.194 6239.09 625.866 175.507 137.483 5613.22 2895.97 2536.38 2476.72 310.406 2166.32 1035.09 995.662 614.264 394.996 326.719 1691.19 202.119 450.359 197.903 119.188 75.3921
internal_count=60255 58378 44569 14151 13809 30418 10002 3411 2401 30091 3193 897 687 26898 13726 12081 11792 1440 10352 5076 4882 3807 2665 1902 9075 1010 2296 989 598 381
is_linear=0
shrinkage=0.05


Tree=43
num_leaves=31
num_cat=0
split_feature=27 53 17 29 17 41 55 11 28 48 28 12 11 23 28 29 41 17 19 29 16 18 17 23 23 58 17 1 41 11
split_gain=119.393 83.6279 112.799 111.368 115.964 95.0589 95.0082 93.522 90.8627 75.3444 179.861 137.34 119.628 146.686 139.612 147.453 195.559 144.116 143.034 196.256 125.154 123.347 101.287 100.322 92.8323 154.837 104.222 133.968 96.4246 97.5884
threshold=inf 0.63569836666666679 -2.661363868421052e-05 0.54617691666666679 -4.0838552916666654e-06 0.11016637333333332 0.78490250000000017 -3.4554164254385959e-05 0.60589575000000007 0.17692900000000003 0.20906732999999997 -7.1144299999999987e-06 2.207474916666667e-05 3.2667104388183221e-05 0.0016008158333333004 0.30620179250000007 0.070501905416666663 -3.2860410833333323e-05 3.8335887082607645e-05 0.23220441666666661 2.6536470000000004e-05 2.3981289135742058e-05 3.4609787837837842e-05 5.5459567052328459e-05 1.7116492139529846e-05 0.58854145000000013 3.6540574166666678e-05 1.4794350000000002e-05 0.51432145000000007 -1.1472506888095235e-05
decision_type=8 10 10 8 10 10 10 10 8 8 8 8 8 8 8 10 8 10 10 8 8 10 10 10 8 8 8 8 8 8
left_child=-1 6 -3 -4 5 8 9 -6 -5 12 11 -11 13 -2 -15 18 21 -18 19 22 -21 -17 -16 -14 25 -12 28 -28 29 -26
right_child=1 2 3 4 7 -7 -8 -9 -10 10 24 -13 23 14 15 16 17 -19 -20 20 -22 -23 -24 -25 26 -27 27 -29 -30 -31
leaf_value=-0.054142426928292922 0.0068473044796685621 -0.031652022309312196 0.030934385175443946 -0.077715048644393728 0.074173474193289332 -0.006404292067439768 0.06480404236275919 -0.014903694788092975 0.078166886056591944 0.047885399277538633 0.077921052256041859 0.0011768796767773154 0.029485491221202698 -0.042492945726184436 -0.059427241896341014 0.080969940929744286 0.082686850371703369 -0.037858241321205965 0.031440807701679833 0.059601072857293415 -0.032125234051973282 -0.0023173452994378631 0.086269951782173893 -0.072605853614324034 0.0063241086530107368 -0.051778307872934852 -0.038228192072493575 0.048414307355877761 -0.033691617572339259 -0.021516600615561196
leaf_weight=101.33792337402701 3085.6933558434248 138.64301627874374 638.45657667517662 10.259444862604139 31.295635998249054 80.686929933726788 54.005981594324112 504.01152376830578 105.26538445055485 196.51128508150578 65.336637362837791 790.2926850952208 496.08945618569851 282.47186264395714 162.01585599780083 47.243239626288414 25.729499742388725 682.23083853721619 435.90769393742085 106.26612840592861 57.206610672175884 752.90681128948927 12.876781448721884 25.290092870593071 480.6154076308012 35.521717511117458 68.541462257504463 127.80688382312655 799.81666138395667 912.09922426566482
leaf_count=1877 13843 792 2896 45 128 379 260 2439 446 932 283 4182 2323 1436 766 203 111 3659 2121 486 537 3575 57 119 2562 213 650 793 7323 4819
internal_value=-0.000114382 0.000373981 0.0113255 0.0156748 0.00235658 0.0352385 -0.00132884 -0.00969598 0.0643234 -0.00169901 -0.00758613 0.0104784 0.0016171 -0.000497403 -0.00933358 -0.00522972 -0.0143358 -0.0334773 0.012507 -0.011885 0.0275018 0.00260018 -0.0487 0.0245334 -0.014746 0.0322417 -0.0167298 0.0181691 -0.0198551 -0.011909
internal_weight=11312.4 11211.1 1508.62 1369.98 731.519 196.212 9702.48 535.307 115.525 9648.47 3476.54 986.804 6171.93 5650.55 2564.86 2282.38 1508.11 707.96 774.273 338.365 163.473 800.15 174.893 521.38 2489.74 100.858 2388.88 196.348 2192.53 1392.71
internal_count=60255 58378 7125 6333 3437 870 51253 2567 491 50993 21757 5114 29236 26794 12951 11515 7548 3770 3967 1846 1023 3778 823 2442 16643 496 16147 1443 14704 7381
is_linear=0
shrinkage=0.05


Tree=44
num_leaves=31
num_cat=0
split_feature=27 20 3 3 14 17 29 1 17 0 0 41 14 29 17 7 6 29 22 29 59 29 23 20 23 40 17 13 40 13
split_gain=113.149 79.8836 72.3707 91.3101 100.387 78.5039 62.2552 61.929 92.3149 68.8131 714.919 109.716 90.5139 108.038 88.8152 82.0968 69.3715 68.9895 69.5866 67.3996 77.2438 66.7419 100.876 90.403 85.102 111.253 101.558 91.7685 113.202 83.91
threshold=inf 6.5241798334359892e-06 8.0775000000000012e-07 -4.2317999999999985e-07 -4.0421449999999987e-06 1.6996864107142862e-05 0.55527454166666679 3.0426450000000004e-05 1.6691314552845532e-05 -1.0000000180025095e-35 1.0000000180025095e-35 0.0010648798774509003 -1.2444099999999998e-05 0.35464175000000003 3.510785460144928e-05 8.5993000000000025e-06 -2.4941399999999995e-05 0.44033636904761908 3.7411427749130825e-05 0.090792606666666664 0.11514063749999996 0.16015828666666668 2.6930542766907697e-05 3.7253137508993122e-05 1.989776006051892e-05 0.51345250000000009 -1.4468681111111109e-05 2.5864100000000005e-05 0.012854525 -4.0010399999999997e-06
decision_type=8 8 8 10 8 8 8 10 10 10 10 8 8 10 10 10 8 10 10 8 10 8 8 10 10 10 10 10 8 10
left_child=-1 -2 3 4 -3 6 -4 9 -9 -5 -11 12 15 -14 16 -12 -13 -15 -19 -10 -21 22 -18 -24 -23 26 -26 -28 -29 -27
right_child=1 2 5 7 -6 -7 -8 8 19 10 11 14 13 17 -16 -17 21 18 -20 20 -22 24 23 -25 25 29 27 28 -30 -31
leaf_value=-0.053965509581609776 0.049850977824683097 0.0066578750569712469 -0.0018363820125306422 0.0012730246598737912 -0.013220518753214587 0.0070624192608909194 -0.022162306630146667 -0.023306673832118922 -0.035614959256200528 0.078802348358670588 0.041436852041010976 0.026150104393257309 -0.059777372161138626 0.062565147930042281 0.071100325346570001 -0.051850620293946728 0.04514922463908691 -0.039343657935270525 0.04427061532106781 0.046198310581834254 -0.058627406559534814 -0.030185132403585925 -0.024238310447544653 0.044895151140895033 -0.025491781126389935 0.011847442633231946 0.025343349622195172 0.081957451275114501 -0.065899627028702876 -0.065533076853646344
leaf_weight=96.703657642006874 80.921236023306847 1022.6999556235969 625.68997777253389 2709.0508649088442 1675.8640299551189 609.60633153095841 946.72183705866337 413.1457912735641 46.072468332946301 355.08362323045731 92.552648317068815 360.20508846268058 173.97446793317795 31.956635564565659 54.274096969515085 31.648796945810318 197.30908124148846 102.77126884832978 32.832613617181778 139.80751080811024 20.100544556975365 247.67341619357467 159.50877250730991 67.213391020894051 162.62743967399001 55.611290659755468 582.90736830607057 16.606392309069633 58.718484286218882 94.681904762983322
leaf_count=1877 413 5023 2961 13176 9086 3806 6983 2112 251 1675 423 1757 822 142 246 151 881 519 145 729 101 1196 791 313 827 281 2691 80 317 480
internal_value=-0.000113417 0.000352895 -8.38231e-06 0.0019913 -0.00568702 -0.00816916 -0.0140743 0.00532989 -0.00967411 0.00699251 0.0123759 0.00302745 -0.0188866 -0.032179 0.00798831 0.0176655 0.00627826 -0.00352414 -0.0190988 0.0176694 0.0330217 0.00192125 0.0190073 -0.00374321 -0.00402301 0.00264913 0.00989043 0.0186322 -0.0333025 -0.0369008
internal_weight=11264.5 11167.8 11086.9 8904.9 2698.56 2182.02 1572.41 6206.33 619.126 5587.21 2878.16 2523.07 465.736 341.535 2057.34 124.201 2003.06 167.561 135.604 205.981 159.908 1642.86 424.031 226.722 1218.83 971.153 820.86 658.232 75.3249 150.293
internal_count=60255 58378 57965 44215 14109 13750 9944 30106 3193 26913 13737 12062 2202 1628 9860 574 9614 806 664 1081 830 7857 1985 1104 5872 4676 3915 3088 397 761
is_linear=0
shrinkage=0.05


Tree=45
num_leaves=31
num_cat=0
split_feature=27 53 17 55 7 0 41 15 55 23 5 0 41 28 59 3 10 48 28 17 48 23 28 28 53 14 23 5 28 4
split_gain=107.261 75.3602 105.383 87.829 81.574 81.4131 74.4936 66.8254 61.4684 125.087 92.1434 104.034 101.015 88.1056 89.4251 58.4824 56.4524 55.8358 131.137 91.0311 93.8563 90.232 104.02 97.804 112.909 83.6725 99.6434 101.942 109.967 129.5
threshold=inf 0.67232221666666669 -2.5861679166666661e-05 0.78490250000000017 -2.9440349999999997e-05 3.0359750000000004e-05 0.30463764583333336 3.1343499999999979e-07 0.0066052450000000018 2.3096046654605161e-05 2.4649156750000001e-05 4.4535600000000006e-06 1.0000000180025095e-35 0.80647625000000012 0.016557990666666654 5.4643499999999956e-07 -2.6477384999999994e-05 0.18239100000000003 0.09757587500000002 3.9466865000000011e-05 0.71683750000000013 3.2667104388183221e-05 1.0000000180025095e-35 0.030191350000000002 0.16611214166666663 -7.164549999999999e-06 1.6254999159231122e-05 1.9940183500000004e-05 0.47159900000000005 3.5652045000000007e-05
decision_type=8 10 10 10 10 10 10 10 10 10 10 10 8 8 10 8 10 8 8 8 10 8 8 10 10 10 8 10 10 10
left_child=-1 3 6 7 -4 8 -3 17 16 -10 11 13 -13 14 -11 -9 -6 21 -19 25 -21 -2 -23 24 -24 -20 -27 -28 -29 -30
right_child=1 2 4 -5 5 -7 -8 15 9 10 -12 12 -14 -15 -16 -17 -18 18 19 20 -22 22 23 -25 -26 26 27 28 29 -31
leaf_value=-0.053796871017419007 0.010838697331844241 -0.056612952901354346 0.049125237551564081 0.062924957062210005 -0.063170983610014428 -0.052895628251620565 0.017850558041615699 -0.0037282678600038832 -0.05671020364649302 -0.049057657129935352 -0.068518960493563 -0.071906786185349944 0.092561191234531784 -0.064495174422558782 0.049102581345401609 -0.020899418218244942 0.026325744105395923 0.014401314023627971 0.00028933426192004151 0.042672698261484662 -0.062095512465275643 -0.034154906290268419 0.040571195311521528 -0.0036735546196778194 -0.057573968217384003 0.045966282464568513 -0.032450195340600646 -0.033629057019123144 0.061221959932674735 -0.05619718848066782
leaf_weight=92.268439713865519 2418.3439100161195 90.234599091112614 164.39208146929741 53.14787945151329 18.150210350751877 47.29215295612812 53.501290246844292 1674.9541918374598 81.572896100580692 31.89862035214901 29.990373820066452 10.774856790900229 69.91516225039959 38.929337456822395 85.105462916195393 704.40826568379998 603.25815722346306 661.64325392991304 644.04497436061502 130.2469251267612 25.57429863512516 240.17822104692459 238.84308021515608 1760.1565910130739 33.40258826315403 51.692354936152697 932.63137275353074 107.21959961205721 102.7885196171701 30.434539809823036
leaf_count=1877 10876 559 741 264 80 255 247 8562 411 158 164 52 294 194 401 4589 2759 3414 3823 926 224 1198 1291 8645 290 265 6390 586 487 233
internal_value=-0.000109395 0.000335488 0.0115278 -0.00117627 0.0164465 0.0111636 -0.0288962 -0.00152546 0.0142881 -0.00253027 0.0140466 0.0245112 0.0705991 0.000662282 0.0223413 -0.00881177 0.0237117 0.00082459 -0.00492364 -0.011239 0.0254775 0.00411634 -0.00303719 0.000640128 0.0285295 -0.0143004 -0.0219724 -0.0249662 0.00406286 0.0343978
internal_weight=11227 11134.7 1325.02 9809.71 1181.28 1016.89 143.736 9756.56 969.595 348.187 266.614 236.623 80.69 155.933 117.004 2379.36 621.408 7377.2 2686.28 2024.63 155.821 4690.92 2272.58 2032.4 272.246 1868.81 1224.77 1173.07 240.443 133.223
internal_count=60255 58378 6315 52063 5509 4768 806 51799 4513 1674 1263 1099 346 753 559 13151 2839 38648 16348 12934 1150 22300 11424 10226 1581 11784 7961 7696 1306 720
is_linear=0
shrinkage=0.05


Tree=46
num_leaves=31
num_cat=0
split_feature=27 20 53 17 17 29 56 56 18 7 40 19 11 28 28 15 17 29 5 28 56 29 55 48 29 14 17 5 56 10
split_gain=101.685 71.8401 61.696 92.4487 88.4575 118.736 104.535 82.7426 71.4229 69.3504 84.6343 77.2092 66.2774 65.8188 61.7375 61.2899 60.0384 100.311 56.4348 57.2196 108.202 89.301 53.4829 52.8562 136.764 132.565 98.8409 121.278 99.3848 92.8
threshold=inf 6.5241798334359892e-06 0.67232221666666669 -2.5861679166666661e-05 -4.6056325849999987e-06 0.37665060312500009 0.10720950000000001 0.78490250000000017 2.8360796628242731e-05 6.3134650000000007e-06 0.20979175000000003 3.6359375726071338e-05 -3.4554164254385959e-05 0.85516750000000019 0.21855350000000004 5.8632999999999988e-07 2.3750877524717514e-05 0.88312012500000003 2.3287017833333333e-05 0.98431200000000019 0.30179450000000002 1.1170762500000002 0.019816900000000002 0.17692900000000003 0.63598837500000016 -7.164549999999999e-06 3.2730624166666675e-05 1.7455547483333338e-05 0.046252850000000005 -4.2225269999999995e-05
decision_type=8 8 10 10 10 8 8 10 10 10 10 8 10 8 10 10 10 10 10 10 8 10 10 8 8 8 10 10 8 10
left_child=-1 -2 7 -4 9 6 8 15 -6 10 -5 -12 -7 -11 -10 23 18 -18 19 -14 -21 -22 -15 -3 25 -25 28 -28 29 -27
right_child=1 2 3 4 5 12 -8 -9 14 13 11 -13 16 22 -16 -17 17 -19 -20 20 21 -23 -24 24 -26 26 27 -29 -30 -31
leaf_value=-0.053636017968943267 0.047572898194709945 0.0028657720780493321 -0.027985284911637966 0.074869884131716857 0.057230482291937938 0.058177863989464167 0.061868608212048509 0.062036919845374586 -0.055103295964004706 -0.021493023762405701 0.040440099469904851 -0.078306750599837646 -0.021928516541063231 0.083748612078452703 0.057598725414167731 -0.011754948951743048 0.071011771942419172 -0.060395489594287755 -0.066216766117824372 -0.040124485256919383 0.095557062828285272 -0.062477042913957073 -0.062781601975716375 0.029316645329015026 -0.017114530948424078 0.11198893393718533 0.001181304230501422 0.082670871350445679 7.9150330871778109e-05 -0.038303089033593571
leaf_weight=88.025031190365553 79.84539682418108 5309.0086493194103 141.12349127978086 146.98152962327003 33.394161477684975 36.929566964507103 146.97435894608498 51.145620718598366 57.127387747168541 76.958824008703232 49.364012405276299 18.941254153847694 310.00040097534657 33.740717977285385 15.434379532933233 1316.4154524952173 49.11645233631134 20.619491368532181 52.889508917927742 41.430879950523376 47.158623069524765 11.029873535037039 7.6367799565196028 399.46537777036428 1370.4504701644182 10.627125740051268 138.92708437889814 68.009185209870338 755.8608163446188 306.56952396035194
leaf_count=1877 413 25228 806 650 144 155 691 259 281 342 217 85 1453 145 66 7645 225 123 287 240 195 47 44 1960 9782 45 727 318 4181 1624
internal_value=-0.000107951 0.000316414 -2.58788e-05 0.0102182 0.0148832 0.00607121 0.0345762 -0.00139175 -0.00328196 0.0365975 0.0534986 0.00751124 -0.00659583 0.00584952 -0.0311308 -0.00172705 -0.0110901 0.0321573 -0.0176109 -0.0113349 0.0216307 0.065601 0.0567045 -0.000147787 -0.00539352 0.00417091 -0.00367667 0.0279627 -0.00977824 -0.0332678
internal_weight=11191.2 11103.2 11023.3 1296.85 1155.73 822.105 252.93 9726.48 105.956 333.623 215.287 68.3053 569.175 118.336 72.5618 9675.33 532.245 69.7359 462.509 409.62 99.6194 58.1885 41.3775 8358.92 3049.91 1679.46 1279.99 206.936 1073.06 317.197
internal_count=60255 58378 57965 6196 5390 3907 1182 51769 491 1483 952 302 2725 531 347 51510 2570 348 2222 1935 482 242 189 43865 18637 8855 6895 1045 5850 1669
is_linear=0
shrinkage=0.05


Tree=47
num_leaves=31
num_cat=0
split_feature=3 3 17 20 19 29 59 1 28 22 29 53 11 12 9 3 59 17 48 5 11 1 53 11 55 19 28 48 5 9
split_gain=90.9532 83.4746 90.8383 63.7419 59.7739 54.2581 53.5792 51.251 96.8699 73.029 69.3937 85.2942 76.1647 50.4919 49.2428 99.9425 98.2336 62.1587 60.2448 52.9697 48.7553 63.8051 73.597 106.328 66.6748 57.0131 75.4774 50.4024 50.1838 48.4188
threshold=8.4704000000000089e-07 -8.3714999999999915e-07 -1.9937221282499995e-06 6.5241798334359892e-06 5.8618481404982623e-05 1.002909166666667 0.058718105083333305 3.1575250000000006e-05 1.0470050000000002 3.858425064870111e-05 0.00091475083333330002 0.0009406516666666001 -2.7619440092592588e-05 inf -1.8182249999999996e-06 6.9900850000000009e-06 0.023732811166666656 -3.0066017222222221e-05 1.1488300000000002 -2.4789059166666662e-05 -3.0740252170512811e-05 -5.936644999999999e-07 0.21974167833333333 -3.5139999499999987e-05 0.41759050000000003 6.5755063993569595e-05 1.0606550000000003 1.0703100000000003 -6.3547261863945567e-06 1.3399000000000007e-06
decision_type=8 10 8 8 8 8 8 10 10 8 10 10 8 8 10 8 10 10 8 8 10 10 8 10 10 8 10 8 10 10
left_child=1 2 4 -3 5 6 -1 13 9 -9 11 -11 -12 20 16 -16 18 -18 -2 -20 21 25 23 24 -23 26 27 -5 -25 -17
right_child=14 3 -4 7 -6 -7 -8 8 -10 10 12 -13 -14 -15 15 29 17 -19 19 -21 -22 22 -24 28 -26 -27 -28 -29 -30 -31
leaf_value=-0.0019285169490109847 -0.0022124792353851517 0.054248911287197714 -0.019551337224697662 -0.05003828419767381 0.10532508279071105 -0.023548405321551072 0.032641755033668535 -0.050432484522997548 -0.067280985273438454 0.06737403354137074 -0.027891047834978838 -0.05945456501845451 0.022173769740480517 -0.05663945873495424 -0.009626528377200877 0.053194877932759968 0.075167876533372827 -0.020742795143427181 0.0390353485857192 -0.053299388981922637 0.0041282570903945553 -0.072147561287584275 0.061119703458527769 -0.040309812288982304 0.072556254110045279 0.059841103646819674 0.079179624412579142 0.097574312492191617 0.06362567204329693 -0.026114761824821628
leaf_weight=293.82061542570591 101.13150538504124 62.653287559747696 854.19639900699258 85.026850178837776 14.623510695993899 146.4893930144608 181.20152728632092 72.473961137235165 65.630983307957649 16.131935153156519 97.3087347894907 74.368775501847267 346.3880566842854 33.203382536768913 1340.7056358158588 98.095751203596592 36.203700311481953 31.671150520443916 16.563751753419638 249.43937042355537 6591.4080235771835 43.431136399507523 139.933110114187 14.071858420968054 9.7470784336328489 26.061859980225563 15.549254439771174 6.2048927992582312 66.487990319728851 23.941042970865965
leaf_count=1371 717 340 4966 409 92 946 841 351 376 103 588 411 1736 404 7137 624 159 197 106 4610 31947 204 657 71 49 151 69 26 319 278
internal_value=-0.000104123 0.00194024 -0.00889866 0.00402026 0.00540566 0.00305466 0.0112586 0.00361174 -0.00957718 -0.00333466 0.00305504 -0.0368471 0.0111939 0.00487284 -0.0100757 -0.00568341 -0.0248448 0.0304149 -0.0350611 -0.0475498 0.0051647 0.0219701 0.0357712 0.00924845 -0.0456247 -0.00646181 -0.0226442 -0.0399988 0.0454707 0.037636
internal_weight=11154.2 9256.41 1490.33 7766.08 636.135 621.512 475.022 7703.43 672.302 606.671 534.198 90.5007 443.697 7031.13 1897.75 1462.74 435.009 67.8749 367.135 266.003 6997.92 406.514 273.671 133.738 53.1782 132.843 106.781 91.2317 80.5598 122.037
internal_count=60255 46427 8216 38211 3250 3158 2212 37871 3565 3189 2838 514 2324 34306 13828 8039 5789 356 5433 4716 33902 1955 1300 643 253 655 504 435 390 902
is_linear=0
shrinkage=0.05


Tree=48
num_leaves=31
num_cat=0
split_feature=27 53 17 6 2 23 54 28 23 59 28 52 59 54 12 2 16 23 28 16 17 40 22 59 23 50 28 11 23 59
split_gain=92.6072 62.6687 89.6818 88.2573 141.232 79.0956 146.518 98.4543 76.1551 113.298 90.2312 107.035 82.988 76.0756 69.1786 68.3512 75.5125 100.82 72.7423 67.4674 65.2784 94.5116 87.2853 73.333 64.333 63.2954 126.416 113.778 125.758 143.391
threshold=inf 0.59874529874213855 -2.661363868421052e-05 -1.3903899999999999e-05 -1.7885399999999997e-05 2.3096046654605161e-05 0.0066052450000000018 0.14043400000000003 2.8445101372041986e-05 inf 0.67154990000000014 1.0160483500000004 0.6648356333333334 0.78117500000000006 -2.9917899999999997e-05 -1.351635e-05 4.2298985000000009e-06 4.2343108765026029e-05 0.071411225000000009 3.1222825000000011e-05 -1.3241641391666666e-06 1.0000000180025095e-35 4.5020924413675726e-05 1.0000000180025095e-35 4.3541955172484227e-05 0.18239100000000003 0.20906732999999997 2.207474916666667e-05 3.2667104388183221e-05 0.46891603900709217
decision_type=8 10 10 10 8 10 8 8 10 8 8 10 8 10 8 10 10 10 10 10 10 8 10 8 8 8 8 8 8 10
left_child=-1 13 14 4 24 6 -5 -8 12 10 11 19 -7 25 -3 -11 -17 18 -18 -10 -6 22 -22 -23 -4 27 -27 28 -2 -30
right_child=1 2 3 5 20 8 7 -9 9 15 -12 -13 -14 -15 -16 16 17 -19 -20 -21 21 23 -24 -25 -26 26 -28 -29 29 -31
leaf_value=-0.053448492048557533 0.0061652921706974754 0.0033244317914973547 -0.055877970487310351 0.040683536675389209 0.071118623111777288 0.055092553844260594 0.065142917339995429 -0.061021641690691145 0.036633413051572715 0.066772114962641946 -0.042284632256709836 -0.072844958095141535 -0.029766852532391103 0.058773622088508552 -0.066456142006413838 0.053623195569063621 0.0733153820444266 0.079443998828171922 -0.07130586852701877 -0.065640977488462773 -0.050483968474190725 -0.020324044231186937 0.079311342885254738 0.064300409900556202 0.021999740930327392 0.00830502774584326 -0.013348275389876535 0.024312146463014776 -0.011750161270846878 0.042841220284489348
leaf_weight=80.762945376336575 3054.6394286379218 77.892254613339901 58.479980453848839 66.860799103975296 143.27047769725323 155.88887912034988 17.334262073040009 143.25922851264477 143.61601936072111 82.948203176259995 160.92645637691021 33.663019180297852 35.342687010765076 52.433999389410019 65.287412330508232 58.815923497080803 10.272396862506865 19.761634975671768 56.618200287222862 18.164507627487183 54.589313924312592 31.359237387776375 16.982285335659981 139.40652106702328 48.520662516355515 942.5335631519556 2366.3339839912951 498.14363577961922 2363.9837450236082 126.73460818827152
leaf_count=1877 13780 485 274 300 650 701 99 675 695 376 878 163 155 270 376 244 48 93 277 94 254 147 73 649 229 4947 16399 2325 12150 572
internal_value=-0.000102206 0.000287904 0.00930947 0.0129274 0.0302602 0.00441865 -0.0215101 -0.0474036 0.0120185 0.00306145 -0.0145582 0.00827158 0.0394092 -0.00128456 -0.0284943 0.0305512 0.0098974 -0.0197819 -0.0490964 0.0251502 0.0443631 0.0285451 -0.0196865 0.0487601 -0.0205634 -0.00162127 -0.00718031 0.00142235 -0.00063386 -0.0089724
internal_weight=11124.8 11044.1 1639.26 1496.08 492.608 1003.47 227.454 160.593 776.018 584.786 356.37 195.444 191.232 9404.8 143.18 228.416 145.468 86.6522 66.8906 161.781 385.608 242.337 71.5716 170.766 107.001 9352.37 3308.87 6043.5 5545.36 2490.72
internal_count=60255 58378 7935 7074 2276 4798 1074 774 3724 2868 1830 952 856 50443 861 1038 662 418 325 789 1773 1123 327 796 503 50173 21346 28827 26502 12722
is_linear=0
shrinkage=0.05


Tree=49
num_leaves=31
num_cat=0
split_feature=27 20 3 17 3 17 59 9 11 28 11 41 53 18 1 1 41 8 19 53 13 17 58 5 17 23 59 18 6 6
split_gain=87.8303 59.2366 55.8286 79.3966 79.3117 82.0938 73.7003 83.9843 61.9967 56.8935 152.967 91.4589 66.8226 56.4808 55.7042 654.759 81.0871 83.424 92.3223 78.1013 87.1552 65.546 64.0306 59.1678 61.6369 57.8579 68.146 56.4936 68.6289 55.0287
threshold=inf 6.5241798334359892e-06 6.7755000000000178e-07 1.6691314552845532e-05 -4.2317999999999985e-07 4.3005532891849541e-06 0.046573241666666605 -1.6642249999999982e-06 -1.4835019121296293e-05 0.58929425000000013 -1.7570896408333331e-05 0.026880525833333304 0.36586578583333335 5.9783242850699348e-05 3.5060150000000007e-07 -1.0000000180025095e-35 1.0000000180025095e-35 -4.1080499999999996e-06 2.5551762709191018e-05 0.00016973332668435002 -1.0643649999999998e-05 3.4609787837837842e-05 0.0080588245000000006 1.7002243791666669e-06 -1.4468681111111109e-05 2.0516006511607857e-05 1.0000000180025095e-35 5.215745846233506e-05 -2.4658449999999994e-05 -4.4881549999999997e-05
decision_type=8 8 8 8 10 8 8 10 10 8 8 8 8 8 10 10 10 8 8 8 10 10 10 10 10 10 8 8 10 10
left_child=-1 -2 4 9 5 13 -5 -8 -9 10 29 -12 -13 -3 15 -6 17 19 25 23 -21 27 -23 -16 -25 26 -19 28 -18 -4
right_child=1 2 3 6 14 -7 7 8 -10 -11 11 12 -14 -15 16 -17 21 18 -20 20 -22 22 -24 24 -26 -27 -28 -29 -30 -31
leaf_value=-0.053305547959329062 0.043881989932573841 0.0016149121860151308 0.13409728253949474 -0.013915751023858598 0.0011144370651635092 -0.014830350165673795 -0.032864714890748409 0.05980194901857884 0.01582446903048914 -0.019704948860702547 -0.015447961410729899 0.012408990721231061 0.058796767699124591 0.08402994069466313 -0.030330663562425576 0.073269697089001162 0.024965345871106222 0.094121681181380354 -0.056927244979917094 0.028989754480335507 -0.026009126887947903 0.063694554792241453 -0.069111160157499393 -0.026959488209285006 0.10514263087199185 0.035682001353811547 -0.069072593960279552 -0.037795137174007731 0.00067753650188522474 -0.042500440140884929
leaf_weight=77.024908050894737 77.324376218020916 1432.8459734469652 4.50850985944271 256.51358073204756 2498.4491363242269 1206.9256032630801 65.703042201697826 111.3943852186203 285.62514985352755 1041.6730933748186 208.64035642147064 269.20108727365732 109.09735174849629 21.094786092638969 17.702331095933914 359.66166902706027 353.75133831053972 7.7602189332246772 180.5753758251667 101.90153995528817 245.74105884879827 75.944440558552742 10.307859629392622 11.356609821319578 39.689382568001747 57.526929080486298 36.412592116743326 80.241888839751482 1635.7419565357268 204.42362454161048
leaf_count=1877 413 7163 21 1358 12218 6820 775 574 1701 7634 950 1244 525 126 78 1758 1757 32 899 512 1297 357 53 52 170 245 177 589 7827 1053
internal_value=-9.93195e-05 0.000272983 -3.55179e-05 -0.00650233 0.00193904 -0.00519102 0.00758107 0.019498 0.0281635 -0.0120147 -0.00194943 0.011129 0.0257867 0.00281065 0.00526005 0.0101944 0.000319745 -0.0144835 -0.0354678 -0.000258064 -0.00988777 0.00511687 0.0478232 0.0484369 0.0757528 0.0026349 -0.0404028 0.00333716 0.00499615 -0.0386897
internal_weight=11084.8 11007.7 10930.4 2556.78 8373.63 2660.87 719.236 462.723 397.02 1837.54 795.871 586.939 378.298 1453.94 5712.76 2858.11 2854.65 698.666 282.275 416.391 347.643 2155.99 86.2523 68.7483 51.046 101.7 44.1728 2069.74 1989.49 208.932
internal_count=60255 58378 57965 15835 42130 14109 4408 3050 2275 11427 3793 2719 1769 7289 28021 13976 14045 3462 1353 2109 1809 10583 410 300 222 454 209 10173 9584 1074
is_linear=0
shrinkage=0.05


Tree=50
num_leaves=31
num_cat=0
split_feature=51 59 29 10 1 11 28 17 49 41 5 12 40 17 12 10 5 11 59 8 12 5 54 17 10 41 11 59 5 29
split_gain=76.1869 65.3451 68.4102 91.3197 105.281 82.0425 80.0674 217.938 135.694 103.961 98.4941 85.0569 163.963 199.5 193.463 129.37 125.5 118.996 113.684 143.203 106.653 104.896 104.181 101.511 94.0458 83.8655 80.3222 84.8557 93.9906 76.5891
threshold=-0.027148999999999895 0.058718105083333305 0.00091475083333330002 -3.5275079999999989e-05 2.0795750000000002e-05 -3.0740252170512811e-05 0.071411225000000009 -1.3241641391666666e-06 0.5094700000000002 0.85733145833333346 3.5994416111111125e-05 9.2136700000000025e-06 0.028282944999999952 1.5229792590090095e-05 2.6943650000000004e-05 -1.0000000180025095e-35 7.6095803325000012e-06 -1.4835019121296293e-05 0.099386213749999966 1.7969300000000001e-05 4.0724700000000007e-05 -1.8947289007894737e-05 0.051543300000000007 2.6943006666666669e-05 -2.2084659999999996e-05 0.22766917416666663 -4.0279492499999996e-05 0.18789275092307692 2.1257476333333332e-05 1.0713716590909093
decision_type=10 8 10 8 10 10 8 10 10 10 10 10 8 10 10 8 10 10 10 10 10 8 8 10 10 10 10 8 10 10
left_child=-1 -2 3 -3 -5 -6 7 8 9 -4 11 21 15 -14 18 17 -17 24 19 -15 -16 29 -19 -18 -13 -21 -9 28 -28 -8
right_child=1 2 6 4 5 -7 10 26 -10 -11 -12 12 13 14 20 16 23 22 -20 25 -22 -23 -24 -25 -26 -27 27 -29 -30 -31
leaf_value=-0.012663304130652552 -0.0033635110481872316 0.061581437714512993 -0.049176674929174054 -0.0043402532371733769 0.080241259754018343 -0.065984020332540014 -0.018018652357738498 -0.073007268229314873 0.048731309234134858 0.065566501292669596 -0.05567262052275699 -0.01159134282694442 -0.054543300207096738 0.062123360555615806 -0.045468422669750194 0.049775866835647935 -0.043137765139317427 0.12378662011814792 -0.035420934870140849 -0.080419124620585106 0.072328605242963528 0.016125955431749255 -0.037788307035334194 0.062112457877967368 0.060254325784223711 0.11312841780831871 -0.037213498676924264 0.053058887377882002 0.11088588842333742 0.053467254081104011
leaf_weight=1087.1921008192003 4306.669195227325 43.944274865090847 172.20258834958076 648.68117966502905 10.447662800550459 117.20099581032991 388.53808838129044 14.936019718647001 62.369052417576313 22.296417206525803 67.324943393468857 94.612536802887917 272.3623480796814 179.4331512004137 213.57416725903749 288.38459393382072 79.216713882982731 10.434853896498678 57.718990698456764 30.754696995019913 21.114816024899483 1975.3532732352614 227.17447289824486 32.229887142777443 87.834962323307991 6.8420569896697989 53.527358174324036 419.11554757505655 13.393864512443541 41.46738862991333
leaf_count=11805 22105 196 797 3364 47 580 1776 64 314 94 368 422 1304 792 1129 1283 365 47 277 133 107 8814 1045 152 385 28 254 1972 58 178
internal_value=-9.55149e-05 0.00127645 0.00481167 -0.00853903 -0.0125082 -0.0540159 0.00707796 0.0220013 -0.0154442 -0.0360231 0.00430219 0.00530987 -0.00361729 -0.0199999 -0.00153185 0.0120043 0.0323618 -0.00737303 0.0269457 0.043532 -0.0348703 0.0112543 -0.0306926 -0.0126998 0.022997 -0.0451963 0.0412011 0.0447107 -0.00757233 -0.0111249
internal_weight=11046.3 9959.16 5652.49 820.274 776.33 127.649 4832.21 757.841 256.868 194.499 4074.37 4007.05 1601.69 781.8 509.438 819.888 399.831 420.057 274.749 217.03 234.689 2405.36 237.609 111.447 182.447 37.5968 500.973 486.037 66.9212 430.005
internal_count=60255 48450 26345 4187 3991 627 22158 3553 1205 891 18605 18237 7469 3770 2466 3699 1800 1899 1230 953 1236 10768 1092 517 807 161 2348 2284 312 1954
is_linear=0
shrinkage=0.05


Tree=51
num_leaves=31
num_cat=0
split_feature=27 20 15 3 17 3 3 0 0 17 11 11 56 50 40 57 23 5 11 41 17 59 59 13 59 17 48 5 17 59
split_gain=82.2937 54.8913 50.6573 49.7911 75.5977 56.1654 100.255 97.147 376.728 73.9732 88.8688 86.6553 91.506 93.4101 81.2136 72.0228 72.8949 70.6224 69.8163 61.2311 76.5673 88.6969 77.2235 73.155 66.181 61.2853 60.9885 52.1334 51.6638 100.18
threshold=inf 1.0000000180025095e-35 5.8632999999999988e-07 -8.4009499999999934e-07 -2.8446458249999999e-06 5.2999999999997637e-09 -1.0000000180025095e-35 1.0000000180025095e-35 -1.0000000180025095e-35 -1.4468681111111109e-05 3.7786355833333339e-05 1.2117566407246379e-05 0.14983700000000003 0.209788 0.72518850000000012 0.0026584999999999504 2.227296402405768e-05 -2.8818108974358973e-05 -1.98162982470339e-05 0.010936541666666603 2.3531303333333338e-05 0.19130512328571428 0.023732811166666656 2.6358000000000004e-05 0.014283352965686202 3.510785460144928e-05 0.8870920000000001 -1.2354066333333331e-05 -2.9302940566037732e-05 0.0021577071666666506
decision_type=8 8 10 8 8 8 10 10 10 8 8 10 10 10 10 10 10 10 8 8 10 10 10 8 8 10 8 10 10 10
left_child=-1 -2 3 4 -3 6 -5 8 -8 14 11 15 13 -13 18 19 -17 -12 -7 20 22 23 -11 -22 -25 -21 -27 -24 29 -20
right_child=1 2 -4 5 -6 9 7 -9 -10 10 17 12 -14 -15 -16 16 -18 -19 28 25 21 -23 27 24 -26 26 -28 -29 -30 -31
leaf_value=-0.053137829120738361 0.0659908904369019 0.0070086453722274346 -0.0085353041521934146 0.0019645923941597784 -0.018446717888854221 -0.04709350095254615 -0.00030192432852153031 0.0018631066522347272 0.073968543338531575 -0.034720020863112391 -0.057427337613394851 0.036986999665228566 -0.042658421737396798 -0.0048112130132981724 0.034588833105169102 -0.020273423392953075 0.050226777770865677 0.057731018042928697 -0.026641417559454334 -0.00031090624362996511 0.074366572791913943 -0.070049223744906561 -0.047061311493537712 -0.054953053114397021 0.033693196630010719 0.058693392767349063 -0.043151528552330787 0.043814487848683997 -0.018627831759641375 0.064323416466851607
leaf_weight=72.633353851735592 31.669679239392281 492.67738865688443 1478.6179311983287 2841.1742395944893 714.88886182382703 175.04117404669523 402.72238513454795 473.93150805681944 296.40539408475161 409.71177303418517 96.941869713366032 450.17860254272819 54.948727086186409 190.11269101500511 76.775465473532677 51.478969603776932 127.41656326502562 15.432952191680668 61.710521031171083 1610.1073201857507 54.178817674517632 27.160440400242805 21.683623075485229 33.431212089955807 56.873941592872143 81.042044132947922 17.956811252981424 57.984575897455215 472.61194011569023 59.402864187955856
leaf_count=1877 207 2447 8563 14197 4160 954 1900 2262 1507 2001 1598 2357 247 915 344 231 612 132 413 8711 240 126 106 196 278 393 140 256 2609 276
internal_value=-9.24407e-05 0.000259925 6.89911e-05 0.001419 -0.00806113 0.0028123 0.0070419 0.0193392 0.0311861 -0.00122813 0.00210141 0.00361556 0.0192625 0.0245764 -0.0144458 -0.000652096 0.0299396 -0.0416121 -0.0193428 -0.00296114 -0.0158836 0.0128501 -0.0259616 0.0284337 0.000876115 0.00203684 0.0402204 0.0190804 -0.0111614 0.0179744
internal_weight=11006.9 10934.3 10902.6 9423.98 1207.57 8216.42 4014.23 1173.06 699.128 4202.18 3356.64 3244.27 695.24 640.291 845.542 2549.03 178.896 112.375 768.766 2370.13 661.024 171.644 489.38 144.484 90.3052 1709.11 98.9989 79.6682 593.725 121.113
internal_count=60255 58378 58171 49608 6607 43001 19866 5669 3407 23135 18539 16809 3519 3272 4596 13290 843 1730 4252 12447 3203 840 2363 714 474 9244 533 362 3298 689
is_linear=0
shrinkage=0.05


Tree=52
num_leaves=31
num_cat=0
split_feature=27 53 17 29 17 41 41 54 5 7 7 59 17 4 5 5 53 59 41 8 17 52 29 17 23 17 29 57 5 29
split_gain=78.0712 55.9091 82.5871 82.1268 89.8966 76.8967 75.4892 69.8746 57.1401 112.28 67.6163 78.5108 74.1406 63.3628 56.5999 69.6813 56.1414 65.7314 62.5329 55.3537 55.0269 52.5826 130.355 87.1095 80.2954 103.703 160.575 133.157 92.1027 91.7483
threshold=inf 0.62048495185185193 -2.5861679166666661e-05 0.54617691666666679 -4.0838552916666654e-06 0.11016637333333332 0.30463764583333336 0.79995500000000008 -5.8432648791666662e-06 1.0000000180025095e-35 -2.1660249999999996e-05 0.10556250724999997 -1.6227576499999996e-05 -1.3519689999999996e-05 -4.3392796583333327e-06 8.0339713166666693e-06 0.96163372500000022 0.0062971614999999511 1.0000000180025095e-35 1.3154550000000001e-05 -3.8007040686274503e-05 0.17924935000000003 0.18840107083333332 -1.3908825666666664e-05 3.2667104388183221e-05 -1.2174327583333332e-05 1.1377318888888892 0.0026434000000000002 -2.0872112354166663e-05 0.033411158333333309
decision_type=8 10 10 8 10 10 10 10 10 10 8 10 10 10 10 10 10 10 8 10 8 8 8 8 8 10 8 10 10 10
left_child=-1 7 6 8 5 19 20 21 10 13 11 12 -4 -10 -7 -16 -6 18 -18 -5 -3 24 23 -23 28 -26 27 -27 -2 -29
right_child=1 2 3 4 16 14 -8 -9 9 -11 -12 -13 -14 -15 15 -17 17 -19 -20 -21 -22 22 -24 -25 25 26 -28 29 -30 -31
leaf_value=-0.053008216961560634 -0.030380625117240628 0.14581757496564468 0.097082338652095188 0.078823332665408682 -0.016316647906025241 -0.069166420615702495 0.019473636361063081 0.06584894038176857 -0.079398666921637467 -0.012973157136315304 0.059424723417778602 0.072479935448730784 -0.078416988533921886 0.048748743911943337 0.056827689182092737 -0.071504463210727509 0.1004133598495916 0.082484930553856917 -0.030846096290561911 0.0028496372540791231 -0.060256676922178704 0.044078632284484102 -0.012944269484136243 0.0024957097559330085 -0.019133256946447255 -0.0067416380011673096 0.04678114635783593 -0.048255598584088233 0.0086959211046605724 0.060270045686992763
leaf_weight=69.255658108741045 158.69082924723625 3.3577971756458282 7.4628743380308142 82.124327450990677 441.87184377759695 25.209869019687176 57.71763151884079 38.711008712649345 10.208289384841917 190.41469171643257 191.01876676082611 22.883726142346859 31.080816358327866 175.17520450055599 38.718020878732204 14.553502008318899 11.250413239002226 33.490342274308205 46.899185620248318 33.860103458166122 91.886905115097761 150.68006809800863 2315.4829470776021 767.16673985868692 874.78477933257818 1733.427997007966 178.18860703706741 23.154149331152439 3029.7097781375051 122.55518996715546
leaf_count=1877 741 15 30 359 2240 134 272 215 50 876 935 105 141 839 172 73 46 147 234 154 627 730 16357 4119 4712 8790 827 130 13733 575
internal_value=-8.91019e-05 0.000247078 0.00917981 0.0131079 0.00167774 0.0307804 -0.0256482 -0.00118822 0.0263526 0.0139936 0.0447505 -0.000881361 -0.0444366 0.0416922 -0.00744203 0.021768 -0.00893023 0.0266858 -0.00545085 0.0566438 -0.0529916 -0.00146566 -0.00662346 0.00932225 0.0012591 -0.00471287 0.00141874 -0.00288273 0.00675103 0.0430246
internal_weight=10971 10901.7 1509.18 1356.22 727.978 194.466 152.962 9392.55 628.244 375.798 252.446 61.4274 38.5437 185.383 78.4814 53.2715 533.512 91.6399 58.1496 115.984 95.2447 9353.84 3233.33 917.847 6120.51 2932.11 2057.33 1879.14 3188.4 145.709
internal_count=60255 58378 7449 6535 3559 892 914 50929 2976 1765 1211 276 171 889 379 245 2667 427 280 513 642 50714 21206 4849 29508 15034 10322 9495 14474 705
is_linear=0
shrinkage=0.05


Tree=53
num_leaves=31
num_cat=0
split_feature=48 29 11 8 59 5 29 6 41 1 59 29 6 5 12 28 41 48 5 59 41 28 49 29 16 5 5 49 10 22
split_gain=62.8804 77.8764 105.073 83.9888 131.67 121.179 117.396 74.4274 109.1 133.348 64.059 64.0727 87.0716 89.8645 99.8147 70.1902 193.504 90.3505 77.7171 63.2079 197.231 97.8015 112.602 103.106 91.3328 79.2608 75.495 70.3108 68.0938 73.9084
threshold=1.2124300000000001 0.2776876791666667 2.753733931782946e-05 1.3852800000000002e-05 0.027305063125000004 -1.340678607843137e-05 1.0000000180025095e-35 -2.9421649999999996e-05 0.34366183333333333 3.2563100000000008e-06 0.058718105083333305 0.00091475083333330002 -3.5580849999999993e-05 1.6970142916666672e-05 -1.9990799999999995e-05 0.021955749999999954 0.020845369242424205 0.049732400000000003 3.6842750833333337e-05 0.0052842260833333007 0.47110493750000004 1.2028200000000002 0.26230600000000009 1.0851626488095241 -2.9514044999999995e-05 3.8613852500000007e-05 2.5324492333333336e-05 0.9967855000000001 -4.4630444999999988e-05 4.7743099548109082e-05
decision_type=8 10 10 8 10 10 8 10 10 10 8 10 8 10 8 8 10 10 10 10 8 8 8 10 10 10 10 10 10 10
left_child=10 2 3 5 -5 -2 7 -7 9 -9 19 12 -12 -14 -15 16 17 -13 -17 21 24 23 26 27 -21 -26 -23 28 -1 -30
right_child=1 -3 -4 4 -6 6 -8 8 -10 -11 11 15 13 14 -16 18 -18 -19 -20 20 -22 22 -24 -25 25 -27 -28 -29 29 -31
leaf_value=0.10736315284564389 0.055950208112039317 -0.053302992649000028 0.065524788597365477 -0.04233805080315825 0.055738052159589692 0.070942527769377525 -0.055330914220757636 0.070506478622850338 0.046245742426764797 -0.080197450519983129 0.064942073404120476 -0.054979396621301219 -0.0044995911060246802 0.082135683568151902 -0.065325094636402958 0.0058557256218463149 0.062515632767522381 0.023398557928158717 -0.052419987211291902 0.059822514567730724 -0.051099173051512695 0.061356431653844704 -0.016367290032669072 -0.045065644877816169 -0.0079939232043159929 0.10876686700226038 -0.072711899612803388 -0.042616712209491162 0.0040201759843938355 -0.022829892972071029
leaf_weight=15.113532543182371 86.276614733040333 105.81596825644374 46.250866193324327 288.620506150648 38.824994508177042 41.579027146100998 99.788964342325926 19.405495204031467 58.934113450348377 60.256961487233639 38.865858837962151 70.403671182692051 681.89647137746215 12.76634109020233 113.51709140464664 4435.4431135952473 187.57776276022196 76.964824505150318 57.958858579397202 54.6922208070755 265.25318422913551 164.48513440042734 88.47772691398859 133.57647077739239 1067.1471152156591 14.735346585512159 11.216427788138388 93.446157187223434 2214.5829518437386 289.84020633995533
leaf_count=63 600 1946 264 4980 220 227 1564 108 320 357 193 339 3652 55 592 20375 902 440 330 263 1539 745 476 823 5551 67 61 484 11077 1642
internal_value=-8.63291e-05 -0.0131819 -0.00744429 -0.0123094 -0.0307092 0.00414129 -0.0118247 0.012271 -0.00533051 -0.0434865 0.00101157 0.0045248 -0.00815914 -0.0116746 -0.0504179 0.00674997 0.0288305 -0.0140456 0.00510405 -0.0035071 -0.0122771 0.000576292 0.0296333 -0.00221858 -0.00321681 -0.00640363 0.0527978 -2.82203e-05 0.00155133 0.000912782
internal_weight=10933.7 845.754 739.938 693.687 327.446 366.241 279.965 180.176 138.597 79.6625 10088 5675.39 847.046 808.18 126.283 4828.35 334.946 147.368 4493.4 4412.57 1401.83 3010.74 264.179 2746.56 1136.57 1081.88 175.702 2612.98 2519.54 2504.42
internal_count=60255 10586 8640 8376 5200 3176 2576 1012 785 465 49669 26878 4492 4299 647 22386 1681 779 20705 22791 7420 15371 1282 14089 5881 5618 806 13266 12782 12719
is_linear=0
shrinkage=0.05


Tree=54
num_leaves=31
num_cat=0
split_feature=27 53 17 7 4 23 54 41 29 41 28 18 54 12 4 12 17 29 41 5 5 23 41 5 8 57 15 3 7 17
split_gain=71.3358 51.8262 78.9531 76.4801 120.594 69.7279 130.75 81.9041 99.0374 89.2871 81.8881 73.4352 64.8974 60.1456 59.9503 68.5716 57.2521 91.7213 95.1219 64.2738 57.7817 55.1563 53.2552 52.9706 52.2033 51.8111 49.7294 59.4495 51.4932 49.6229
threshold=inf 0.59874529874213855 -2.661363868421052e-05 -1.3907149999999998e-05 -1.9129914999999999e-05 2.3096046654605161e-05 0.0066052450000000018 0.028210716666666653 0.42419993201754386 0.037734045833333306 0.14043400000000003 3.9454388523761461e-05 0.79995500000000008 -2.9917899999999997e-05 2.0562405000000002e-05 3.355060000000001e-05 -1.3241641391666666e-06 0.32377170833333341 0.038843075833333303 2.5005789166666672e-05 -1.9229530714285712e-05 4.3541955172484227e-05 0.18413740541666668 -2.9964352499999997e-05 1.9029950000000002e-05 -0.0027704999999999497 1.9300000000000818e-08 9.981050000000008e-07 inf -3.8007040686274503e-05
decision_type=8 10 10 10 8 10 8 8 8 10 8 10 10 8 10 10 10 10 10 10 10 10 10 10 10 10 10 8 8 10
left_child=-1 12 13 4 21 6 -5 14 9 -9 -8 -11 26 22 15 -7 -6 -18 -19 20 -20 -4 29 -17 -16 -23 -2 28 -28 -3
right_child=1 2 3 5 16 7 10 8 -10 11 -12 -13 -14 -15 24 23 17 18 19 -21 -22 25 -24 -25 -26 -27 27 -29 -30 -31
leaf_value=-0.052887906117998443 0.0016045731087172025 0.13043650806866292 -0.054498980160634238 0.038321655710608922 0.067181008025167535 0.052965840091953112 0.060458816861645219 -0.071909684684793335 -0.021400705503589464 0.054496913213762981 -0.058298292736299398 -0.020706182226060368 0.064716529772669659 -0.064665872178355496 -0.045775868314972878 0.071188001619178279 0.073334304027122363 -0.038197084359965522 -0.025748856904904877 -0.067765970423796285 0.076399781013147483 -0.035439906616193471 0.047059586654050412 -0.066441458982548995 0.11430256491166464 0.064806735807106067 -0.0038218842755152862 -0.021871789810451535 0.093139707804242508 -0.055350557800485811
leaf_weight=63.593004224821925 5403.5022722929716 3.9867017716169348 53.643830113112926 65.666935458779335 137.90146786719561 205.59310410916805 16.212724968791008 21.222037777304649 269.10577651113272 136.14228954911232 138.68760598450899 42.625467345118523 37.178396537899971 61.068023264408112 35.590883150696754 10.042405650019644 73.017078101634979 69.986693918704987 17.602624580264091 12.339811652898787 64.837620072066784 24.246472179889679 35.160468384623528 23.010146662592888 5.9434790909290305 27.516628935933113 3279.9023053497076 503.03962313756347 13.750154338777064 36.497186243534088
leaf_count=1877 29294 17 260 300 648 960 102 96 1417 620 677 230 213 376 169 51 357 340 94 68 282 115 178 127 25 136 16900 3932 104 290
internal_value=-8.62926e-05 0.000223897 0.00856892 0.0119915 0.0282904 0.00390646 -0.0208036 0.0111804 -0.00159541 0.0250545 -0.0458685 0.0365655 -0.00121038 -0.0277554 0.0325706 0.0422194 0.0415503 0.0266859 0.0060135 0.0386591 0.054589 -0.0189699 0.00204257 -0.0246253 -0.022869 0.01785 -0.00147679 -0.00586223 -0.00341709 -0.0370549
internal_weight=10888.6 10825 1587.65 1450.94 481.092 969.843 220.567 749.276 469.096 199.99 154.9 178.768 9237.37 136.712 280.18 238.646 375.685 237.784 164.767 94.7801 82.4402 105.407 75.6444 33.0526 41.5344 51.7631 9200.19 3796.69 3293.65 40.4839
internal_count=60255 58378 7935 7074 2300 4774 1079 3695 2363 946 779 850 50443 861 1332 1138 1789 1141 784 444 376 511 485 178 194 251 50230 20936 17004 307
is_linear=0
shrinkage=0.05


Tree=55
num_leaves=31
num_cat=0
split_feature=27 18 3 3 3 3 1 1 13 29 28 14 11 19 41 13 29 13 11 10 53 56 54 22 7 29 23 58 11 49
split_gain=67.695 49.0908 43.0957 47.3717 69.9589 104.837 109.252 399.6 63.8228 71.1487 59.1334 63.5582 51.8722 46.2563 45.5253 66.6787 103.624 66.3248 87.9493 89.0751 88.3308 80.278 60.2502 64.6394 58.803 57.7533 85.7696 64.7484 77.4913 73.3797
threshold=inf 6.5394052892645128e-06 -7.5277099999999998e-06 -8.3714999999999915e-07 5.2999999999997637e-09 -1.0000000180025095e-35 3.5060150000000007e-07 -1.0000000180025095e-35 -1.9103299999999997e-05 0.60615182500000009 0.67699825000000013 2.9053550000000002e-05 1.11583413125e-05 4.8414939221269369e-05 0.0025708724999999504 3.592670000000001e-05 0.048756420833333307 1.7125700000000001e-05 -9.2085410333333338e-06 1.0156920000000001e-05 0.66621307777777783 0.017174350000000001 0.17661500000000005 5.5350218746569398e-05 -3.1997049999999995e-05 0.55527454166666679 1.7359425709094933e-05 0.74855490000000013 3.2504105000000006e-05 1.0000000180025095e-35
decision_type=8 8 8 8 8 10 10 10 8 10 10 10 10 10 10 10 10 8 8 10 8 8 8 8 10 10 10 8 8 10
left_child=-1 -2 -3 8 5 -5 7 -7 9 12 -10 -12 -4 -14 17 22 -17 25 21 -20 -21 -19 -16 24 -24 27 -27 28 -6 -29
right_child=1 2 3 4 14 6 -8 -9 10 -11 11 -13 13 -15 15 16 -18 18 19 20 -22 -23 23 -25 -26 26 -28 29 -30 -31
leaf_value=-0.052772457336668403 0.04125034437516914 0.067431610670508041 0.061675032128755962 0.00066199999610960943 -0.0024754866197485305 -0.00040667703861755033 -5.9082896515165803e-05 0.072280256698602677 -0.021534785373520084 -0.015685104760754909 0.0088526946717440384 -0.054737388651640496 -0.039652672587467082 0.075077011560340162 -0.0086994535304989028 -0.038209936780505112 0.059821443742173276 -0.038032049066237757 -0.028109238645305887 -0.0082213616141718331 0.071615921615276176 0.048241229442223969 0.044287648776233882 -0.060578882469922907 0.0046431382868636862 0.073431296377912986 -0.040603683275078073 -0.038743043941089225 0.077321572249942419 0.0086855168880463803
leaf_weight=60.620537012815475 72.385830081999302 23.597335129976273 87.845482770353556 3177.644671227783 420.35846142470837 462.04153678193688 530.30790701135993 320.06470767408609 776.57703169435263 104.05553595721722 363.62389246374369 44.055397253483534 29.744660772383213 12.467840746045111 1369.9734006077051 36.457121767103672 103.44592466205359 32.821893107146025 238.27172365039587 94.053459864109755 54.848844382911921 151.07918867841363 100.16161169856787 35.941197499632835 1413.7529620528221 17.432306684553623 304.75658904761076 271.94350977987051 32.798013418912888 116.48449729382992
leaf_count=1877 418 139 425 16056 2134 2199 2557 1662 4547 590 1862 302 156 60 7325 189 553 185 2108 563 295 845 489 298 6772 95 1526 3275 149 604
internal_value=-8.3098e-05 0.000212676 -6.42568e-05 -0.000213068 0.00108707 0.00557203 0.0174603 0.0293393 -0.00872375 0.0151309 -0.0134395 0.0019809 0.0397858 -0.00576623 -0.00311303 0.000555648 0.0342756 -0.00958344 0.00437268 -0.00915049 0.0211871 0.0328435 -0.00106004 0.00569272 0.00726605 -0.0164319 -0.0344337 -0.00954009 0.00329997 -0.0245198
internal_weight=10859.6 10799 10726.6 10703 9284.64 4490.06 1312.41 782.106 1418.37 234.114 1184.26 407.679 130.058 42.2125 4794.58 3059.73 139.903 1734.85 571.075 387.174 148.902 183.901 2919.83 1549.86 1513.91 1163.77 322.189 841.584 453.156 388.428
internal_count=60255 58378 57960 57821 49879 22474 6418 3861 7942 1231 6711 2164 641 216 27405 15626 742 11779 3996 2966 858 1030 14884 7559 7261 7783 1621 6162 2283 3879
is_linear=0
shrinkage=0.05


Tree=56
num_leaves=31
num_cat=0
split_feature=27 53 56 7 22 6 41 23 40 12 5 59 5 0 41 15 41 5 5 41 15 58 59 18 16 12 48 18 5 6
split_gain=64.2465 46.7995 61.2064 53.5586 46.9294 87.0506 75.9826 107.673 56.6724 64.1879 49.8809 47.4884 72.0105 52.2067 45.7953 44.5201 43.8848 47.9933 49.1586 42.9282 44.1175 41.777 40.5252 40.0054 40.4738 46.3431 37.7531 66.0937 67.7421 116.559
threshold=inf 0.67232221666666669 0.79995500000000008 -3.1284699999999995e-05 2.7398247320077179e-05 1.0484350000000002e-05 0.023378810151515102 2.3978664886046857e-05 0.0064271474999999505 -2.0893849999999996e-05 -2.2935775833333328e-05 0.11210210333333326 -8.0464362083333318e-06 -1.4408249999999997e-05 0.69307408333333342 3.1343499999999979e-07 0.52226745833333343 1.9431565083333341e-05 -6.3547261863945567e-06 0.98080891666666681 2.384814999999999e-06 0.0047557640000000009 0.89025285833333345 4.5264992472747539e-05 4.4758770000000002e-06 3.3050100000000004e-05 0.13340850000000001 2.8360796628242731e-05 -1.1853380116666665e-05 8.8538650000000027e-06
decision_type=8 10 10 10 8 10 10 10 8 10 10 8 10 10 10 10 8 10 10 8 10 8 10 10 10 10 8 8 10 10
left_child=-1 2 15 14 5 6 7 21 9 -6 -8 12 -11 -13 -3 26 17 18 -7 -17 -21 -5 -9 24 -14 -26 27 28 29 -2
right_child=1 3 -4 4 8 16 10 22 -10 11 -12 13 23 -15 -16 19 -18 -19 -20 20 -22 -23 -24 -25 25 -27 -28 -29 -30 -31
leaf_value=-0.052661616036177264 -0.020023831622513699 0.043061247666263125 0.063476313880129684 0.038903473972987601 -0.046874287691900635 0.050416107881957987 -0.081679658374338618 0.071507701944348731 -0.012779639837516611 -0.057578721240249243 0.062995328926248581 0.083774834073020693 -0.0056522377934251772 -0.004504396682164351 -0.066025433633496389 -0.0047973211585242183 0.053578107717286064 0.067656233033359589 -0.066806106242578392 -0.031766774810519524 0.045033457324592213 -0.044644993604423464 -0.072696545875268012 -0.067790526920596603 0.096676399756696729 -0.063520620434153074 -0.003779545998899226 -0.001250547244318537 0.017147608539011542 0.045296986843947992
leaf_weight=57.782350976020098 323.57352691888809 151.76198120415211 36.681024007499218 18.878645807504654 32.223453514277935 10.418353632092474 6.2116006463766089 55.128352276980877 456.01119967550039 30.375644996762276 145.82507392764091 57.776216000318527 23.121489524841309 23.583574317395687 10.272133484482763 2033.6093076318502 16.186894595623016 9.7837737724184972 63.189176775515079 249.77257683500648 20.212535712867975 72.126546934247017 5.3443349599838248 8.5319656133651716 36.478750333189964 5.1521978080272666 2839.6008299514651 2669.5479297675192 1264.5759034901857 86.564376831054688
leaf_count=1877 1520 750 220 92 238 45 29 257 2431 163 674 272 111 117 51 10421 84 48 314 2557 187 375 25 45 163 31 17612 13338 5831 377
internal_value=-7.99578e-05 0.000202345 -0.000986562 0.00934599 0.00531154 0.0188044 0.0321134 0.00705016 -0.00276693 0.0182506 0.0570845 0.0295928 0.00715124 0.0581855 0.0361457 -0.00123579 -0.0217615 -0.0363855 -0.0502146 -0.00728431 -0.0260171 -0.0273132 0.0587635 0.0339812 0.0473909 0.0768506 0.000703741 0.00363421 0.0114207 -0.00623711
internal_weight=10820.3 10762.5 9524.14 1238.38 1076.35 403.093 303.515 151.478 673.254 217.243 152.037 185.02 103.66 81.3598 162.034 9487.46 99.5782 83.3913 73.6075 2303.59 269.985 91.0052 60.4727 73.2844 64.7524 41.6309 7183.86 4344.26 1674.71 410.138
internal_count=60255 58378 52063 6315 5514 1943 1452 749 3571 1140 703 902 513 389 801 51843 491 407 359 13165 2744 467 282 350 305 194 38678 21066 7728 1897
is_linear=0
shrinkage=0.05


Tree=57
num_leaves=31
num_cat=0
split_feature=27 18 2 2 41 14 6 53 18 59 57 5 8 28 49 40 5 18 6 58 12 12 55 17 28 19 28 48 7 40
split_gain=60.9791 43.7006 40.8893 789.599 95.1896 140.299 87.6836 131.927 127.42 104.525 108.408 104.086 78.3063 76.4292 73.7398 73.7004 93.197 121.115 95.8168 70.7653 104.691 97.885 86.6612 83.6147 107.749 98.2175 83.0578 83.0117 93.2222 77.6283
threshold=inf 6.5394052892645128e-06 1.0000000180025095e-35 -1.0000000180025095e-35 1.0000000180025095e-35 -1.1880149999999998e-05 -1.0519399999999998e-05 0.00016973332668435002 2.3981289135742058e-05 1.0000000180025095e-35 -0.0026444499999999497 2.6747287250000012e-06 -4.4881549999999997e-05 1.0096557500000003 0.62751900000000016 0.72921325000000004 -8.5721397772499961e-06 3.058468000343622e-05 1.7612150000000004e-05 0.021402485000000002 4.0724700000000007e-05 1.0150200000000002e-05 0.046252850000000005 -1.971772494827586e-05 0.83686150000000004 2.8629017054865024e-05 0.045295750000000003 0.049732400000000003 -1.2851299999999998e-05 0.48000225000000002
decision_type=8 8 8 10 10 10 8 8 8 8 8 10 10 10 8 10 10 10 10 10 10 10 8 10 10 10 8 10 10 8
left_child=-1 -2 3 12 5 13 7 11 9 -8 -11 -7 -3 -4 -15 -14 17 -17 -19 20 -6 22 -21 -24 25 29 -23 28 -26 -25
right_child=1 2 4 -5 19 6 8 -9 -10 10 -12 -13 15 14 -16 16 -18 18 -20 21 -22 26 23 24 27 -27 -28 -29 -30 -31
leaf_value=-0.052555144714975854 0.039233647854121458 0.074578122578410996 0.0090021106721659815 0.076742684973180555 0.0033363059661786348 -0.015504983430861527 0.057823103470673411 -0.019975076531539751 -0.053081381106067985 0.063090491534517609 -0.04932993175162604 0.10831046113091221 -0.00062965588602010517 -0.067937588941689608 0.065446434850155319 0.050940552395832617 -0.045208157924149957 -0.042532918784307268 0.065874807798159796 -0.034031542378041291 0.066595879556394275 0.023587124336688692 -0.046198527388679043 0.029285038401229691 -0.050690875971089816 0.065770609044583581 -0.054328499800259417 -0.062176121327142002 0.06108784988110099 -0.063029749253063844
leaf_weight=55.072820169851184 71.2019955329597 32.968289934098721 672.96812076121569 340.46366230398417 3147.3522926270962 29.563188180327415 51.246233373880386 344.14047087728977 402.78122791647911 26.959475219249725 104.82471092417836 39.859525918960571 4062.5563118942082 60.168363444507122 12.517449818551539 78.0550497174263 220.20195917785168 129.82961554825306 24.178617879748344 149.95590234547853 66.790594682097435 42.024941697716713 57.756370760500431 79.202971696853638 31.03004602342844 139.21451861411333 183.7781695574522 58.917214550077915 46.762256190180779 31.963054463267326
leaf_count=1877 418 246 4573 1757 15979 136 220 1956 3890 114 582 168 21073 307 71 427 1084 733 110 856 331 244 292 341 163 627 1010 294 212 164
internal_value=-7.66645e-05 0.000192455 -6.81188e-05 0.00329786 -0.0029149 -0.0126719 -0.0249181 -0.00729128 -0.037362 -0.00276945 -0.0263318 0.0555845 -0.00220048 0.00374123 -0.0449671 -0.00276114 -0.0219076 0.000202086 -0.0255134 0.001305 0.00465085 -0.0118 -0.00116006 0.00992078 0.0182942 0.0377867 -0.0398274 -0.0174061 0.0165012 0.00274219
internal_weight=10794.3 10739.2 10668 4888.25 5779.78 1745.03 999.375 413.563 585.812 183.03 131.784 69.4227 4547.79 745.654 72.6858 4514.82 452.265 232.063 154.008 4034.75 3214.14 820.605 594.802 444.846 387.09 250.381 225.803 136.71 77.7923 111.166
internal_count=60255 58378 57960 25430 32530 12017 7066 2260 4806 916 696 304 23673 4951 378 23427 2354 1270 843 20513 16310 4203 2949 2093 1801 1132 1254 669 375 505
is_linear=0
shrinkage=0.05


Tree=58
num_leaves=31
num_cat=0
split_feature=27 20 53 16 0 40 15 28 53 12 48 23 48 10 59 40 55 59 54 0 12 59 28 59 7 7 59 40 5 10
split_gain=57.8793 44.7145 40.9294 83.9124 52.4761 41.8945 40.3772 35.6693 150.434 88.9675 174.026 81.0367 97.9037 92.7995 84.1037 124.573 95.9008 94.7626 93.5772 92.1281 80.6303 130.976 78.1933 75.8225 97.0837 89.471 74.4578 76.2451 70.1004 109.286
threshold=inf 1.0000000180025095e-35 0.96163372500000022 -2.2396959999999996e-05 7.4256950000000012e-06 0.59826500000000016 5.8632999999999988e-07 0.92856425000000009 0.26365714608333335 -3.9570149999999992e-05 inf 3.4380729578601715e-05 0.12798750000000003 2.4885545000000004e-05 0.47875866666666672 0.0077125824999999511 0.78117500000000006 0.004095799083333301 0.017174350000000001 -2.2813399999999997e-05 -2.0893849999999996e-05 0.25733111267660908 0.95565510000000009 0.042022067500000003 2.1393500000000001e-05 3.2458000000000007e-05 0.26491003333333335 0.046291900000000004 -4.3392796583333327e-06 5.7726045000000011e-06
decision_type=8 8 10 10 10 10 10 8 8 10 8 8 10 10 10 8 8 10 10 10 8 10 10 8 8 8 10 8 10 10
left_child=-1 -2 6 -4 5 -5 7 20 11 10 -10 13 22 14 15 18 -16 19 -9 -17 21 -3 -13 24 28 -25 27 -19 29 -22
right_child=1 2 3 4 -6 -7 -8 8 9 -11 -12 12 -14 -15 16 17 -18 26 -20 -21 23 -23 -24 25 -26 -27 -28 -29 -30 -31
leaf_value=-0.052452832330659553 0.06353161947185984 0.024984578864581258 -0.048641022440325969 0.056108564560220467 -0.029994460851982038 -0.013214418527479092 -0.0083200450706246466 -0.023907535497309302 -0.057659549206573749 -0.02454771773189331 0.07230384494984439 0.027652846137871737 -0.047588104529005748 0.08991729600291147 -0.065322658113009843 -0.044789341695734036 0.067282143591135143 0.067069488216969272 0.0846975418522629 0.056589897719165054 -0.024329006963894201 -0.045673900666835278 -0.012659641787138366 0.0035051287989931687 -0.028606869033931233 0.040292125353626591 0.053744598162347813 -0.037987286303706763 0.0060599447595653215 0.021446020372999752
leaf_weight=52.486497448757291 27.782194741070271 677.17856673523784 36.268517017364502 136.98527377098799 27.157360188663006 25.917807474732399 1406.4128168746829 198.86272624135017 41.399228718131781 888.98446422815323 68.176330119371414 189.49035836011171 122.78239847719669 40.668495275080204 62.175420597195625 24.310687199234962 17.464493684470654 20.981031283736229 22.031321182847023 286.56828586757183 562.1667020842433 72.617977112531662 329.38958845287561 3364.2789638489485 403.99510553479195 173.82502759248018 49.216177523136139 97.65370074659586 1156.8706434369087 169.76662468165159
leaf_count=1877 207 3387 216 641 141 133 8398 903 470 7204 331 1072 757 200 263 113 90 90 95 1386 2932 385 1781 16804 2104 910 206 524 5779 856
internal_value=-7.52576e-05 0.000181636 1.67429e-05 0.0210528 0.0343522 0.0450793 -0.00043898 0.000787014 -0.00434949 -0.019308 0.0232018 0.00587015 -0.00743847 0.0162852 0.0124425 0.0179845 -0.0362433 0.0323161 -0.0130756 0.0486621 0.00270726 0.0181413 0.00206212 0.0007226 -0.00636017 0.00531245 0.00204164 -0.0194076 -0.00160184 -0.0137118
internal_weight=10753.9 10701.4 10673.6 226.329 190.06 162.903 10447.3 9040.85 2460.15 998.56 109.576 1461.59 641.662 819.932 779.264 699.624 79.6399 478.73 220.894 310.879 6580.7 749.797 518.88 5830.9 2292.8 3538.1 167.851 118.635 1888.8 731.933
internal_count=60255 58378 58171 1131 915 774 57040 48642 15485 8005 801 7480 3610 3870 3670 3317 353 2319 998 1499 33157 3772 2853 29385 11671 17714 820 614 9567 3788
is_linear=0
shrinkage=0.05


Tree=59
num_leaves=31
num_cat=0
split_feature=51 8 5 29 12 22 17 28 40 17 13 53 15 54 15 18 29 14 28 59 14 59 17 59 40 20 8 29 5 53
split_gain=46.59 55.0738 68.1069 62.6735 74.0735 67.5083 56.8299 104.336 82.4477 54.2053 60.285 49.7028 63.7112 62.6256 48.2956 54.422 47.9705 47.6405 44.4344 70.6904 143.735 51.0431 64.3436 42.1531 54.1375 69.9667 116.304 101.767 81.6995 71.8271
threshold=-0.027148999999999895 -2.9935599999999995e-05 -8.3043204166666647e-06 0.2776876791666667 2.5052150000000004e-05 5.1007177277806748e-05 -3.0698339393939388e-05 inf 0.31400125000000007 1.4694427166666667e-05 2.7588500000000005e-05 0.090983382499999974 -1.8876549999999998e-06 0.78490250000000017 1.9300000000000818e-08 1.0000000180025095e-35 0.32982643181818189 1.6979400000000006e-05 1.0000000180025095e-35 1.0000000180025095e-35 1.1876350000000002e-05 0.10223163091666661 3.0813485000000005e-05 0.40650306666666675 0.042432450000000003 4.2681588893710895e-05 -1.2834749999999998e-05 0.033411158333333309 2.1794363750000002e-05 0.88839835000000011
decision_type=10 8 8 10 10 8 10 8 10 10 10 10 10 8 8 10 8 8 10 8 8 8 10 8 10 8 8 10 10 8
left_child=1 17 3 4 5 -3 7 -4 -8 16 -11 12 -9 -14 15 -2 -10 -1 19 20 -16 -21 -23 24 -17 28 29 -28 -26 -27
right_child=14 2 6 -5 -6 -7 8 11 9 10 -12 -13 13 -15 18 23 -18 -19 -20 21 -22 22 -24 -25 25 26 27 -29 -30 -31
leaf_value=-0.01677373858975565 0.062292297502904659 -0.01234160560565814 -0.051179130642307807 -0.03154013604151245 0.075786380861693953 0.075535779467631389 -0.04227186716222682 0.079985033704080152 0.086139479275264219 -0.059190132334293613 0.061681499188248945 -0.056484664679172986 0.056345527820375878 -0.051797831648781101 0.052944533139612927 0.0060138043881352594 -0.02640390798924613 0.059764423244911227 -0.00087840423104531607 -0.057957920065547119 -0.046652431733485045 -0.02182122623988355 0.059583719483704611 0.0085675475150394902 -0.0089298449176345943 -0.040858197566195159 -0.061328980664815326 0.03230183787331499 -0.050016730228547017 0.069047539477105777
leaf_weight=34.447184521704912 39.746566843241453 114.80783925950527 62.809549951925874 73.990678889676929 48.835532804951072 26.992925263941288 375.50491795316339 51.828347206115723 30.031294263899326 36.633820358663797 14.35912950336933 15.115600958466528 26.747238233685493 26.801884107291698 94.144702553749084 1665.0101825222373 13.8281127884984 49.613270722329617 3441.1491889432073 91.561085030436516 58.881683595478535 381.89909403026104 25.921774677932262 2407.3419145867229 866.71043955534697 133.78549302369356 31.902708396315575 321.25585427135229 140.6215084195137 16.724092856049538
leaf_count=420 303 848 2041 758 293 181 5514 243 134 286 79 184 122 241 429 8215 134 327 17157 542 340 2209 143 11132 4522 770 173 1643 795 77
internal_value=-7.39235e-05 -0.0103373 -0.0138833 0.00751779 0.0226771 0.00438657 -0.0225473 0.00106906 -0.0317508 0.00990061 -0.0251538 0.0283045 0.0404669 0.00221867 0.000984818 0.00399247 0.0506565 0.0283998 -0.00314663 -0.0151105 0.0146215 -0.0242213 -0.016647 0.00357745 -0.000204929 -0.00705751 0.00815838 0.0238437 -0.0146655 -0.0286459
internal_weight=10719 1002.35 918.287 264.627 190.636 141.801 653.66 183.303 470.357 94.8524 50.9929 120.493 105.377 53.5491 9716.66 5623.1 43.8594 84.0605 4093.56 652.408 153.026 499.382 407.821 5583.35 3176.01 1511 503.668 353.159 1007.33 150.51
internal_count=60255 11805 11058 2080 1322 1029 8978 2831 6147 633 365 790 606 363 48450 27630 268 747 20820 3663 769 2894 2352 27327 16195 7980 2663 1816 5317 847
is_linear=0
shrinkage=0.05


Tree=60
num_leaves=31
num_cat=0
split_feature=27 53 17 13 29 41 53 41 4 59 54 23 53 5 14 29 40 11 50 55 8 17 59 41 28 7 56 11 4 49
split_gain=52.5502 44.0378 70.3297 70.5202 63.5068 73.0033 67.1674 62.963 58.3328 61.6292 53.8374 51.9145 83.4726 55.8247 55.5087 90.0316 65.4727 85.8737 97.2396 81.9113 49.8342 48.6399 45.6813 55.7669 70.8433 63.6354 76.8648 56.791 55.6612 48.2258
threshold=inf 0.59874529874213855 -2.5861679166666661e-05 -1.7683349999999997e-05 0.54617691666666679 0.29114261874999997 1.0976825000000001 0.2739118166666667 3.2321705000000006e-05 0.6648356333333334 0.79995500000000008 1.7116492139529846e-05 0.9499920138888891 -1.2632254533333333e-05 1.7265700000000003e-05 0.9558694642857144 1.0000000180025095e-35 1.206442875e-06 1.0220250000000002 0.01453195 1.0714400000000002e-05 -3.8007040686274503e-05 0.10223163091666661 0.0025708724999999504 0.42426275000000008 -2.2183049999999994e-05 0.030388550000000004 1.7296227075000003e-05 3.8201000000000018e-06 0.71683750000000013
decision_type=8 10 10 10 8 10 10 10 10 10 10 10 10 10 8 10 8 10 10 8 10 8 10 10 10 10 10 10 10 10
left_child=-1 10 7 20 22 8 -7 21 9 11 -2 -6 13 -13 16 -16 -15 19 -19 -18 -4 -3 23 24 29 -25 27 -27 -29 -5
right_child=1 2 3 4 5 6 -8 -9 -10 -11 -12 12 -14 14 15 -17 17 18 -20 -21 -22 -23 -24 25 -26 26 -28 28 -30 -31
leaf_value=-0.05232437204887927 -0.0013955669074218555 0.11711392584997832 0.067640625173126537 -0.063896716679811227 -0.044538224341032703 -0.062085196552194501 0.083815560287927207 0.015637812057065135 -0.060350544378555894 -0.0694213925521832 0.061926508647238102 -0.025114654217189499 0.057200174938987915 -0.028762187111775944 0.091700382421124355 -0.059154481555520534 -0.059694042128780593 -0.058565048532422996 0.092850418441393454 0.076270880600895263 0.00075864184388161737 -0.058759123377299688 0.054884968290088446 -0.029809463300293972 0.053313923477565854 0.047676029210206659 -0.078902811918382998 -0.048626602747355217 0.049222103813770492 0.0081157308298729705
leaf_weight=47.90420219860971 9065.3840275257826 4.1184936612844467 88.745178930461407 58.003153741359711 39.034861989319324 73.90866044908762 8.8308161348104459 58.912607133388519 33.641548492014408 24.931930869817734 33.691847525537014 109.52170760184526 96.127253636717796 86.529008075594902 46.882343456149101 12.53484497964382 12.946872130036352 43.484922677278519 14.022601589560507 76.70611660182476 40.590294972062111 86.482601922005415 80.85920924693346 47.762739792466164 29.63883713632822 251.73190750926733 14.912414848804472 33.915849596261978 25.432450249791145 38.801573865115643
leaf_count=1877 50230 17 428 271 205 431 38 287 224 120 213 572 450 416 210 99 76 220 64 336 200 652 458 223 141 1236 67 175 121 198
internal_value=-7.33487e-05 0.000161942 0.00798414 0.0114903 0.00788165 -0.00250101 -0.0465132 -0.0246001 0.00360523 0.00742873 -0.0011611 0.0109915 0.0153375 0.00534282 0.0167235 0.0598755 0.0057518 0.0260457 -0.021644 0.0566361 0.0466506 -0.0507644 0.0200162 0.0143796 -0.0143237 0.0240901 0.0319871 0.0373029 -0.00669562 -0.0350325
internal_weight=10686 10638.1 1539.01 1389.5 1260.16 679.103 82.7395 149.514 596.364 562.722 9099.08 537.791 498.756 402.628 293.107 59.4172 233.69 147.161 57.5075 89.653 129.335 90.6011 581.058 500.199 126.444 373.755 325.993 311.08 59.3483 96.8047
internal_count=60255 58378 7935 6979 6351 3461 469 956 2992 2768 50443 2648 2443 1993 1421 309 1112 696 284 412 628 669 2890 2432 610 1822 1599 1532 296 469
is_linear=0
shrinkage=0.05


Tree=61
num_leaves=31
num_cat=0
split_feature=9 2 2 41 29 28 12 11 48 57 23 40 23 18 29 57 12 48 54 18 23 48 53 56 12 12 19 6 23 58
split_gain=45.1326 65.2745 650.142 100.75 87.1086 111.646 110.79 101.487 155.354 96.6577 78.8611 74.3036 81.4079 101.018 77.785 72.9538 86.9886 70.5089 69.2026 68.1909 97.9718 67.5748 61.8887 60.2126 59.7314 59.176 77.8669 79.0066 103.613 71.1101
threshold=-1.0502500000000004e-06 1.0000000180025095e-35 -1.0000000180025095e-35 0.0010648798774509003 0.31257552222222224 1.0045180000000002 -1.2645149999999999e-05 -9.4147635952380927e-06 0.0094050850000000023 -0.0026431999999999493 4.8613684139259563e-05 0.78037075000000011 4.3910833371525053e-05 3.0715742666615624e-05 0.026988416666666654 -0.0026421149999999996 1.8672200000000004e-05 1.0873800000000002 0.26054000000000005 2.8091855627589589e-05 5.1863503043158542e-05 1.0000000180025095e-35 0.0011554694037614502 0.017174350000000001 2.6628700000000001e-05 4.0724700000000007e-05 5.2131605525714368e-05 -2.4658449999999994e-05 3.8814301182971132e-05 0.0010568330000000003
decision_type=10 10 10 10 8 10 10 10 8 10 10 10 10 8 10 10 10 8 10 8 10 8 10 10 8 10 8 10 10 10
left_child=24 2 11 4 6 7 -3 8 15 17 23 -2 13 -13 -14 16 18 -10 -6 -9 -21 -12 -18 -8 -1 26 27 28 -5 -27
right_child=1 3 -4 25 5 -7 10 19 9 -11 21 12 14 -15 -16 -17 22 -19 -20 20 -22 -23 -24 -25 -26 29 -28 -29 -30 -31
leaf_value=-0.0038214854224004613 0.0021577679395496548 0.040579271329277446 0.073809574590526075 0.039126404426784181 -0.063279768436367997 -0.052572945776991155 -0.064637605467611298 0.0017928498007397592 0.053892785043944062 -0.036633768487416063 -0.070836912460063892 -0.0052631253460032092 -0.034774627911868181 -0.067876868071617705 0.07093088594710055 0.075905671520051232 0.10462513844927797 -0.054231733841094698 0.085212973912002346 -0.050514662602896943 0.072919459797468889 0.058402961147965893 -0.024803387007926336 0.036441993040968707 -0.031894263849005726 0.067646469665129064 -0.033303971818191412 -0.0012783085189170961 -0.0033963420129562612 -0.066295753616430406
leaf_weight=1063.2069125194103 3751.8371374569833 40.737871535122395 323.40074766054749 303.16164650022984 37.140027619898319 118.18969728052616 234.87062981165946 199.69486659765244 67.967750363051891 145.47555337101221 15.449710190296171 132.63621686771512 30.847423747181892 125.24420791119337 39.933630213141441 109.36362714320421 30.836052820086479 19.376019731163979 9.9475552737712842 181.27232041582465 17.640095129609108 29.287097424268723 13.185547813773153 15.719393163919447 230.57702084630728 61.232394799590111 162.51706251129508 2867.2384734153748 271.59388073906302 11.82233767211437
leaf_count=7915 19425 212 1806 1506 183 617 1191 1026 295 785 97 704 152 707 193 487 129 383 44 1282 84 164 63 66 3338 308 1145 14387 1493 68
internal_value=-7.08928e-05 0.0011381 0.00556921 -0.00279325 -0.0148387 -0.00709971 -0.0367175 -0.000639229 0.0161111 -0.0116706 -0.04738 0.000160801 -0.0226356 -0.0356726 0.0248629 0.0483754 0.0153292 0.0299068 -0.0319097 -0.0188471 -0.0395682 0.0137704 0.0658581 -0.0582969 -0.00882459 0.00141939 0.000516442 0.00211331 0.0190328 0.0459708
internal_weight=10661.4 9367.62 4403.9 4963.72 1286.15 950.089 336.065 831.899 433.292 232.819 295.327 4080.5 328.661 257.88 70.7811 200.473 91.1092 87.3438 47.0876 398.607 198.912 44.7368 44.0216 250.59 1293.78 3677.57 3604.51 3441.99 574.756 73.0547
internal_count=60255 49002 22987 26015 7108 5378 1730 4761 2369 1463 1518 21181 1756 1411 345 906 419 678 227 2392 1366 261 192 1257 11253 18907 18531 17386 2999 376
is_linear=0
shrinkage=0.05


Tree=62
num_leaves=31
num_cat=0
split_feature=27 53 17 13 41 29 41 53 4 59 56 59 41 6 56 48 23 0 58 23 53 5 14 29 40 8 50 54 8 40
split_gain=48.6059 40.1562 64.375 63.4184 59.3479 58.5555 71.7031 62.0467 54.1583 57.29 49.1407 48.9923 54.1472 57.1579 70.7528 53.272 50.4391 46.8831 61.1032 46.7817 73.49 50.8985 50.3099 80.9198 55.7048 67.558 89.9893 77.9261 45.7891 45.2088
threshold=inf 0.59874529874213855 -2.5861679166666661e-05 -1.7683349999999997e-05 0.2739118166666667 0.52823783333333341 0.29114261874999997 1.0976825000000001 3.2321705000000006e-05 0.6648356333333334 0.79995500000000008 0.10223163091666661 0.0025708724999999504 -2.2169599999999995e-05 0.030388550000000004 0.71683750000000013 3.7472170401370968e-05 -7.1656049999999991e-06 1.0000000180025095e-35 1.7116492139529846e-05 0.9499920138888891 -1.2632254533333333e-05 1.7265700000000003e-05 0.9558694642857144 1.0000000180025095e-35 8.6237500000000019e-06 1.0220250000000002 0.01453195 1.0714400000000002e-05 0.015425624999999952
decision_type=8 10 10 10 10 8 10 10 10 10 10 10 10 10 10 10 10 10 8 10 10 10 8 10 8 10 10 8 10 10
left_child=-1 10 4 28 -3 11 8 -8 9 19 -2 12 15 17 16 -5 -15 -14 -19 -7 21 29 24 -24 -23 27 -27 -26 -4 -21
right_child=1 2 3 5 -6 6 7 -9 -10 -11 -12 -13 13 14 -16 -17 -18 18 -20 20 -22 22 23 -25 25 26 -28 -29 -30 -31
leaf_value=-0.052227546631032663 -0.0013286475416821445 -0.05001401110719135 0.064908248386218795 -0.043739152043247798 0.014979074890302251 -0.040763719198979628 -0.060447890924333947 0.080150271869560183 -0.059407824096018892 -0.067873767940765814 0.06065519777005738 0.057247215641539007 -0.081506301933267938 0.0553267606072868 -0.076575024890074436 0.022893301439367974 0.014619244006114702 -0.074453511117774804 0.082109289028549512 0.0075386314675617364 0.054374822005820944 -0.025675517028385577 0.08649792754452594 -0.058629672250515796 -0.061396765286110891 -0.05473447190704487 0.086500053182728853 0.07225720175168196 0.00066727412402112218 -0.056847184921059696
leaf_weight=44.478417128324509 9030.6467548161745 87.315419819205999 87.494429424405098 69.717250362038612 58.763510651886463 40.687431715428829 74.772001139819622 8.7669718116521818 32.07623503357172 24.193608492612839 32.089635670185089 74.547833554446697 21.912336364388466 160.98120848089457 14.602929666638373 52.64863707870245 144.3103404790163 10.555887177586557 15.214123599231241 56.531079195439816 95.687472090125084 86.980878934264183 47.85230915248394 12.017008185386656 12.776380039751528 42.277494691312313 15.381899639964102 74.490228660404682 40.613972917199135 52.660275295376778
leaf_count=1877 50230 669 428 337 287 215 446 38 224 120 213 438 103 775 67 263 746 49 72 289 450 424 214 99 78 217 72 329 200 286
internal_value=-6.86024e-05 0.000150704 0.00768317 0.0110481 -0.0238691 0.00759232 -0.0023215 -0.0456929 0.00378214 0.0073917 -0.00110917 0.0194847 0.0137389 0.0233294 0.0309416 -0.0150702 0.0360844 -0.0277397 0.0179782 0.0107805 0.0150031 0.00560743 0.0165052 0.0573678 0.00595604 0.0249405 -0.0170571 0.0526894 0.044542 -0.023513
internal_weight=10623 10578.6 1515.83 1369.75 146.079 1241.64 677.151 83.539 593.612 561.536 9062.74 564.491 489.943 367.577 319.894 122.366 305.292 47.6823 25.77 537.342 496.655 400.968 291.776 59.8693 231.907 144.926 57.6594 87.2666 128.108 109.191
internal_count=60255 58378 7935 6979 956 6351 3501 484 3017 2793 50443 2850 2412 1812 1588 600 1521 224 121 2673 2458 2008 1433 313 1120 696 289 407 628 575
is_linear=0
shrinkage=0.05


Tree=63
num_leaves=31
num_cat=0
split_feature=9 2 2 41 29 13 17 29 13 6 18 23 57 40 23 18 17 29 11 53 59 53 17 2 17 56 13 29 16 48
split_gain=40.4062 59.2717 604.585 91.2076 79.9153 99.9356 91.87 90.2949 93.1659 101.093 116.033 72.0755 70.4979 67.6766 74.2539 93.9919 83.6016 71.3155 63.9532 64.5615 76.5211 63.4709 61.6513 64.8642 61.0081 100.916 78.0044 151.795 81.2949 67.1962
threshold=-1.0502500000000004e-06 1.0000000180025095e-35 -1.0000000180025095e-35 0.0010648798774509003 0.31257552222222224 -1.2627249999999998e-05 -2.3171236075268813e-05 1.0851626488095241 -1.8435399999999996e-05 -7.7795149999999983e-06 2.3981289135742058e-05 4.8613684139259563e-05 -0.0081999999999999972 0.78037075000000011 4.3910833371525053e-05 3.0715742666615624e-05 -1.8326560666666662e-05 0.026988416666666654 -2.0352813791666664e-05 0.57348207848837218 1.0000000180025095e-35 0.19932228666666668 2.8030981666666667e-05 3.4697800000000005e-05 3.4609787837837842e-05 0.0066052450000000018 3.1146050000000006e-05 0.079706026166666652 3.0013265e-05 0.049732400000000003
decision_type=10 10 10 10 8 10 10 10 10 10 10 10 10 10 10 8 10 10 10 8 8 8 10 10 10 10 8 10 10 10
left_child=-1 2 13 4 5 -3 -6 8 12 18 -11 -7 -8 -2 15 16 -15 -16 -10 20 -20 -13 -22 -24 26 29 -5 28 -28 -26
right_child=1 3 -4 24 6 11 7 -9 9 10 -12 21 -14 14 17 -17 -18 -19 19 -21 22 -23 23 -25 25 -27 27 -29 -30 -31
leaf_value=-0.0083813393875168726 0.0020613434318399052 0.037530137646673012 0.072330154348792267 0.0016555291183986487 -0.06241081852686995 -0.056304348537882513 -0.055808514788869883 -0.072393509923727853 -0.0099623657120769538 0.011234751177554781 -0.042688446171043462 -0.053972353775788545 0.076353487922870361 0.084554323494347022 -0.033453244223876154 -0.06607260667078077 -0.02277698350814444 0.068284268783760663 -0.0086880789975436589 -0.023194402426556775 0.089804139224547247 0.06750398887695834 -0.06595896986633859 0.083922047580349726 -0.0036957186088541838 -0.062175790127976575 -0.057228665296001957 -0.059335254243968141 0.092591818142926344 0.072633351859723361
leaf_weight=1283.9778281524777 3744.2530193571001 41.115805745124817 312.52254341170192 3334.3548438698053 68.784132055938244 245.37352016381919 12.051796864718197 43.726833425462246 137.0036642998457 169.22667827084661 243.04027335345745 19.360664188861847 61.995811834931374 21.702239975333214 30.594288669526577 121.56863464415073 110.61471182480454 39.418271109461784 43.037584766745567 39.171338338404894 89.037082433700562 24.186266407370567 15.080438807606699 13.846528232097624 42.016322650015354 24.243721924722195 12.845638319849966 131.65646171197295 30.678832583129406 91.903211571276188
leaf_count=11253 19425 216 1806 16869 489 1253 81 218 810 860 1591 119 280 100 152 707 604 193 193 329 382 142 85 60 220 138 157 912 165 446
internal_value=-6.61317e-05 0.00108011 0.00531296 -0.00267825 -0.0142493 -0.0354046 -0.00678985 -0.00237823 0.00133954 -0.0039468 -0.0205541 -0.0457838 0.0548431 0.000164584 -0.0217619 -0.0343336 -0.00517282 0.0238267 0.016359 0.0343741 0.0483804 0.0134964 0.0692011 0.00578487 0.0013159 0.0316925 -5.30777e-05 -0.0325743 0.0483744 0.0486856
internal_weight=10598.4 9314.41 4380.67 4933.74 1266.04 330.036 936.002 867.218 823.491 749.444 412.267 288.92 74.0476 4068.15 323.898 253.886 132.317 70.0126 337.177 200.173 161.002 43.5469 117.964 28.927 3667.7 158.163 3509.54 175.181 43.5245 133.92
internal_count=60255 49002 22987 26015 7108 1730 5378 4889 4671 4310 2451 1514 361 21181 1756 1411 704 345 1859 1049 720 261 527 145 18907 804 18103 1234 322 666
is_linear=0
shrinkage=0.05


Tree=64
num_leaves=31
num_cat=0
split_feature=27 3 17 59 6 12 29 41 0 29 5 41 18 19 17 40 29 22 2 2 40 41 17 12 5 50 17 12 53 6
split_gain=45.8248 37.3597 58.2356 55.503 61.7619 49.1256 129.147 100.638 96.5607 100.851 99.3362 79.466 72.766 70.5889 65.3209 59.3593 101.373 83.6305 69.1217 388.819 78.3201 95.3525 90.4768 118.922 111.723 93.9746 76.8418 76.4805 98.7478 85.3037
threshold=inf 6.7755000000000178e-07 1.6691314552845532e-05 0.046573241666666605 4.0648800000000003e-05 2.8459750000000001e-05 0.22841659583333332 0.086495290000000016 -2.9004449999999996e-06 1.0226083750000001 -3.503302878787878e-05 0.0098552795833333016 3.6868567961780708e-05 6.5380227755104695e-06 3.510785460144928e-05 0.64743950000000006 0.16544332916666668 2.9251832253348199e-05 1.0000000180025095e-35 -1.0000000180025095e-35 0.23764182222222222 0.037072583333333305 1.7272415000000002e-05 4.8370850000000013e-06 -9.2941344250000003e-06 0.74206800000000006 2.8695918333333337e-05 8.0164250000000001e-06 0.59289126416666671 -2.6796949999999997e-07
decision_type=8 8 8 8 8 8 8 8 10 10 10 10 10 10 10 10 8 10 8 10 10 8 10 10 10 10 10 8 8 10
left_child=-1 5 -3 -4 -5 13 12 8 9 10 -8 -11 14 -2 -7 18 17 -17 19 20 21 27 23 24 -22 -26 -24 -15 29 -29
right_child=1 2 3 4 -6 6 7 -9 -10 11 -12 -13 -14 15 -16 16 -18 -19 -20 -21 22 -23 26 -25 25 -27 -28 28 -30 -31
leaf_value=-0.052138947772860801 0.054041619393606515 -0.010118954408589911 -0.011900990657760936 0.022900399941853587 -0.05179551224227439 -0.04600839705585523 0.064959735608900823 -0.047294555907311728 0.027661129481176834 0.14050944657599296 -0.061061967066399728 -0.055333130751496332 0.024186506891410123 -0.00098092940519825859 0.076975790162298816 0.034158114401206141 -0.025711725874275879 -0.012119814761964224 -0.00039430692103721213 0.07161886782218238 -0.0065102259681293394 -0.012840577062781553 0.087209796862876762 -0.042283387488999027 0.060578697913101644 -0.02866415113719864 -0.035006790987880891 -0.01988521655831374 0.067302822595022904 0.031538988275341601
leaf_weight=42.077468210831285 67.623406395316124 1750.0933108255267 245.66410160064697 406.41758397966623 29.695738133043051 73.115116879343987 17.867630302906036 258.26177879050374 130.09585149586201 14.168111681938173 125.26236466690898 8.1646461933851224 309.96552851051092 712.86849025636911 12.66732446849346 178.94795424863696 456.51604514196515 214.81565832719207 3399.1473295688629 236.06610685586929 174.52012034133077 846.23646585643291 75.879291117191315 82.862290967255831 190.64585001766682 34.898637905716896 15.485814198851584 128.88440292328596 106.90086879953742 215.45804159343243
leaf_count=1877 481 11506 1359 2594 456 497 96 1965 711 62 824 45 1753 3372 60 848 2466 1092 17457 1339 891 4375 399 478 868 190 78 615 534 967
internal_value=-6.40362e-05 0.000144267 -0.00528965 0.00710697 0.0178142 0.00177825 -0.00890588 -0.0244933 -0.00456936 -0.0299107 -0.0453301 0.0689112 0.0129076 0.00319961 -0.0278476 0.00271333 -0.00967778 0.00891143 0.00440724 0.0101934 0.00458319 -6.87809e-05 0.0208678 0.0122355 0.0235276 0.0467701 0.0664948 0.00921552 0.0253237 0.0122914
internal_weight=10561.3 10519.2 2431.87 681.777 436.113 8087.33 949.568 553.82 295.559 165.463 143.13 22.3328 395.748 7137.76 85.7824 7070.13 850.28 393.764 6219.85 2820.71 2584.64 2010.35 574.292 482.927 400.065 225.544 91.3651 1164.11 451.243 344.342
internal_count=60255 58378 15915 4409 3050 42463 6013 3703 1738 1027 920 107 2310 36450 557 35969 4406 1940 31563 14106 12767 9863 2904 2427 1949 1058 477 5488 2116 1582
is_linear=0
shrinkage=0.05


Tree=65
num_leaves=31
num_cat=0
split_feature=27 53 8 5 41 28 41 5 52 5 54 48 11 20 5 10 54 11 59 41 54 5 48 16 53 18 0 5 11 5
split_gain=43.5122 35.4605 52.7557 82.0042 54.4865 51.3214 88.9642 65.5202 79.9921 66.8412 91.444 61.328 50.3528 51.4462 59.4182 46.8055 45.4079 46.8117 83.3936 91.6492 151.601 52.8046 60.6157 133.485 72.6308 76.2843 69.4308 61.7807 56.7189 49.6215
threshold=inf 0.59874529874213855 -1.5442399999999996e-05 -1.1097330633333331e-05 0.93141216666666682 0.88504820000000006 1.0000000180025095e-35 -5.8432648791666662e-06 1.0705035000000003 2.3973346666666665e-05 0.0092474050000000019 0.9967855000000001 1.9312084583333336e-05 2.6438581221712151e-05 -2.6888450249999993e-06 3.3617450000000011e-05 0.79995500000000008 2.2574895961538465e-05 1.0000000180025095e-35 0.13389276249999993 0.011889650000000002 -4.0317808333333327e-05 0.19881150000000003 -1.3881899999999998e-05 0.077443298333333313 2.0082739419463695e-05 -1.0000000180025095e-35 7.6095803325000012e-06 3.7786355833333339e-05 3.1065603416666672e-05
decision_type=8 10 10 8 10 8 8 10 10 10 10 10 10 8 10 10 10 10 10 10 10 8 8 10 10 10 10 8 10 8
left_child=-1 16 3 -3 -5 7 11 8 -4 -9 15 -7 13 14 -8 -11 17 29 21 -20 -21 -19 24 -24 27 -26 -25 28 -23 -2
right_child=1 2 5 4 -6 6 12 9 -10 10 -12 -13 -14 -15 -16 -17 -18 18 19 20 -22 22 23 26 25 -27 -28 -29 -30 -31
leaf_value=-0.052054585609799822 -0.0012468378959346251 -0.0074997731816534106 0.03889568760749796 0.038811510376011153 -0.093989677728315554 0.08797254869911543 -0.063494673048510988 -0.012635945950990993 -0.044581972665619092 0.086116036648835048 -0.055183756511968773 -0.063963991137445622 0.011550496701865632 -0.062035855343105586 0.020376047782229737 -0.066055397732612278 0.059824861321676651 -0.072259746776421913 -0.0478514810252611 -0.05403454489017602 0.065103877444511127 0.043761239090226112 0.077746221518105244 -0.037529351312230841 -0.079037457428077551 0.089896165713383089 0.031961631142187537 -0.025617984726174648 -0.074603094845324722 -0.015936074843286848
leaf_weight=40.088559756055474 7572.9706671051681 168.79890998452902 224.22115870565176 313.48617113381624 7.9187987297773352 30.102051272988319 33.811358749866486 359.02438250929117 32.909731708467007 50.985324427485466 19.224663868546486 8.5218650475144369 64.780553199350834 110.39025131613016 56.247333765029907 5.6091799587011328 30.534024216234684 14.80736570060253 109.80053110048175 45.019910916686058 65.62372113764286 166.73619917780161 47.283776603639126 121.99480586871505 7.2832677587866774 81.022481046617031 50.959505073726177 51.517470076680183 10.775125212967394 622.15857090801001
leaf_count=1877 40207 933 1176 1607 32 128 188 1802 174 243 111 61 366 792 291 31 213 71 600 255 289 775 255 864 35 368 275 259 54 5923
internal_value=-6.25537e-05 0.000136243 0.00729173 0.0207192 0.0355395 0.000681949 -0.0164474 0.00820361 0.0282115 -0.00362743 0.0390303 0.0544497 -0.0267717 -0.0391566 -0.0111121 0.0710341 -0.00104543 -0.00125268 0.0105109 -0.0154887 0.0166275 0.0208868 0.0234525 0.00329869 0.0374397 0.0759629 -0.0170544 0.0225865 0.0365764 -0.00236202
internal_weight=10524.6 10484.5 1486.03 490.204 321.405 995.828 303.853 691.974 257.131 434.844 75.8192 38.6239 265.229 200.449 90.0587 56.5945 8998.49 8967.95 772.824 220.444 110.644 552.38 537.573 220.238 317.335 88.3057 172.954 229.029 177.511 8195.13
internal_count=60255 58378 7935 2572 1639 5363 1826 3537 1350 2187 385 189 1637 1271 479 274 50443 50230 4100 1144 544 2956 2885 1394 1491 403 1139 1088 829 46130
is_linear=0
shrinkage=0.05


Tree=66
num_leaves=31
num_cat=0
split_feature=3 15 19 3 41 59 23 13 3 17 6 55 41 13 57 53 29 6 5 49 17 49 41 29 13 41 13 11 53 29
split_gain=40.7937 49.89 64.8319 42.1048 58.2948 68.4389 45.3946 39.2231 36.0488 36.469 69.5648 49.8431 36.9553 43.1529 41.5607 42.4066 55.4921 35.407 32.6978 56.4454 32.6673 32.4403 43.3904 44.0661 48.3911 40.6461 34.8374 31.74 75.768 41.1674
threshold=8.0775000000000012e-07 inf 6.5380227755104695e-06 -8.3714999999999915e-07 0.095511439583333316 0.11210210333333326 4.8613684139259563e-05 3.1591300000000004e-05 6.9900850000000009e-06 1.623663791666667e-05 inf 0.43500100000000003 0.67176703333333343 3.8337200000000008e-06 0.0026488499999999505 0.14493048841666664 0.34139225000000001 -2.1934299999999996e-06 -1.4801451758333332e-05 0.32690350000000007 -2.3526359999999999e-05 0.0094050850000000023 0.0025708724999999504 0.048756420833333307 3.6597100000000009e-05 0.031320295416666609 2.2531250000000002e-05 2.3520518000000006e-05 0.15518241782051281 0.27220045833333334
decision_type=8 8 10 10 8 10 10 10 10 8 8 8 10 10 10 8 8 10 10 10 10 10 8 8 10 8 10 10 8 8
left_child=1 2 -1 4 5 7 -7 -4 9 12 11 21 14 20 -2 16 -16 -17 19 -13 -14 -11 -23 26 25 -25 -24 -6 29 -29
right_child=8 -3 3 -5 27 6 -8 -9 -10 10 -12 18 13 -15 15 17 -18 -19 -20 -21 -22 22 23 24 -26 -27 -28 28 -30 -31
leaf_value=0.049093838171421544 -0.016477354290475348 -0.054963239982153446 0.0022653018100919895 0.0029069227388640569 -0.020065154763959561 0.058336291236952192 -0.062718787311485211 -0.043229871647456619 0.053529492603663964 -0.029154335645661774 -0.052325967809944474 0.047051297261004196 -0.045212713072997096 -0.038405177119600807 0.082868579267940889 0.069705560690310156 -0.036923883025760953 -0.03135645412435447 8.8454553699504382e-05 -0.033168896398219391 0.052023977676125127 -0.038529348829191699 0.058219459120675603 -0.032238160647891839 0.10710876161139954 0.04143242370030048 -0.067166573891478717 -0.050238970382242704 -0.037678611761786995 0.075560508913144891
leaf_weight=71.644665598869324 1199.8303978424519 38.980415230616927 502.69918529689312 6964.7623972296715 649.49320012703538 76.614955253899097 8.6150273978710157 52.304481733590364 24.792334116995335 102.45231506973505 51.917063985019922 155.43055877275765 10.063924163579939 24.768232341855764 12.064807057380674 41.075213048607111 48.651994928717613 10.984344612807034 99.826427223160863 25.529858835041523 60.945586241781712 41.617186263203621 7.4586394280195263 26.901246145367622 18.933089137077332 61.584430642426014 21.532154381275177 7.779030352830886 41.329038821160793 39.656421855092049
leaf_count=527 8772 675 2498 35637 4142 353 56 320 188 582 1972 1025 53 145 57 202 250 76 797 208 283 239 35 142 83 327 117 45 260 189
internal_value=-6.13411e-05 0.00147197 0.00173339 0.0013267 -0.00665727 0.00438396 0.0461001 -0.00202224 -0.00639572 -0.00713064 0.00304715 0.00816916 -0.0115619 0.0184217 -0.0137497 0.0152702 -0.0131204 0.0483819 0.0230611 0.0357338 0.038243 -0.00673908 0.00616064 0.0197951 0.0345586 0.0190352 -0.0349077 -0.0162325 0.0118113 0.0549304
internal_weight=10500.2 8453.88 8414.9 8343.25 1378.49 640.234 85.23 555.004 2046.36 2021.57 613.183 561.266 1408.38 95.7777 1312.61 112.776 60.7168 52.0596 280.787 180.96 71.0095 280.479 178.027 136.41 107.419 88.4857 28.9908 738.258 88.7645 47.4355
internal_count=60255 44702 44027 43500 7863 3227 409 2818 15553 15365 5527 3555 9838 481 9357 585 307 278 2030 1233 336 1525 943 704 552 469 152 4636 494 234
is_linear=0
shrinkage=0.05


Tree=67
num_leaves=31
num_cat=0
split_feature=27 17 8 29 17 29 14 29 6 7 23 29 10 54 23 55 54 59 6 41 23 48 14 12 28 17 28 41 29 6
split_gain=39.775 36.1721 43.5162 53.7391 38.0898 122.897 103.801 102.415 148.153 124.853 122.619 115.721 85.8226 71.6347 67.3969 99.6525 88.4656 110.677 106.371 154.78 131.659 121.56 106.725 92.9456 88.9261 86.6399 143.243 77.9418 91.9732 75.67
threshold=inf -3.5105313333333323e-05 8.8649500000000023e-06 0.075296756547619012 -1.5201908499999999e-05 0.99620879166666676 -9.1995799999999994e-06 0.81969629166666669 1.8648200000000002e-05 2.3853250000000004e-05 4.3112187648901134e-05 1.0494718750000003 2.9565585000000003e-05 0.017174350000000001 4.3778570945301447e-05 0.5739430000000002 0.0092474050000000019 0.058718105083333305 4.5260300000000008e-06 0.38275592857142859 3.3061991682869321e-05 0.66795750000000009 -1.8732349999999997e-05 -2.0893849999999996e-05 0.20906732999999997 -1.8082854166666662e-05 0.90482865000000012 0.018524703214285704 0.34545647500000004 1.8910200000000004e-05
decision_type=8 8 10 10 8 8 8 10 8 8 10 10 8 10 10 10 8 8 10 10 10 10 8 10 10 10 10 10 10 10
left_child=-1 2 3 -2 5 14 7 9 11 -6 -11 -9 -7 -13 15 16 25 -18 20 21 22 -20 -19 27 -21 26 29 -22 -29 -3
right_child=1 4 -4 -5 6 12 -8 8 -10 10 -12 13 -14 -15 -16 -17 17 18 19 24 23 -23 -24 -25 -26 -27 -28 28 -30 -31
leaf_value=-0.051964476778888657 0.0018680428721774502 0.035548301612706633 -0.057752218183292285 0.076076809204209492 0.034510243267972272 -0.039518504760840692 -0.00080892183964246178 -0.042676363832847015 0.09332961349003227 -0.046885738333701174 0.080562145347575831 0.061376162797939227 0.021637737036998228 -0.064059659662832114 -0.022964950224839211 0.08076707985342485 -0.05289836993203078 0.06781351573725368 -0.066541673416663047 -0.073377435112923883 0.052273003501964503 0.087268992245617447 -0.0035082179175208506 -0.064465970035685993 0.097131331816638952 -0.011367062580277615 -0.065365786351334595 0.026018070560938408 -0.06605680647449659 0.10555777432417278
leaf_weight=36.780735984444618 47.513295151293278 213.49828018993139 12.896277684718369 50.141669012606144 635.02298532426357 366.08358554542065 7358.1028234101832 184.84104750677943 31.136166281998158 94.602450545877218 23.575869355350733 52.31239602714777 68.026821672916412 14.547212198376654 258.70436311513186 42.021528527140617 115.36658289283514 139.25004898384213 143.88407992571592 10.104785978794096 60.056990310549736 14.104951992630957 84.149304490536451 63.351999878883362 31.434895411133766 143.34026677906513 31.074395574629307 55.826616130769253 52.747987002134323 47.1141007989645
leaf_count=1877 326 980 124 228 3110 2431 41502 951 142 692 116 255 755 85 1483 187 658 769 678 56 294 62 436 290 139 686 191 276 278 198
internal_value=-6.03768e-05 0.0001224 0.0285712 0.0399711 -0.000181932 -0.00649594 0.00127743 0.016095 -0.00955877 0.0257283 -0.0214606 -0.0222864 -0.0299351 0.034084 0.000260338 0.00507743 0.0024386 -0.00774129 0.000213399 -0.0302288 0.0135518 -0.0528098 0.0409483 -0.0128309 0.055654 0.0204636 0.0361057 0.00656755 -0.018714 0.0482048
internal_weight=10481.6 10444.8 110.551 97.655 10334.3 1940.14 8394.14 1036.04 282.837 753.201 118.178 251.701 434.11 66.8596 1506.03 1247.33 1205.31 770.278 654.912 199.529 455.383 157.989 223.399 231.984 41.5397 435.027 291.687 168.632 108.575 260.612
internal_count=60255 58378 678 554 57700 10847 46853 5351 1433 3918 808 1291 3186 340 7661 6178 5991 3936 3278 935 2343 740 1205 1138 195 2055 1369 848 554 1178
is_linear=0
shrinkage=0.05


Tree=68
num_leaves=31
num_cat=0
split_feature=27 3 17 5 59 59 3 17 41 3 18 2 17 56 55 0 5 9 4 5 17 22 28 53 28 41 52 53 55 51
split_gain=37.7726 33.8471 33.9036 42.259 91.9699 59.6592 36.2834 59.6478 85.2501 85.2365 71.8143 90.4241 53.4162 48.6562 55.8221 46.4028 51.6787 43.3287 58.1656 46.5383 69.1864 87.9378 72.6992 65.5956 102.804 75.4825 74.4729 74.2234 69.132 61.2009
threshold=inf -7.5277099999999998e-06 -3.5105313333333323e-05 1.540325151666667e-05 0.40650306666666675 0.027305063125000004 -8.3714999999999915e-07 -1.5201908499999999e-05 0.41727647500000004 1.4159999999999965e-07 3.5458244990872836e-05 1.1775250000000002e-05 4.3005532891849541e-06 0.58657950000000014 0.28248100000000004 3.0359750000000004e-05 -5.0755526916666664e-06 -2.0831725e-06 2.6889090000000002e-05 -3.2666883809523798e-05 2.4080793333333342e-05 5.3046870902360367e-05 0.030191350000000002 0.00044785516666665009 1.1560875000000002 0.012066664642857102 0.35259455000000001 0.48832489622153213 0.022459550000000005 0.021667499999999902
decision_type=8 8 8 8 10 10 8 8 10 10 10 10 8 10 10 10 8 10 8 10 8 8 8 10 8 10 10 10 8 10
left_child=-1 -2 3 4 -3 -5 12 8 9 13 -10 -12 -4 14 15 16 -8 18 -9 20 21 23 -22 25 26 -19 -25 -28 -29 -24
right_child=1 2 6 5 -6 -7 7 17 10 -11 11 -13 -14 -15 -16 -17 -18 19 -20 -21 22 -23 29 24 -26 -27 27 28 -30 -31
leaf_value=-0.051886939424058892 0.061099655706031208 0.083108512737234408 0.0010852098755912028 -0.057088358570930801 -0.062550127292741717 0.063357079384258677 -0.018932687236980664 0.002344979358016426 0.032320246047385301 -0.029525274115348124 -0.042201225211129414 0.03355680762891064 -0.0188835576624799 0.048878413588526723 -0.063302970023211405 -0.05298365285838507 0.01151879574918694 -0.024382821030014153 -0.047439331192983547 0.0023600259068792774 -0.0631564325177464 -0.060905947760383966 0.055956829870219375 -0.049278610561242747 0.0991215333153493 0.094333873401736101 0.17751886255397054 -0.064221116139621809 0.039164064691962541 -0.045476397264313677
leaf_weight=35.037885161116719 22.702376272529364 52.254556961357594 740.4270310997963 26.658651325851679 13.672685690224169 16.734931588172913 215.14065652340651 143.62293102219701 211.91239261254668 520.72648838534951 98.015864856541157 65.850826561450958 611.46114365383983 42.437999896705151 40.40854512527585 42.943828571587801 395.37436178326607 19.279491722583771 99.190640581771731 6550.4571834802628 15.958046048879622 46.427857082337141 183.640326410532 79.942677840590477 22.421015277504921 43.826876297593117 6.7652914971113196 24.383381344377995 48.002105180174112 16.181220069527626
leaf_count=1877 141 251 3982 257 92 77 1137 1039 1066 3063 527 319 3880 227 199 265 2492 113 2291 34245 101 310 1068 383 96 200 35 146 243 133
internal_value=-5.9409e-05 0.000114917 -1.82828e-05 0.0276795 0.0529003 -0.010638 -0.000312693 0.000842621 -0.00779645 -0.014043 0.0130992 -0.0117574 -0.0079467 -0.00309376 -0.00627246 -0.00274581 0.000787934 0.00277492 -0.0179922 0.00348943 0.0180864 0.00217996 0.0395413 0.0141534 -0.0011132 0.058065 -0.0152393 0.0191406 0.00433829 0.0477429
internal_weight=10451.9 10416.8 10394.1 109.321 65.9272 43.3936 10284.8 8932.91 1632.81 1257.03 375.779 163.867 1351.89 736.305 693.867 653.459 610.515 7300.1 242.814 7057.29 506.828 291.049 215.78 244.621 181.514 63.1064 159.093 79.1508 72.3855 199.822
internal_count=60255 58378 58237 677 343 334 57560 49698 9295 7383 1912 846 7862 4320 4093 3894 3629 40403 3330 37073 2828 1526 1302 1216 903 313 807 424 389 1201
is_linear=0
shrinkage=0.05


Tree=69
num_leaves=31
num_cat=0
split_feature=27 3 17 5 54 59 59 59 41 29 50 17 17 48 48 41 50 6 58 41 29 5 17 40 16 29 17 41 11 59
split_gain=35.8723 30.6697 31.3058 38.5845 84.107 55.8111 32.9143 66.2481 143.962 80.7622 97.0509 73.8076 133.163 78.924 84.5104 66.9526 66.3802 65.9282 86.0329 75.4612 91.8304 71.8025 66.8848 58.5915 58.2357 60.5373 57.6078 57.232 89.2065 152.63
threshold=inf -7.5277099999999998e-06 -3.5105313333333323e-05 1.540325151666667e-05 0.2769835000000001 0.027305063125000004 0.058718105083333305 0.0052842260833333007 0.44358149641666667 1.1983662500000001 0.26230600000000009 -2.9302940566037732e-05 -1.5201908499999999e-05 0.057805500000000003 1.0931950000000004 0.0048160647619047009 0.99185550000000011 -3.0552149999999992e-05 0.037790755000000009 0.070501905416666663 0.099744370833333304 -1.9229530714285712e-05 6.3515618388888892e-06 1.0252407500000003 3.554873000000001e-05 1.0807729166666669 3.7159259166666671e-05 0.98080891666666681 -7.6175418298387095e-06 0.28564329166666663
decision_type=8 8 8 8 10 10 8 10 8 8 8 10 10 10 10 10 10 10 10 10 10 10 10 10 10 10 10 8 8 10
left_child=-1 -2 3 4 -3 -5 7 9 11 16 -11 -9 -13 17 15 -15 23 -14 19 20 -19 -22 -23 -4 25 -17 -10 -8 29 -29
right_child=1 2 6 5 -6 -7 27 8 26 10 -12 12 13 14 -16 24 -18 18 -20 -21 21 22 -24 -25 -26 -27 -28 28 -30 -31
leaf_value=-0.051812116492774868 0.058267604321780832 0.079770633029634941 -0.0011074249141592436 -0.056700027662895093 -0.061813963914706872 0.061588197012168437 0.0038156431771187551 0.087611568064087458 -0.049261121526448022 0.053923759977709096 -0.012536224769375551 -0.05138842829774759 -0.046844866155658603 -0.05316089960301762 0.080394813258758635 -0.02074793134424812 -0.043451499850662524 -0.064727376431777214 0.063026857466319461 -0.026637960362522084 -0.063787263300928029 0.016176058402327338 0.073080113611665207 0.086087192435241142 0.12439480207485042 0.057252828667403444 0.10444606715214939 -0.021864013485571546 -0.022446305459163509 0.067132969777648738
leaf_weight=33.37598713953048 22.617666359990835 51.732126072049141 2547.2505791708827 25.527768775820732 13.156811147928236 16.364248633384705 5359.8750566244125 21.250805929303169 262.10628703609109 144.88480341434479 88.475638400763273 142.382827706635 40.751371115446091 116.14235627651215 21.412364274263382 212.91588399559259 92.987674824893475 26.409361600875854 90.8839256092906 106.88654160499573 17.39337620139122 113.9810124784708 94.413679853081703 19.412995144724846 8.1333830356597883 28.165745548903942 6.2409839481115332 109.42247430421412 506.29100686497986 86.07032024115324
leaf_count=1877 141 251 13505 257 92 77 27384 93 1697 681 506 933 241 648 97 1193 528 151 423 597 104 515 442 90 34 157 26 1032 6074 409
internal_value=-5.90459e-05 0.000107145 -1.96958e-05 0.0269135 0.0510631 -0.0104932 -0.00029989 -0.0037004 -0.0130315 0.00052314 0.0287263 -0.00461474 -0.00653644 0.000741324 -0.0161492 -0.0218074 -0.00195143 0.0140539 0.0195692 0.00857015 0.0234921 0.0338107 0.0419566 -0.000447927 -0.00719557 -0.011635 -0.0456863 0.00205765 -0.0113691 0.017319
internal_weight=10426.9 10393.5 10370.9 106.781 64.8889 41.892 10264.1 4202.48 1309.47 2893.01 233.36 1041.12 1019.87 877.489 386.77 365.357 2659.65 490.719 449.968 359.084 252.197 225.788 208.395 2566.66 249.215 241.082 268.347 6061.66 701.784 195.493
internal_count=60255 58378 58237 677 343 334 57560 22661 7351 15310 1187 5628 5535 4602 2129 2032 14123 2473 2232 1809 1212 1061 957 13595 1384 1350 1723 34899 7515 1441
is_linear=0
shrinkage=0.05


Tree=70
num_leaves=31
num_cat=0
split_feature=53 17 14 28 4 6 5 40 23 59 16 41 2 11 4 40 56 14 41 5 23 29 11 56 11 59 40 57 41 5
split_gain=34.8732 56.244 57.6688 54.5011 57.0956 56.018 106.031 60.4573 59.8026 72.8331 58.8268 55.6488 128.384 87.3795 55.1274 58.6605 53.3675 52.3829 52.0005 51.9026 51.8327 49.4306 52.8027 43.0718 43.5186 73.3985 103.07 92.1637 85.2705 53.8332
threshold=0.59874529874213855 -2.5861679166666661e-05 -1.7797799999999998e-05 0.027445999999999953 3.2321705000000006e-05 -1.3903899999999999e-05 -7.774946872499999e-06 1.0000000180025095e-35 4.437724193974743e-05 0.28564329166666663 -1.3578204999999997e-05 0.018524703214285704 1.0000000180025095e-35 1.9312084583333336e-05 8.500490000000002e-06 0.08495462500000002 0.10720950000000001 -6.3917349999999992e-06 0.2739118166666667 1.6304708616666669e-05 2.4215296449150832e-05 0.50575785517241389 2.3520518000000006e-05 0.79995500000000008 2.2574895961538465e-05 1.0000000180025095e-35 0.21770775000000003 0.0026453999999999501 0.41300242083333333 3.1065603416666672e-05
decision_type=10 10 10 8 10 10 8 8 10 8 10 8 10 10 10 10 8 10 10 10 10 10 10 10 10 10 10 8 10 8
left_child=23 18 -3 16 5 6 8 19 20 -10 -9 12 -7 -14 15 17 -4 -13 -2 -8 -5 22 -17 24 29 -26 -27 28 -28 -1
right_child=1 2 3 4 -6 11 7 10 9 -11 -12 14 13 -15 -16 21 -18 -19 -20 -21 -22 -23 -24 -25 25 26 27 -29 -30 -31
leaf_value=-0.00132146767856364 -0.048914679525262274 0.039360874508527648 -0.015587137970188056 0.033308122548413754 -0.046485669966619139 0.045123794108787502 0.032820964120563741 -0.07056832323104098 0.077531708850524517 -0.051988835563938476 0.067078847800894001 0.061333801844606156 -0.050650131596333629 0.064247805574486047 0.013780924498724751 0.046986432179065951 0.065737207488372848 -0.055607467246381159 0.013485484314159175 -0.069457299306135853 -0.062846989758532271 -0.030904393718807512 -0.065950649801607156 0.059065697529598941 0.019736927172273853 -0.044751452254776058 0.10687963215835748 0.080550778300319051 -0.053539259120220818 -0.016533511507649739
leaf_weight=7514.7501211566851 81.282713513821363 150.89469282329082 28.389938846230507 18.243473537266254 54.729046858847141 152.90163620561361 38.236437790095806 8.1887146830558759 30.021791271865368 17.000319577753544 149.00157582759857 10.289324939250944 81.348016694188118 20.772628396749496 129.67057549953461 58.536108538508415 69.701509237289429 138.17548783123493 56.660094901919365 18.360087677836418 60.470304474234581 76.414269395172596 12.57248369604349 29.519742608070374 546.27382654510438 122.71471569687128 10.459249451756476 41.41632941365242 39.826583608984947 630.37384823802859
leaf_count=40484 669 764 153 99 358 764 196 35 145 91 720 52 381 91 694 285 467 765 287 81 342 423 73 213 2985 696 45 181 222 7494
internal_value=-5.95083e-05 0.00709962 0.0102653 0.00652257 0.00326687 0.00593586 0.0225251 0.0439536 -0.0139094 0.030705 0.0599082 -0.00233885 0.0161312 -0.0272784 -0.0134047 -0.0253146 0.0422001 -0.0475029 -0.0232838 -0.00035842 -0.0405611 -0.0029846 0.0270184 -0.00123077 -0.00143064 0.0100065 -0.014784 0.025318 -0.0201728 -0.00249877
internal_weight=10397.2 1461.86 1323.92 1173.02 1074.93 1020.2 339.523 213.787 125.736 47.0221 157.19 680.681 255.022 102.121 425.658 295.988 98.0914 148.465 137.943 56.5965 78.7138 147.523 71.1086 8935.33 8905.81 760.691 214.417 91.7022 50.2858 8145.12
internal_count=60255 7935 6979 6215 5595 5237 1709 1032 677 236 755 3528 1236 472 2292 1598 620 817 956 277 441 781 358 52320 52107 4129 1144 448 267 47978
is_linear=0
shrinkage=0.05


Tree=71
num_leaves=31
num_cat=0
split_feature=15 9 51 18 29 59 11 1 1 6 5 7 29 12 18 29 58 11 41 12 6 17 41 5 11 58 17 49 18 13
split_gain=34.167 46.1529 38.0072 43.5766 41.9302 45.5448 48.5405 37.2492 173.886 65.154 94.7271 59.8284 55.9948 101.744 56.9819 84.864 54.3999 53.3513 52.3461 92.7019 76.1858 54.8793 50.5941 49.7563 46.2941 44.8775 43.8024 43.4888 41.6534 39.6116
threshold=1.9300000000000818e-08 -8.6024999999999898e-07 -0.027844499999999897 1.0000000180025095e-35 0.30085801250000005 0.0018494720833333001 -2.3135295723684206e-05 1.0000000180025095e-35 -1.0000000180025095e-35 -8.7171999999999985e-06 -1.3044965583333331e-06 5.6676600000000003e-07 0.34545647500000004 1.8941400000000005e-05 4.1095318757221775e-05 0.668136888888889 0.0015852489999999503 -1.5946763958333331e-05 0.016296998333333302 8.0164250000000001e-06 4.1883050000000002e-05 -2.5528873249999998e-06 0.039963236249999957 8.0339713166666693e-06 4.7171552125000011e-06 1.0000000180025095e-35 2.6588073133333337e-06 0.19881150000000003 4.4212479033617538e-05 -7.9318899999999987e-06
decision_type=8 8 10 10 8 10 10 8 10 8 8 8 8 10 10 8 10 10 8 10 8 8 10 10 10 10 10 8 10 10
left_child=2 -2 4 -4 -1 -6 -7 8 11 10 -9 -3 13 16 -14 26 17 28 19 24 27 -22 -19 -21 -13 -26 -16 -20 -12 -11
right_child=1 7 3 -5 5 6 -8 9 -10 29 12 18 14 -15 15 -17 -18 22 20 23 21 -23 -24 -25 25 -27 -28 -29 -30 -31
leaf_value=0.0046414114521285705 -0.016930661116353253 -0.01115553668136738 0.060519491130024562 0.0031787836695121433 -0.041930700908168542 0.069147895707172488 -0.028876399829437762 -0.023487233348839034 0.068482635935154315 -0.0025898827126306073 -0.071415622226137732 0.033792833147917256 0.037061438993368674 0.03803585383846423 0.084753314606725097 -0.028876005037141494 0.042924336973939006 -0.04945252786521577 0.0075225368109376181 0.05669460019271854 0.11985933753219971 -0.055637711007795659 0.047876225837077714 -0.061899531093625761 0.010696549676954438 -0.04769662886343437 0.0029428190255150291 -0.021746622194485296 -0.000763831284776974 -0.020375020002924356
leaf_weight=184.69633081182837 548.25527253933251 670.56408640369773 33.336257640272379 5447.5382289811969 153.0384419048205 21.774321481585503 30.069975521415472 236.54806014150381 98.999130077660084 534.47152146138251 87.620334520936012 66.730768974870443 290.95752750709653 95.152506474405527 33.217534512281418 99.292336508631706 25.580522231757641 23.635759852826595 282.20990376546979 160.6179162338376 20.518875323235989 5.689858376048508 30.689448315650225 9.3596435859799367 68.585179969668388 63.245778068900108 32.242471694946289 230.62116574123502 27.380375288426876 755.7897394541651
leaf_count=1188 3463 3555 303 27389 3009 106 251 1332 592 4991 492 312 1642 542 156 679 138 127 1440 763 102 161 149 54 348 308 176 1537 145 4805
internal_value=-5.74643e-05 -0.00333649 0.00245494 0.00352755 -0.0126352 -0.0282097 0.0122933 -0.0014495 0.00420273 -0.00562079 0.00408195 0.000170362 0.0128265 -0.00434634 0.023757 0.000261082 -0.0250371 -0.0353043 0.00853849 0.0230609 -0.00139041 0.0817593 0.00553052 0.0501643 -0.000140832 -0.0173175 0.0444574 -0.00563986 -0.0545942 -0.0130078
internal_weight=10368.4 4497.98 5870.45 5480.87 389.579 204.883 51.8443 3949.72 1677.14 2272.58 982.317 1578.14 745.769 290.059 455.71 164.752 194.906 169.326 907.579 368.539 539.04 26.2087 54.3252 169.978 198.562 131.831 65.46 512.831 115.001 1290.26
internal_count=60255 28009 32246 27692 4554 3366 357 24546 9172 15374 5578 8580 4246 1593 2653 1011 1051 913 5025 1785 3240 263 276 817 968 656 332 2977 637 9796
is_linear=0
shrinkage=0.05


Tree=72
num_leaves=31
num_cat=0
split_feature=27 53 55 29 41 41 16 59 4 53 16 14 23 5 6 41 29 4 14 40 12 23 48 48 12 29 5 59 5 6
split_gain=33.4174 30.3381 40.4024 35.9824 46.511 43.4136 57.0944 50.9026 49.3629 47.0814 47.027 69.4662 54.3038 64.4202 56.0438 60.7191 49.2319 63.8958 43.238 40.8841 45.5151 34.5371 84.5452 63.4211 37.0898 138.499 68.7977 96.4356 67.741 61.618
threshold=inf 0.62048495185185193 0.79995500000000008 0.52823783333333341 0.93141216666666682 0.28169577374999999 -3.3177494999999992e-05 0.6648356333333334 3.1506470000000005e-05 1.0976825000000001 -2.4981299999999997e-05 -4.2983149999999994e-06 1.7116492139529846e-05 -1.3976889166666665e-05 2.4523850000000004e-05 0.013198879910714252 0.92745973214285737 6.4446380000000007e-06 1.3804000000000002e-05 0.048876275000000004 1.1751600000000003e-05 1.3872423279287272e-05 0.052423050000000006 0.55626900000000012 -2.1214599999999995e-05 0.58358826833333344 -4.3470063583333332e-07 0.25733111267660908 2.0448672500000004e-05 4.5260300000000008e-06
decision_type=8 10 10 8 8 10 10 10 8 10 10 10 10 10 10 8 10 10 10 10 10 8 8 10 8 10 10 10 10 10
left_child=-1 2 21 4 -3 7 -7 8 10 -8 -5 -12 -13 -14 16 -16 18 -18 -15 -19 -21 22 -2 -24 25 26 29 -28 -27 -23
right_child=1 3 -4 5 -6 6 9 -9 -10 -11 11 12 13 14 15 -17 17 19 -20 20 -22 24 23 -25 -26 28 27 -29 -30 -31
leaf_value=-0.051724329455715548 0.059648169481292507 0.018130210352560541 0.058554788389753504 -0.054837540529879006 -0.06079763836474366 0.10581801734064321 -0.050957765410913597 -0.062729067484618553 -0.055717048846643281 0.073104245225416253 0.04309121307135922 -0.061443250940797778 -0.02801868794429967 0.024964811034921864 0.085620096604511572 -0.06767503769146245 0.047209832551031443 -0.06332488290120547 0.088931009316563753 0.076712925618547367 -0.059946087526192487 0.020071001246775733 -0.031142247924431644 0.10777970813650084 -0.0027055549858805163 -0.005391182274840099 0.054346253478492028 -0.044987330613884692 -0.059410360948209034 -0.031952255525911272
leaf_weight=31.199787881225348 76.449551917612553 616.484802801162 28.433652184903622 25.892454523593187 19.248076871037483 7.1731030791997901 89.300420083105564 26.912735387682915 29.232484467327595 8.3635860830545408 149.05676610022783 30.270587481558323 90.106453262269497 55.623999312520027 8.2276729047298414 30.06044863909483 54.266563959419727 34.309036135673523 50.315147884190083 14.832434162497522 10.340468384325503 252.75864793360233 68.289426222443581 9.3389674425125104 7800.0714226495475 336.96022906899452 220.01986407116055 27.485809080302715 70.111229434609413 73.46091628447175
leaf_count=1877 377 3340 215 274 111 30 551 148 243 38 725 170 516 260 40 172 273 186 224 67 81 1696 327 39 44230 1915 1140 154 442 394
internal_value=-5.59606e-05 0.000100345 -0.000952094 0.00708797 0.0157405 -0.000613034 -0.0303337 0.00449951 0.00760543 -0.0403336 0.0109509 0.0141807 0.00279108 0.00837715 0.0210896 -0.0347337 0.0308187 0.00797609 0.0553452 -0.0278176 0.0205764 -0.00114146 0.022326 -0.0144295 -0.00155325 0.00761082 0.0234374 0.0433151 -0.0146951 0.00835596
internal_weight=10344.6 10313.4 8963.38 1350.02 635.733 714.284 104.837 609.447 582.535 97.664 553.302 527.41 378.353 348.082 257.976 38.2881 219.688 113.749 105.939 59.4819 25.1729 8934.95 154.078 77.6284 8780.87 980.797 573.725 247.506 407.071 326.22
internal_count=60255 58378 50929 7449 3451 3998 619 3379 3231 589 2988 2714 1989 1819 1303 212 1091 607 484 334 148 50714 743 366 49971 5741 3384 1294 2357 2090
is_linear=0
shrinkage=0.05


Tree=73
num_leaves=31
num_cat=0
split_feature=27 20 15 3 3 41 40 28 57 3 12 5 28 40 18 4 41 56 53 29 55 57 52 29 55 14 6 29 53 0
split_gain=31.7415 29.2418 28.4392 27.7655 30.4378 39.473 39.3791 40.0302 34.5192 33.0294 60.6649 43.3911 42.9347 42.3724 38.301 47.0626 32.269 52.6154 37.319 33.2716 39.6303 29.6323 29.4011 29.1268 32.6162 30.266 28.3642 28.2684 41.5049 27.8098
threshold=inf 1.0000000180025095e-35 5.8632999999999988e-07 6.9900850000000009e-06 1.1199499999999995e-06 0.0019281404166666004 0.038572205000000005 0.13626400000000002 0.0026447499999999505 -5.5967500000000017e-07 -2.9572349999999997e-06 1.9159753333333337e-05 0.0096050625000000025 0.016337465000000002 4.8860032485264434e-05 -7.0747269999999999e-06 0.11661564545454546 0.01453195 0.70155596666666675 0.62323196333333353 0.46138650000000009 -0.0026421599999999494 0.82331480000000012 0.54617691666666679 0.41470150000000006 -3.2394849999999987e-05 3.5614350000000006e-05 0.58358826833333344 1.0000000180025095e-35 3.3172200000000007e-05
decision_type=8 8 10 10 10 10 8 10 8 8 8 10 8 8 8 10 8 10 8 10 10 10 8 10 10 10 10 8 8 10
left_child=-1 -2 3 4 9 -6 7 -7 23 10 11 14 29 21 15 22 17 18 -12 -19 -21 -14 -3 24 -8 -25 -15 28 -18 -13
right_child=1 2 -4 -5 5 6 8 -9 -10 -11 16 12 13 26 -16 -17 27 19 -20 20 -22 -23 -24 25 -26 -27 -28 -29 -30 -31
leaf_value=-0.051655380659359262 0.060043598075769471 -0.0012106033509940496 -0.0067074921501880701 0.062628232459815303 -0.027114637026604584 -0.033437668749524904 -0.012265678971783879 0.028995931444685371 0.015330964495929994 0.0034169936927585676 -0.017965208691432158 0.079319925723211573 0.050084514635717059 -0.048278090833048681 0.057446704982109124 0.023427948973628973 -0.056326883480557768 -0.0026474197240372818 0.02161960456777701 0.071268205577346533 -0.062856575626173791 -0.016076712799274084 -0.06045553995870228 0.068586265577007408 0.091483281410567746 -0.047565009861710986 0.03271394641334429 -0.032367445115746067 -0.002318246957507054 -0.058493304367046188
leaf_weight=29.716773609630764 20.301140040159225 185.51944523304701 1378.102455502376 18.24571580812335 212.89016296342015 31.319769594818354 99.820142798125744 142.42202367633581 82.323022533208132 6389.3528569117188 327.18301985785365 18.352339819073681 27.579933028668165 101.61743861436844 46.709364250302315 280.998400837183 41.269381403923035 43.251304522156715 72.786113183945417 48.492334462702274 6.2130816876888266 43.80195003002882 23.605773109942675 5.9362372234463683 8.1975099816918355 101.58887852728367 12.096858147531746 257.84984158724546 257.68761341273785 4.5727307200431815
leaf_count=1877 207 901 8563 108 1563 175 527 707 422 35209 1657 80 162 593 222 1411 242 221 471 226 42 240 164 29 38 668 60 1977 1470 23
internal_value=-5.45715e-05 9.44466e-05 -2.40599e-05 0.00101179 0.000885094 -0.00924372 -0.00117655 0.0177413 -0.0122111 0.00173174 -0.00425167 0.00667249 -0.012714 -0.0207083 0.0141847 0.0100618 -0.0119663 -0.00271804 -0.0107616 0.0301248 0.0560352 0.00948611 -0.00789809 -0.0227303 -0.00439212 -0.0411525 -0.0396622 -0.0202366 -0.00977384 0.0518311
internal_weight=10319.8 10290.1 10269.8 8891.68 8873.44 684.498 471.608 173.742 297.866 8188.94 1799.59 744.854 208.021 185.096 536.833 490.124 1054.73 497.926 399.969 97.9567 54.7054 71.3819 209.125 215.543 108.018 107.525 113.714 556.807 298.957 22.9251
internal_count=60255 58378 58171 49608 49500 4129 2566 882 1684 45371 10162 3856 1158 1055 2698 2476 6306 2617 2128 489 268 402 1065 1262 565 697 653 3689 1712 103
is_linear=0
shrinkage=0.05


Tree=74
num_leaves=31
num_cat=0
split_feature=3 17 6 59 12 19 40 41 0 0 59 23 23 14 23 17 17 12 17 5 53 12 5 0 17 49 23 53 53 20
split_gain=30.7035 47.1297 59.9199 63.3128 46.4321 52.6007 40.1228 98.0172 61.57 92.6338 84.3825 113.306 60.3369 81.0068 84.1884 53.6567 50.2676 56.2609 48.6788 44.9415 59.3763 44.3176 87.8509 57.0758 58.4366 67.8332 49.3576 100.539 81.9202 78.4667
threshold=4.2554999999999973e-07 1.5983075000000005e-05 4.1883050000000002e-05 0.024992039463276803 4.3175450000000004e-05 6.5380227755104695e-06 0.63510850000000008 0.0019281404166666004 -1.0000000180025095e-35 1.0000000180025095e-35 1.0000000180025095e-35 2.2580864993766258e-05 4.3778570945301447e-05 1.2268100000000003e-06 2.3096046654605161e-05 -1.7564423749999994e-05 2.8391847500000001e-05 -1.8458999999999997e-05 3.9243269166666679e-06 -8.3043204166666647e-06 0.0064941046666666001 3.0688300000000009e-05 -2.7615330952380947e-05 7.9531650000000013e-06 3.510785460144928e-05 0.047042150000000005 4.7052934787069694e-05 0.11008459166666666 0.15518241782051281 4.2385888634952788e-05
decision_type=8 8 8 8 8 10 8 8 10 10 10 10 10 10 10 10 10 10 10 10 8 10 10 10 10 10 10 8 10 10
left_child=4 -2 3 -3 5 -1 21 15 12 -10 11 -11 13 14 -9 -8 17 -13 -19 20 -15 26 -23 -24 -25 -26 29 -28 -29 -7
right_child=1 2 -4 -5 -6 6 7 8 9 10 -12 16 -14 19 -16 -17 -18 18 -20 -21 -22 22 23 24 25 -27 27 28 -30 -31
leaf_value=0.047919361446114278 -0.0086148509563930397 -0.010925758076808312 -0.04877852917137019 0.018868145096054348 -0.038473544231321842 0.0035088801083548722 -0.046250759200831826 0.024919795516554061 0.064428736461482325 0.059512654822418312 -0.021817982614876837 0.033535228497382559 0.012386302792695031 -0.07468605689704487 -0.026455586335399024 0.080428440947930266 0.06262014146413232 -0.049055504499713888 0.0043926606881415711 -0.065531014286809075 0.0023474537403372457 0.051956507049351723 -0.034321507334504724 -0.019482653104761521 -0.050731355615138009 0.06756488831608333 -0.048030385755212873 0.061176798946535306 -0.0081467473903119487 0.020964087271252405
leaf_weight=61.910250909626484 2013.9678714722395 270.09356470033526 48.007797606289387 524.72045483998954 71.458820137195289 4158.3885757178068 10.134132802486418 118.66950703412294 55.461345318704844 98.29205534979701 310.53223856538534 53.361691497266293 132.91603786870837 37.353312656283379 243.08277952298522 47.720654286444187 25.584426313638687 95.50769941881299 76.902060620486736 139.23359496146441 75.727529902011156 49.297468192875385 243.1767393052578 109.85332406312227 15.854241088032721 51.425792351365089 130.7303384244442 52.882382314652205 219.50811728090048 761.78149105608463
leaf_count=490 13210 1541 2062 3353 875 20759 57 544 375 476 1754 273 786 188 1348 219 165 600 545 904 481 246 1571 739 100 262 747 354 1266 3965
internal_value=-5.3629e-05 -0.00446034 0.00546708 0.00874359 0.00163691 0.00202554 0.00163704 -0.00559173 -0.00811658 0.00236426 -0.00284974 0.0139965 -0.0181577 -0.024769 -0.00960237 0.0582387 -0.00380248 -0.0113295 -0.0252154 -0.0465139 -0.0230986 0.00353439 -0.0111898 -0.0185962 0.0029923 0.0396889 0.00483333 -0.0119868 0.00531185 0.00621144
internal_weight=10303.5 2856.79 842.822 794.814 7446.75 7375.29 7313.38 1520.48 1462.62 715.642 660.18 349.648 746.983 614.067 361.752 57.8548 251.356 225.771 172.41 252.314 113.081 5792.9 469.608 420.31 177.133 67.28 5323.29 403.121 272.39 4920.17
internal_count=60255 20166 6956 4894 40089 39214 38724 8715 8439 4188 3813 2059 4251 3465 1892 276 1583 1418 1145 1573 669 30009 2918 2672 1101 362 27091 2367 1620 24724
is_linear=0
shrinkage=0.05


Tree=75
num_leaves=31
num_cat=0
split_feature=27 17 8 29 17 29 12 23 41 29 6 57 11 6 41 29 11 59 59 29 11 13 59 18 59 23 28 41 52 22
split_gain=29.0733 26.8616 34.1083 40.5562 32.7732 104.033 85.9235 113.213 111.271 120.917 119.815 110.465 106.729 101.706 91.2986 78.0958 76.0668 75.7065 66.1217 64.3012 63.6448 61.2655 150.372 115.182 108.558 89.7221 79.8402 64.6986 77.1292 62.7692
threshold=inf -3.5105313333333323e-05 8.8649500000000023e-06 0.075296756547619012 -1.5201908499999999e-05 0.99620879166666676 -9.1518449999999974e-06 2.3710650911144813e-05 0.21240525000000002 0.78641879166666684 1.7192900000000006e-05 0.0026546499999999507 -1.7818438224999997e-05 1.7861850000000006e-05 0.033234159583333304 0.82922695833333349 1.8946815525000003e-05 0.0055486755000000009 8.8069333333333361e-05 0.37665060312500009 -4.7457273308333313e-06 -2.0835149999999997e-05 0.15189721140804599 2.7690188485874468e-05 0.0046684732499999507 1.9049496139144982e-05 0.56636950000000008 0.70827225000000016 0.099863420000000022 3.8063745667432122e-05
decision_type=8 8 10 10 8 8 8 8 10 8 10 8 10 10 10 10 8 8 8 10 10 8 10 10 8 10 10 10 10 10
left_child=-1 2 3 -2 5 21 7 15 9 13 12 -10 14 -9 17 19 -7 -11 -17 -6 -13 23 24 -3 27 -26 -27 28 29 -23
right_child=1 4 -4 -5 6 16 -8 8 11 10 -12 20 -14 -15 -16 18 -18 -19 -20 -21 -22 22 -24 -25 25 26 -28 -29 -30 -31
leaf_value=-0.051595380936825787 0.0013178285272691715 0.055353623220911752 -0.056525484856109032 0.067601100087067059 0.026570425031578672 -0.039045690630255009 -0.00080399378975102654 0.05098859303746435 -0.055489990717894823 0.10347485959780574 0.079452327549595039 -0.040684646624723458 -0.061933498185391379 -0.037847683357970237 -0.060480249981718297 -0.039575852068260919 0.014101585112280877 -0.00072153750508458978 0.036652977267232149 0.07598598953117057 0.054408370874106139 0.035525133447774415 0.046179614465377966 0.0016184413344179375 0.069288563597730973 -0.060021484214699099 -0.0039337786737681842 0.0844879964245141 -0.040367305406487621 -0.062993555615414074
leaf_weight=27.286700198426843 44.831797726452351 117.04852967336774 11.317681178450583 47.558867320418358 131.13919500634074 330.66810188814998 7176.6731286644936 228.01779755949974 133.4825901761651 29.299544632434845 31.8006731569767 27.585651710629463 99.459950666874647 37.519871011376381 31.522829189896584 52.227531105279922 84.536175165325403 43.042554050683975 62.479021199047565 132.18951341509819 48.587477024644613 109.96897560358047 98.454710103571415 673.83458086848259 18.180466622114182 235.02875993773341 86.912354279309511 23.264990672469139 84.745422966778278 18.954436138272285
leaf_count=1877 326 640 124 228 638 2331 41082 1093 696 126 175 127 545 177 211 243 855 527 359 619 235 494 443 3584 106 1203 521 104 443 123
internal_value=-5.29707e-05 8.42368e-05 0.0254018 0.0354377 -0.000174533 -0.00613016 0.00118131 0.0142725 0.00250804 0.0153141 -0.0107988 -0.0280731 -0.0249143 0.0384362 0.0105348 0.0363777 -0.0282248 0.0414794 0.0019449 0.0513768 0.019971 0.00012587 -0.0109325 0.0095711 -0.0206768 -0.0387772 -0.0448799 0.00530664 -0.00331489 0.0210408
internal_weight=10277.6 10250.3 103.708 92.3907 10146.6 1881.6 8265.03 1088.35 710.319 500.663 235.126 209.656 203.325 265.538 103.865 378.035 415.204 72.3421 114.707 263.329 76.1731 1466.39 675.51 790.883 577.055 340.122 321.941 236.934 213.669 128.923
internal_count=60255 58378 678 554 57700 10847 46853 5771 3912 2854 1584 1058 1409 1270 864 1859 3186 653 602 1257 362 7661 3437 4224 2994 1830 1724 1164 1060 617
is_linear=0
shrinkage=0.05


Tree=76
num_leaves=31
num_cat=0
split_feature=15 9 0 0 6 5 11 29 12 0 29 12 40 0 48 11 6 41 12 5 40 11 58 57 14 17 40 11 41 13
split_gain=28.1148 41.5115 37.4931 111.182 58.3213 87.1699 56.8087 53.6644 90.8126 55.9054 83.8698 57.4078 57.6336 52.7858 52.5989 43.5064 42.9594 55.7974 83.3499 42.5448 40.1948 39.8866 42.3833 39.3637 39.6608 54.7923 43.7514 61.8274 39.3244 86.9793
threshold=1.9300000000000818e-08 -8.6024999999999898e-07 8.6794100000000016e-07 -1.0000000180025095e-35 -8.7171999999999985e-06 2.4879674416666671e-06 inf 0.38237337500000002 1.8941400000000005e-05 3.0734700000000009e-05 0.668136888888889 3.0688300000000009e-05 0.50161900000000015 1.0000000180025095e-35 0.61101900000000009 -1.6637302336538461e-05 5.6676600000000003e-07 0.016296998333333302 8.0164250000000001e-06 8.9266265166666686e-06 0.037285825000000002 5.8541441250000011e-06 1.0000000180025095e-35 0.0027094999999999004 -2.0080549999999999e-05 -7.6849333746666641e-06 0.0038562725000000002 -7.8179402666666644e-06 0.00044794890151510003 -7.6728999999999973e-06
decision_type=8 8 8 10 8 8 8 8 10 10 8 10 10 10 10 10 10 8 10 10 10 10 10 10 8 10 8 10 10 10
left_child=-1 -2 3 6 5 -4 16 8 14 11 -11 12 -9 -5 15 -7 23 18 21 -20 -17 -18 -23 24 -3 -26 -27 -28 29 -6
right_child=1 2 4 13 28 7 -8 9 -10 10 -12 -13 -14 -15 -16 20 17 -19 19 -21 -22 22 -24 -25 25 26 27 -29 -30 -31
leaf_value=0.0022350599002872807 -0.016044408488026112 0.014161840212553956 -0.019221056571684131 0.06857311354390043 -0.0052180117157767701 -0.049729852227368865 0.086930634400174747 0.04992751519658923 0.036849227252954198 0.055747490970869187 -0.040053077409321278 -0.052156093325196419 -0.034706638294482832 0.0031022390306621561 0.068997305600087738 -0.04203349004923651 0.028922599031801097 -0.0036356184370082718 0.052661251529085046 -0.064942715309390192 0.04312679921727941 0.01011420926877582 -0.048105741876475927 0.037392644932346057 -0.046349244200635326 -0.034179810488008215 0.019389614861897067 -0.031712177915710148 -0.0064072048585925917 -0.051317102577078735
leaf_weight=5814.7385712601244 539.83284137863666 109.17631683498621 289.91091297008097 93.532715316861868 233.50139433890581 111.17661594226956 18.778923952020705 242.96875109151006 93.536973558366299 35.285712625831366 64.80323588103056 16.888983182609081 21.930840935558081 45.892008204013109 14.077621415257452 25.437329977750778 72.62619686499238 547.32425332628191 162.81651838868856 8.0715189129114133 30.433111539110541 65.556696701794863 59.752826273441315 40.87499462813139 135.37333370372653 121.70440978556871 174.48652974516153 89.576598521322012 786.99228017218411 182.13624790683389
leaf_count=32246 3463 614 1695 588 2824 631 226 1340 535 184 472 116 122 250 79 135 337 3210 773 50 150 335 299 205 759 631 888 497 4773 1828
internal_value=-5.18429e-05 -0.00305057 -0.0012495 0.00419394 -0.00567082 0.00361402 0.000475998 0.0136974 -0.00315825 0.0258207 -0.00627921 0.0372223 0.0429207 0.0470232 -0.023819 -0.031641 -0.000546798 0.00649372 0.0215254 0.0471065 0.00435405 -0.000560088 -0.0176475 -0.0101568 -0.0132403 -0.0189809 -0.00937683 0.00205465 -0.0129778 -0.0254191
internal_weight=10249.2 4434.46 3894.62 1745.54 2149.08 946.45 1606.12 656.539 274.662 381.878 100.089 281.789 264.9 139.425 181.125 167.047 1587.34 916.148 368.824 170.888 55.8704 197.936 125.31 671.192 630.317 521.141 385.768 264.063 1202.63 415.638
internal_count=60255 28009 24546 9662 14884 5459 8824 3764 1530 2234 656 1578 1462 838 995 916 8598 5004 1794 823 285 971 634 3594 3389 2775 2016 1385 9425 4652
is_linear=0
shrinkage=0.05


Tree=77
num_leaves=31
num_cat=0
split_feature=53 17 13 28 1 58 17 14 6 5 41 2 11 1 23 41 41 40 28 28 5 17 28 17 17 11 6 20 11 59
split_gain=27.4597 50.7721 53.5271 47.8581 54.7927 51.875 49.0789 62.3118 60.5723 114.66 63.6043 163.088 62.8932 55.4028 76.2416 45.9331 45.5851 57.7887 43.7421 43.3078 42.3471 40.8617 63.1099 68.9189 40.7465 42.0915 39.7291 56.6412 39.2971 67.2338
threshold=0.59874529874213855 -2.5861679166666661e-05 -1.7683349999999997e-05 0.027445999999999953 3.2328400000000007e-05 0.10775866000000002 2.3750877524717514e-05 2.8220200000000001e-05 -1.0794699999999998e-05 -1.4228487499999999e-05 0.016296998333333302 1.0000000180025095e-35 1.9312084583333336e-05 2.0554400000000004e-05 5.0737475729464427e-05 0.2739118166666667 0.035458122083333307 0.91168950000000015 0.98681950000000007 1.0470050000000002 3.1065603416666672e-05 -1.5460747774999997e-06 0.99177850000000012 1.2867205583333334e-05 -4.8735552633333323e-06 -1.4118049199999998e-05 -1.9218749999999997e-06 4.8729992150788386e-05 2.207474916666667e-05 1.0000000180025095e-35
decision_type=10 10 10 8 10 8 10 10 10 8 8 10 10 10 10 10 10 10 10 10 10 10 8 8 10 10 10 10 10 10
left_child=28 15 -3 5 6 -4 8 19 9 18 11 -10 -13 14 -9 -2 21 20 -5 -8 -18 -11 23 -23 -12 -26 27 -17 -1 -30
right_child=1 2 3 4 -6 -7 7 13 10 16 24 12 -14 -15 -16 26 17 -19 -20 -21 -22 22 -24 -25 25 -27 -28 -29 29 -31
leaf_value=-0.0021320944582593131 -0.048079038687597803 0.041147803240267268 -0.016140618074545449 -0.050988637686090688 -0.04827531973444818 0.064535188037715338 0.071227551262021377 -0.054937999139797689 0.053619029326214901 0.057315438424847792 0.0066499029802654791 -0.060813242900805892 0.052527832842361372 0.0780514315839968 0.067100142912783656 -0.084995640467504255 0.066983412773629333 -0.086132785866049874 0.039182088728353791 -0.07102009236310132 -0.068154821624064471 -0.073269123570005812 0.069687379157820931 0.057502276592363635 0.027915773850878435 -0.040021631189436128 0.056222276121749987 0.05619256632970851 0.018687107586656905 -0.013948069865187913
leaf_weight=8030.427470292896 76.906844358891249 120.76344249397516 28.512519143521786 66.626995913684368 49.407649219036102 66.162410467863083 76.782997004687786 46.962454311549664 108.40146667510271 31.047605372965336 87.144642762839794 66.570867925882339 14.996972963213919 17.755196161568165 17.592072926461697 17.681346125900749 127.97646131366491 7.0372087955474845 16.851233258843422 5.7515792623162261 6.0720992386341086 38.725736543536186 17.822783455252647 13.618194051086901 25.392604783177376 223.21807014942169 26.283992566168308 11.873955875635145 566.12211183272302 218.81751543655992
leaf_count=48005 669 628 155 389 333 472 374 284 524 175 436 318 68 98 110 79 636 30 95 29 33 201 84 66 130 1311 147 61 3114 1201
internal_value=-5.08811e-05 0.00641757 0.00946736 0.00617045 0.00314404 0.0402387 0.00564369 0.0306156 0.000809313 0.01775 -0.00968843 0.0134324 -0.0399745 -0.000167346 -0.0216808 -0.0230174 0.0351611 0.05353 -0.0327864 0.0613148 0.060862 0.00955603 -0.0115767 -0.0392466 -0.0227701 -0.0330826 0.0114997 -0.0282727 -0.00108839 0.0095894
internal_weight=10229.3 1413.94 1281.19 1160.43 1065.75 94.6749 1016.35 164.844 851.503 325.778 525.725 189.969 81.5678 82.3097 64.5545 132.746 242.3 141.086 83.4782 82.5346 134.049 101.214 70.1667 52.3439 335.755 248.611 55.8393 29.5553 8815.37 784.94
internal_count=60255 7935 6979 6351 5724 627 5391 895 4496 1709 2787 910 386 492 394 956 1225 699 484 403 669 526 351 267 1877 1441 287 140 52320 4315
is_linear=0
shrinkage=0.05


Tree=78
num_leaves=31
num_cat=0
split_feature=27 17 8 29 17 29 5 11 8 54 14 5 28 57 16 28 4 1 23 29 29 10 6 48 40 41 56 14 11 58
split_gain=27.5786 24.6283 31.3255 37.8848 29.2591 94.4489 93.8721 89.183 113.553 143.092 79.6607 88.7746 89.6412 131.748 75.6068 83.8729 74.4033 72.2015 81.4003 84.648 72.01 71.639 71.2428 69.5448 63.2268 62.9457 61.1571 59.6156 58.0091 56.8213
threshold=inf -3.5105313333333323e-05 8.8649500000000023e-06 0.075296756547619012 -1.5201908499999999e-05 0.99620879166666676 -1.1097330633333331e-05 7.1686701000000009e-06 2.3316150000000005e-05 0.68855250000000001 -9.1995799999999994e-06 1.6519845083333335e-05 0.56636950000000008 -0.0026438999999999998 -1.6089594999999999e-05 0.41527475000000008 -8.7064415999999986e-06 -3.5345549999999998e-06 2.0516006511607857e-05 0.89728601515151529 0.63999683333333346 2.9565585000000003e-05 2.2043150000000003e-05 0.14969400000000002 0.83895750000000013 0.14026955416666667 0.035675600000000009 -6.6136049999999992e-06 -1.2775584888888887e-05 1.0000000180025095e-35
decision_type=8 8 10 10 8 8 8 10 10 8 8 8 8 10 10 10 10 8 8 8 10 8 10 8 10 10 8 8 10 8
left_child=-1 2 3 -2 5 6 24 14 -9 20 11 17 13 -13 16 27 -8 18 19 -6 -10 -7 -14 -20 28 -25 -23 -16 -3 -19
right_child=1 4 -4 -5 10 21 7 8 9 -11 -12 12 22 -15 15 -17 -18 29 23 -21 -22 26 -24 25 -26 -27 -28 -29 -30 -31
leaf_value=-0.051541976611632616 0.0011016813564667255 -0.054414084986467652 -0.056205352806313391 0.065392851280747316 0.079150407345053395 -0.036359778441637507 0.067249311995306926 -0.042272477909496002 0.10031281318886945 -0.053448929373394141 -0.00072343310826390901 0.070886863205130282 -0.054199500277477511 -0.044256871059245091 -0.064954678421808451 0.024319530474557843 0.018232011999017306 0.013849360010462579 -0.032635941370106024 -0.048799605569425163 0.006187092109987127 0.084080027286097841 0.069092418809098263 0.058763728965270746 0.057315172030059008 -0.015732597894988178 -0.015570041982890047 0.052020694813439253 -0.012338637031773294 0.04996359271954328
leaf_weight=25.936241053044796 44.854496233165264 115.34845735132694 10.767642293125389 46.845006369054317 57.661823496222496 341.13621012121439 92.273752696812153 165.86453515291214 46.54052247852087 42.774413391947746 7209.0367370583117 58.219572801142931 112.78716198541224 43.33437180519104 71.495038323104382 80.044892642647028 480.80825075134635 183.52427247911692 139.90464831888676 16.661425594240427 36.066234454512596 24.030682161450386 13.075190357863901 54.528376985341311 25.082122161984444 59.075443115085363 42.854310356080532 12.849706470966337 282.6481217071414 267.91942892223597
leaf_count=1877 326 689 124 228 260 2431 512 830 202 229 41502 260 852 218 362 424 2538 913 655 82 175 110 63 312 117 299 645 72 1511 1437
internal_value=-4.87515e-05 8.24667e-05 0.0244717 0.033945 -0.000165569 -0.00582866 0.00014474 0.00829831 -0.0151281 0.0207807 0.0011164 0.0142917 -0.0131937 0.0217536 0.01755 -0.0123416 0.0261244 0.0223127 0.00445304 0.0504672 0.0592174 -0.0270829 -0.0413913 -0.00903733 -0.0196807 0.0200247 0.0202326 -0.0471338 -0.0245331 0.0352822
internal_weight=10203.9 10178 102.467 91.6995 10075.5 1859.82 1451.8 1028.72 291.246 125.381 8215.73 1006.69 227.416 101.554 737.472 164.39 573.082 779.275 327.832 74.3232 82.6068 408.021 125.862 253.508 423.079 113.604 66.885 84.3447 397.997 451.444
internal_count=60255 58378 678 554 57700 10847 7661 5344 1436 606 46853 5351 1393 478 3908 858 3050 3958 1608 342 377 3186 915 1266 2317 611 755 434 2200 2350
is_linear=0
shrinkage=0.05


Tree=79
num_leaves=31
num_cat=0
split_feature=27 3 3 17 3 3 1 1 17 29 11 5 51 29 29 29 11 54 12 7 11 29 41 58 19 17 29 58 19 7
split_gain=26.1994 26.2743 27.0813 45.4734 39.8592 72.5071 79.9934 275.499 51.6363 64.5729 43.5041 44.4394 45.0651 48.0283 45.6312 41.9933 124.565 120.506 81.1754 61.0869 60.6304 69.9385 63.1724 65.7856 64.6283 61.6466 92.5662 82.8341 67.1645 65.6705
threshold=inf -7.5277099999999998e-06 -8.3714999999999915e-07 4.3005532891849541e-06 3.0189999999999032e-09 -1.0000000180025095e-35 3.5060150000000007e-07 -1.0000000180025095e-35 1.5731463750000003e-05 0.0029834482575757004 3.9800075000000004e-05 -3.4225430313588844e-05 0.013494449999999951 0.61193462222222228 0.31257552222222224 0.55134208333333345 -1.7315774466666663e-05 0.11252550000000001 -2.4910549999999998e-05 -1.8524699999999999e-05 -3.5671744323484841e-06 0.025125698809523752 0.048036645833333259 0.19468459500000004 2.4964841226893232e-05 1.8221733662162166e-06 0.025125698809523752 0.0010568330000000003 2.4964841226893232e-05 -2.699769999999999e-07
decision_type=8 8 8 8 8 10 10 8 8 8 8 10 10 10 10 8 8 10 8 10 10 10 10 10 10 10 10 8 10 10
left_child=-1 -2 3 -3 5 -4 7 -7 15 -10 11 12 13 14 -11 16 17 -6 -19 -18 21 -21 23 25 -24 27 -27 -22 -29 -30
right_child=1 2 4 -5 8 6 -8 -9 9 10 -12 -13 -14 -15 -16 -17 19 18 -20 20 22 -23 24 -25 -26 26 -28 28 29 -31
leaf_value=-0.051480122490686633 0.054771414182519018 0.0015872269919871007 0.00043781371282528486 -0.017056200309548148 -0.036786208192910827 0.00016199556266473009 -0.00084899882454261312 0.064704394969916409 -0.023468158702552564 0.040201526152252809 -0.062093934406596919 0.0067230265766689201 -0.035651466304187383 0.098585753784177221 -0.033131696490659036 -0.011019650100186226 0.034628194250270125 -0.0697014325765105 0.06953719559846179 0.038562465379991376 0.049936322517938316 -0.029115444580192815 0.046909093094263485 -0.07923580433783653 0.0057455840052404866 -0.079974646714126296 0.043095700878500898 -0.070022843666247975 0.084119543441789693 -0.025729839366985658
leaf_weight=24.700212584808469 21.910620335489511 735.19359103031456 3042.00357176736 589.19569683261216 321.22937379404902 413.40352486073971 465.88439337536693 275.53423105739057 162.30186340585351 140.28297975845635 20.446176303550601 926.93723616749048 22.181446932256222 29.285197958350182 24.992102228105068 1714.8229372389615 185.95475925505161 13.352379143238066 48.448865786194801 46.33892235904932 37.310573518276215 216.637067720294 177.73601505532861 27.174951300024986 205.72177587077022 17.52617871761322 119.14353741705418 68.185106500983238 17.143062010407448 65.933016397058964
leaf_count=1877 141 4081 16097 3880 1751 2050 2330 1883 1000 1011 332 5347 188 136 150 11907 955 73 262 226 170 1048 874 122 1035 80 530 299 77 343
internal_value=-4.76002e-05 7.75345e-05 -4.07617e-05 -0.00670688 0.000961808 0.00448709 0.0151536 0.0259751 -0.00224816 0.00607736 0.0101966 0.011489 0.0318714 0.0395695 0.0291124 -0.00561226 0.000302088 -0.024485 0.0394542 0.00831539 0.00341677 -0.0171899 0.0107809 -0.00450049 0.0248252 0.00174388 0.0273135 -0.016788 -0.0332464 -0.00306201
internal_weight=10176.9 10152.2 10130.3 1324.39 8805.91 4196.83 1154.82 688.938 4609.09 1326.43 1164.13 1143.68 216.742 194.56 165.275 3282.66 1567.84 383.031 61.8012 1184.8 998.85 262.976 735.874 352.416 383.458 325.241 136.67 188.572 151.261 83.0761
internal_count=60255 58378 58237 7961 50276 22360 6263 3933 27916 8164 7164 6832 1485 1297 1161 19752 7845 2086 335 5759 4804 1274 3530 1621 1909 1499 610 889 719 420
is_linear=0
shrinkage=0.05


Tree=80
num_leaves=31
num_cat=0
split_feature=53 54 7 0 48 29 11 23 13 23 59 11 29 13 23 14 5 53 59 29 18 11 6 5 1 29 11 59 4 23
split_gain=25.3144 38.4464 32.658 34.4206 32.6283 86.1794 76.3409 74.3474 72.4119 68.6756 87.4492 76.3308 67.8183 85.6104 63.5613 62.8778 62.2586 63.8648 219.453 127.846 95.0469 92.296 87.7385 74.9965 74.2711 93.4624 74.9801 70.9894 97.1013 86.0696
threshold=0.67232221666666669 0.79995500000000008 -2.9440349999999997e-05 3.6028650000000013e-05 0.18239100000000003 0.18840107083333332 2.207474916666667e-05 5.5459567052328459e-05 -1.4169749999999999e-05 3.2667104388183221e-05 0.54547104166666671 -2.8717168333333329e-05 0.0091507458333333017 -2.5219449999999998e-05 1.9049496139144982e-05 3.1207700000000003e-05 -2.0872112354166663e-05 0.0043462399999999509 0.021138240178571403 0.46360108333333339 2.8224191803949652e-05 -9.8159904545454507e-07 2.6055800000000006e-05 -3.3909303499999989e-06 3.5346100000000003e-06 0.9558694642857144 -1.5719673529411761e-05 0.00066052116666665006 1.5583765000000006e-05 2.0933906549701844e-05
decision_type=10 10 10 10 8 8 8 10 8 8 10 10 8 8 10 10 10 10 10 8 10 10 10 10 10 8 10 8 10 10
left_child=1 4 -2 -4 6 8 9 -8 -6 11 12 -1 13 -11 -10 -15 -13 18 19 20 21 -18 23 -20 25 -19 -27 28 29 -21
right_child=2 -3 3 -5 5 -7 7 -9 14 10 -12 16 -14 15 -16 -17 17 24 22 27 -22 -23 -24 -25 -26 26 -28 -29 -30 -31
leaf_value=0.1040924570071991 0.028300500013678981 0.058093265825258728 0.0050433596367957098 -0.060789337039267838 0.042512530570803828 -0.01039640273845209 0.024150247849683126 -0.067590314156711295 -0.038182620305324516 0.039435105569418205 0.040549120041203368 -0.027498454875007051 -0.0060985842791291163 -0.061702138553372032 0.0070111692916125304 0.016818657986898574 -0.014094178521879497 0.018863031219454901 -0.073502688183973389 0.061400883916062556 -0.033084951522558553 0.047381959938137208 0.1038554352527159 -0.012828337426231099 -0.011646366132277961 0.055711369307487595 -0.032985356623417027 0.05580406491078363 0.092268127729689342 -0.01479611795621906
leaf_weight=19.101642921566963 156.39176101610065 27.523213502019644 912.82921101152897 20.296742796897888 128.54069563001394 2271.1625242000446 473.96019046381116 23.163583397865295 87.314018716104329 32.412081509828568 93.071485750377178 150.58265382796526 2059.6999625340104 153.74862253665924 713.93856642860919 30.564116798341274 108.4122307524085 641.37236614897847 85.23994367569685 50.075680449604988 123.96941316127777 139.76112262159586 11.620909675955771 126.52866346389055 806.05689871311188 27.728417687118053 169.34887427091599 320.85492831468582 38.202455706894398 142.59287974983454
leaf_count=83 883 220 5275 157 694 17915 2359 119 1614 156 462 740 11388 892 3947 194 509 3072 416 224 547 662 50 619 3740 137 808 1531 174 668
internal_value=-4.52662e-05 -0.000911511 0.00715534 0.00361141 -0.00109138 -0.00514711 0.00113616 0.0198756 0.0076751 -0.000611338 -0.00695578 0.00446493 -0.00889801 -0.0355031 0.00208632 -0.0486812 0.00381815 0.00550731 0.0145615 0.0253146 0.0026674 0.0205267 -0.0299102 -0.0372506 -0.00080915 0.00960938 -0.0205059 0.0405903 0.019447 0.00500793
internal_weight=10146.1 9056.55 1089.52 933.126 9029.02 3200.96 5828.07 497.124 929.793 5330.95 2369.5 2961.45 2276.42 216.725 801.253 184.313 2942.35 2791.76 1147.26 923.869 372.143 248.173 223.39 211.769 1644.51 838.45 197.077 551.726 230.871 192.669
internal_count=60255 53940 6315 5432 53720 24170 29550 2478 6255 27072 13092 13980 12630 1242 5561 1086 13897 13157 5400 4315 1718 1171 1085 1035 7757 4017 945 2597 1066 892
is_linear=0
shrinkage=0.05


Tree=81
num_leaves=31
num_cat=0
split_feature=17 5 0 23 28 28 41 52 40 8 12 4 41 28 0 29 29 40 17 48 40 41 5 40 58 8 48 51 28 56
split_gain=24.5492 91.3551 98.6197 141.953 118.509 111.364 155.181 104.236 95.0868 81.5453 81.306 96.2979 92.3384 117.165 84.3918 81.3727 79.4416 131.99 160.606 92.3018 77.9652 69.6813 123.546 103.735 140.175 150.57 136.164 91.4968 90.7392 80.3792
threshold=1.6691314552845532e-05 -1.7094114659090903e-05 -1.4775399999999999e-06 3.2916783190574908e-05 1.0000000180025095e-35 0.032936975000000007 0.82759420833333353 0.46341905000000005 0.50161900000000015 -3.2064849999999995e-05 5.2718450000000015e-06 3.2321705000000006e-05 0.47988586651960791 0.20906732999999997 -1.4775399999999999e-06 0.022646050000000004 0.30620179250000007 0.1757235 2.8391847500000001e-05 0.62751900000000016 0.78559100000000004 1.0000000180025095e-35 -1.0568816974999996e-05 0.0102835175 0.022459564999999956 -1.4907099999999998e-05 0.10093865000000002 0.017357000000000004 0.20310550000000008 0.61217900000000014
decision_type=10 8 10 8 10 8 10 10 8 8 8 10 10 8 10 8 10 10 10 8 10 10 10 10 10 10 8 10 8 8
left_child=10 16 3 -3 7 8 -7 9 -5 -4 -1 12 15 14 -14 -12 20 -18 19 -19 -2 -17 29 26 25 27 -24 -25 -27 -23
right_child=1 2 4 5 -6 6 -8 -9 -10 -11 11 -13 13 -15 -16 21 17 18 -20 -21 -22 22 23 24 -26 28 -28 -29 -30 -31
leaf_value=0.0017066416541487918 0.049931004604627731 0.015778663873357655 0.0415375159196191 0.066103465541706055 0.015108564372746514 -0.053440400043885297 0.11959590231173728 0.049080104026888838 -0.054520300451860508 -0.045068323804438197 -0.043872551707567375 -0.056878812477395395 -0.043974464158025639 -0.06618891908540564 0.036228557276761629 -0.012059833340939288 -0.01233131494036387 0.11661934021478515 -0.074425213361348386 -0.05070055047298392 -0.01053536829141789 -0.049951928779177202 0.08186988170851596 0.054630280197397491 -0.049242820868172166 0.051421019617630272 0.0062797899297363687 0.2150885647899545 -0.019598311508076977 0.01378882236473292
leaf_weight=5482.3842334570363 260.25873550027609 208.35201933979988 31.112736228853464 45.006681613624096 947.09608590509742 329.07122541125864 13.488073587417601 44.442867111414671 25.648467482998967 215.00776632316411 114.08020676486194 103.73897936660796 60.673564680851996 140.71717009041458 71.391847550868988 689.90830770414323 289.52970118448138 58.749422281980515 18.08288936316967 9.5875392705202085 67.043516207486391 124.90908180177212 125.39844903349876 95.716276600956917 93.648104853928089 59.726075943559408 113.49972609430552 9.7932664975523931 182.1188911087811 81.881675685755908
leaf_count=30411 1394 1111 225 225 5193 2476 57 279 168 1475 1035 731 378 898 465 6086 1546 260 90 65 416 718 561 472 504 342 657 59 1059 899
internal_value=-4.43001e-05 0.00418434 -0.00162191 -0.0178715 0.00653882 -0.0348387 -0.0466272 -0.0213944 0.0223159 -0.0341203 -0.00147958 -0.00992971 -0.00744916 -0.0344435 -0.000618359 -0.00309377 0.0195346 0.00385456 0.0580816 0.0931447 0.0375453 -0.000143082 0.00912899 0.0194219 0.00504732 0.0196842 0.0459573 0.0695238 -0.00205936 -0.0247129
internal_weight=10112.1 2562.48 1859.23 621.566 1237.66 413.214 342.559 290.563 70.6551 246.121 7549.59 2067.2 1963.46 272.783 132.065 1690.68 703.252 375.95 86.4199 68.337 327.302 1576.6 886.692 679.901 441.003 347.355 238.898 105.51 241.845 206.791
internal_count=60255 14980 11209 4037 7172 2926 2533 1979 393 1700 45275 14864 14133 1741 843 12392 3771 1961 415 325 1810 11357 5271 3654 2436 1932 1218 531 1401 1617
is_linear=0
shrinkage=0.05


Tree=82
num_leaves=31
num_cat=0
split_feature=27 3 3 3 12 40 18 29 59 5 29 29 12 29 49 5 40 11 29 5 16 40 11 29 6 59 5 12 56 4
split_gain=23.9283 24.3612 29.4782 23.3099 38.8346 45.3859 63.3274 40.5586 30.8791 41.5274 38.1278 29.5164 27.8021 39.9715 30.9358 28.9063 28.6289 36.9321 34.7404 40.8648 32.0624 25.3092 25.1929 42.6188 35.9366 55.1297 71.4466 48.4652 46.3009 43.0024
threshold=inf 6.9900850000000009e-06 1.1199499999999995e-06 -8.3714999999999915e-07 2.2826300000000002e-05 0.63510850000000008 5.215745846233506e-05 0.14811226666666663 0.058718105083333305 2.4649156750000001e-05 0.2776876791666667 1.0362023750000005 9.9171450000000018e-06 0.50575785517241389 0.5979555000000002 -7.0650200166666656e-06 0.0012854150000000503 -2.2832146724999993e-05 0.6955712666666668 7.8118790750000018e-06 -1.8709459999999998e-05 1.0000000180025095e-35 3.9800075000000004e-05 0.57243033333333349 3.0854350000000004e-05 0.035984235833333308 3.4780449283333341e-06 -1.7456599999999995e-05 0.26327550000000005 3.8644190000000011e-05
decision_type=8 10 10 8 8 8 8 8 8 10 10 10 10 10 10 10 10 10 10 10 10 10 10 8 10 8 10 8 8 10
left_child=-1 2 3 4 5 8 -7 -6 10 -10 21 12 14 -14 16 -15 17 -12 -18 -20 -19 -2 24 -24 -5 26 -26 28 -27 -28
right_child=1 -3 -4 22 7 6 -8 -9 9 -11 11 -13 13 15 -16 -17 18 20 19 -21 -22 -23 23 -25 25 27 29 -29 -30 -31
leaf_value=-0.05139256619668129 -0.058463106417441082 0.051392589329608246 -0.009324990314391178 0.0011827738753701364 0.010352517616344745 -0.025298334836361753 0.083257146554772898 -0.034410944355205385 0.026444048468606842 -0.013044609785217929 0.079570091657352002 -0.027552590605508506 -0.031626445360235511 -0.01849943770728716 -0.037843462667810475 0.12138803517301265 0.048854775712636897 0.038877894302975863 0.051656841525785591 -0.035271477835218522 -0.032359636099237164 -0.0072969227749881058 0.10423327097054856 -0.066778376009771642 0.039671551805803312 0.098802854989225322 -0.03453513625621147 0.041723900308170907 -0.068661360990400877 0.13965413334745
leaf_weight=22.639391341246665 46.066812813282013 23.067776568233967 789.16342065855861 7496.0986858513206 68.62396664917469 245.50441014394164 14.212441619485615 192.69494764320552 252.93284611403942 90.36373970285058 10.862670198082922 63.216167077422142 9.4196913614869136 4.6970271915197399 36.732862874865532 17.275613695383072 76.626818232238293 19.896634295582771 21.684441484510899 35.906408488750458 76.618359751999378 50.843036845326424 4.2216398864984539 26.59214011952281 58.850419260561466 5.2505773156881359 105.44006434828043 194.19328722730279 19.296365935355425 3.6663535982370368
leaf_count=1877 244 146 5026 42848 406 1751 88 1583 1264 490 47 424 62 29 215 88 364 90 105 218 359 275 18 153 292 24 578 1058 117 16
internal_value=-4.671e-05 6.88403e-05 -4.91163e-05 0.000742444 -0.00537122 -0.00116117 -0.0193579 -0.0226558 0.00465083 0.0160497 -0.00367784 0.00358287 0.00993785 0.0545435 0.00490682 0.0914847 0.0114067 -0.00783645 0.0268017 -0.00254072 -0.017674 -0.0316191 0.00177316 -0.0433489 0.00194955 0.0168134 -0.00473144 0.0333563 -0.0328409 -0.0286818
internal_weight=10082.7 10060 10037 9247.79 1334.18 1072.86 259.717 261.319 813.143 343.297 469.847 372.937 309.721 31.3923 278.328 21.9726 241.595 107.378 134.218 57.5908 96.515 96.9098 7913.61 30.8138 7882.8 386.697 167.957 218.74 24.5469 109.106
internal_count=60255 58378 58232 53206 8102 6113 1839 1989 4274 1754 2520 2001 1577 179 1398 117 1183 496 687 323 449 519 45104 171 44933 2085 886 1199 141 594
is_linear=0
shrinkage=0.05


Tree=83
num_leaves=31
num_cat=0
split_feature=20 17 5 17 0 48 58 29 53 29 53 29 29 59 13 4 41 28 29 0 41 6 59 29 41 40 59 51 10 40
split_gain=24.8032 24.2542 85.8814 97.5232 141.099 135.929 117.987 110.082 107.148 93.2209 87.7133 80.9414 82.7031 76.5105 67.9813 88.2154 85.9621 111.96 80.5168 74.9553 65.8302 80.7153 63.645 63.6225 61.3008 108.777 207.822 146.216 110.935 80.4238
threshold=6.5241798334359892e-06 1.6691314552845532e-05 -2.408836068181818e-05 2.6943006666666669e-05 1.6350700000000003e-05 0.033595450000000006 0.0052841995000000004 0.21637677083333337 0.019105984999999954 0.039594420833333303 0.00076135566666665007 0.30620179250000007 0.036284300909090912 0.18789275092307692 5.269525000000001e-06 3.2321705000000006e-05 0.47988586651960791 0.20906732999999997 0.022646050000000004 -1.4775399999999999e-06 0.36822940000000004 -4.9839699999999988e-06 0.080146521666666665 1.1052880416666671 1.0000000180025095e-35 0.011569016999999951 0.026513044333333301 -0.005426499999999999 -1.4808184999999999e-05 0.19146850000000001
decision_type=8 10 8 10 10 10 10 8 8 10 8 8 10 8 8 10 10 8 8 10 10 10 10 10 10 10 10 10 8 10
left_child=-1 14 11 -4 7 10 9 8 -5 -7 -6 12 13 -3 -2 16 18 19 22 -18 -13 -22 -16 -9 -20 27 28 -26 29 -27
right_child=1 2 3 4 5 6 -8 23 -10 -11 -12 20 -14 -15 15 -17 17 -19 24 -21 21 -23 -24 -25 25 26 -28 -29 -30 -31
leaf_value=0.032249345813044242 0.0012775456195753552 -0.061688118437730491 0.0092678879305342146 -0.055915970827453122 0.042392134679422322 -0.028836451948552791 -0.045105991865365597 -0.053412252797379316 0.012578200436764895 0.072981542260322885 -0.048894597975368839 -0.0011528952715866305 0.07060077869280483 0.060140929239305453 -0.056970739604134173 -0.055354626415684005 -0.041513380133915999 -0.065220213277988728 -0.010978177821238531 0.034050983342610419 -0.063458727484925662 0.14444220571335911 0.064335268185205019 0.086412581946523445 -0.024830679760409417 0.0093407705120053114 -0.052286880260502405 0.053477660305345426 -0.0022817545434477252 0.09038062135526026
leaf_weight=59.101963758468628 5401.8080485649407 27.261524945497513 1169.9727333020419 78.002634927630424 35.513421528041363 26.772667624056339 34.340265478938818 280.31202952191234 213.04803511314094 140.21999960392714 101.58553037419915 248.34716461226344 130.80158846080303 24.441183999180794 100.01749131921679 99.348168240860105 60.614056188613176 136.00435307156295 707.14667061995715 71.563894785940647 6.4610566496849087 16.827813938260078 12.123493745923041 8.3786333352327329 80.977326245047152 55.192120924592018 160.78360642492771 225.9069197550416 287.98405446857214 68.748786553740501
leaf_count=416 29910 174 6751 444 209 178 210 2107 1218 678 684 1306 703 139 926 722 382 893 6221 466 43 77 99 36 647 280 911 1075 2011 339
internal_value=-4.63247e-05 -0.000236998 0.00398125 -0.00030445 -0.0125019 0.0131518 0.0393005 -0.0274776 -0.00577849 0.0566578 -0.0252481 0.023687 0.0494394 -0.00409643 -0.00167295 -0.00938584 -0.00706415 -0.0333717 -0.00291128 -0.00060126 0.00638471 0.086764 -0.0438564 -0.0493541 -1.75313e-05 0.00879426 -0.00407692 0.0328145 0.0147405 0.0542928
internal_weight=10069.6 10010.5 2542.29 2088.15 918.173 338.432 201.333 579.741 291.051 166.993 137.099 454.14 182.504 51.7027 7468.22 2066.41 1967.06 268.182 1698.88 132.178 271.636 23.2889 112.141 288.691 1586.74 879.593 572.709 306.884 411.925 123.941
internal_count=60255 59839 14957 12515 5764 1959 1066 3805 1662 856 893 2442 1016 313 44882 14972 14250 1741 12509 848 1426 120 1025 2143 11484 5263 3541 1722 2630 619
is_linear=0
shrinkage=0.05


Tree=84
num_leaves=31
num_cat=0
split_feature=20 53 17 4 41 5 41 16 19 58 23 20 23 17 5 23 59 4 17 5 29 4 17 14 29 6 7 23 29 51
split_gain=23.8012 22.8184 51.3507 32.7387 42.7535 27.7517 26.9721 62.8483 66.2993 77.6663 67.6395 50.4036 30.7221 29.6772 51.9386 38.1735 41.6731 56.6357 33.8087 87.8975 101.474 79.6609 71.259 68.6522 82.6549 110.453 107.712 97.9008 95.3658 64.2329
threshold=1.0000000180025095e-35 0.96163372500000022 -2.2808174999999998e-05 6.2125975000000011e-06 0.65976754166666673 -2.1572227083333333e-07 0.83408736111111115 3.0041342500000005e-06 4.2323841224698286e-05 0.020875424000000004 2.0642975901643811e-05 3.4912282351156209e-05 1.0985614953741664e-05 -3.4116009166666663e-05 -2.0557471666666665e-05 4.3778570945301447e-05 0.0039191101666666509 -4.6260204999999997e-06 -1.5201908499999999e-05 -1.1097330633333331e-05 1.0141626250000002 4.3873965000000005e-05 -2.1774707083333327e-05 -9.1995799999999994e-06 0.81969629166666669 1.8648200000000002e-05 2.3853250000000004e-05 4.3112187648901134e-05 1.0494718750000003 0.013906999999999952
decision_type=8 10 10 10 10 10 10 8 10 10 8 10 10 8 8 10 10 8 10 8 10 8 8 8 10 8 10 10 10 8
left_child=-1 6 5 4 -4 -3 13 11 10 -10 -9 12 -8 14 -2 16 17 -16 19 22 -21 23 29 24 26 28 -20 -28 -26 -15
right_child=1 2 3 -5 -6 -7 7 8 9 -11 -12 -13 -14 18 15 -17 -18 -19 21 20 -22 -23 -24 -25 25 -27 27 -29 -30 -31
leaf_value=0.058519822439729585 0.086227059887305474 -0.061047742656113041 0.048082326727595617 -0.019644875435536849 -0.040376061010262927 0.076087172779588264 -0.050701649046921239 0.074402380073033722 0.066638815358807044 -0.062065435489466303 -0.050221911032880588 -0.0094063068092520158 0.071379946849775888 -0.01839244176015347 0.087624677873558279 -0.031607211588537826 0.066093986269708055 -0.058668202299826902 0.030069955083135792 0.0042014751423841727 -0.038789015014070172 -0.045660551445111885 -0.046376917536849242 -0.0010359358305817108 -0.040329537552543371 0.08846324707989596 -0.055784081499430663 0.07247003992348576 0.031316234604339188 0.049735686468545974
leaf_weight=17.316997747868299 25.791406705975533 26.884345851838592 121.03454208374023 29.931455917656422 15.397107869386671 4.275979980826377 5.516505926847457 12.631875179708002 46.202949166297913 15.706252723932264 78.850581906735897 33.257428489625454 78.285636927932501 231.77780257165432 9.6358011439442617 39.834075078368187 36.703514531254768 21.10896293818951 599.61434533074498 1197.0941908294335 155.03901103883982 93.442259911447763 222.17249614186585 6528.6143690478057 173.62417218461633 25.442873373627663 70.588918015360832 18.853435602039099 63.40893317013979 40.667980492115021
leaf_count=210 115 197 650 172 92 20 25 63 248 86 583 167 386 1431 45 310 179 208 3078 9244 1005 2401 1323 35927 932 124 354 101 340 239
internal_value=-4.7945e-05 -0.00014915 0.0166768 0.0277102 0.0380993 -0.0422294 -0.000487462 0.0150837 -0.00597223 0.0339868 -0.0330138 0.0426748 0.0633436 -0.000928272 0.0225188 0.00720292 0.0301237 -0.0128181 -0.00125949 -0.00732542 -0.000727923 0.000219632 -0.0253609 0.000792769 0.0133398 -0.0105369 0.0224349 -0.0287496 -0.0211635 -0.00822296
internal_weight=10038.7 10021.4 197.523 166.363 136.432 31.1603 9823.87 270.451 153.392 61.9092 91.4825 117.06 83.8021 9553.41 133.074 107.282 67.4483 30.7448 9420.34 1846.75 1352.13 7573.59 494.618 7480.15 951.533 262.476 689.057 89.4424 237.033 272.446
internal_count=60255 60045 1131 914 742 217 58914 1558 980 334 646 578 411 57356 857 742 432 253 56499 13242 10249 43257 2993 40856 4929 1396 3533 455 1272 1670
is_linear=0
shrinkage=0.05


Tree=85
num_leaves=31
num_cat=0
split_feature=15 51 5 29 52 57 17 41 12 7 40 59 17 11 18 53 29 41 28 28 11 5 11 28 13 12 29 53 28 58
split_gain=22.5402 30.8785 38.2096 29.3595 58.548 64.4129 100.829 63.0012 54.7092 52.7763 54.6679 89.299 75.0412 54.9801 52.1785 49.4174 51.3687 46.3843 46.2314 44.7177 43.3263 42.7331 42.285 65.1967 35.6641 34.9288 33.7459 42.1949 38.6953 36.2082
threshold=1.9300000000000818e-08 0.025427499999999954 4.0891120000000007e-05 0.81969629166666669 0.029836870000000005 0.0026478500000000006 -8.3272455333333316e-06 0.0098552795833333016 2.5623500000000006e-05 3.3002900000000009e-05 0.21381724999999999 0.028680226428571404 2.3161127407407409e-05 -1.4118049199999998e-05 3.9293358227387551e-05 0.35073206941666663 1.0539623750000002 0.061012408333333303 0.94587200000000016 0.94587200000000016 -2.9893443333333325e-05 -3.4225430313588844e-05 -2.1155967442499992e-05 1.0896792500000003 -9.8483499999999969e-06 4.0127400000000012e-05 0.99311674621212143 0.012184601145833302 1.0470050000000002 0.021402485000000002
decision_type=8 8 8 10 10 8 10 10 10 8 8 10 10 10 10 10 10 8 10 10 10 10 10 10 10 10 10 10 10 10
left_child=1 2 3 -1 5 17 7 -7 20 10 21 12 13 -12 -9 -15 -17 19 -19 -5 -8 -6 23 -23 -22 -10 28 29 -21 -28
right_child=-2 -3 -4 4 9 6 8 14 25 -11 11 -13 -14 15 -16 16 -18 18 -20 26 24 22 -24 -25 -26 -27 27 -29 -30 -31
leaf_value=0.0050125186707337295 -0.0027729285170717891 -0.010336124038414385 0.066585845707474958 -0.026620628491466809 0.055036042773311714 -0.053662063341279612 -0.040978176942619196 0.06716360927233421 -0.054345625795676866 0.043067692676489695 0.097022855594508142 -0.052132753476960503 -0.063035005203394306 0.062607674910998903 -0.061783501867698098 -0.043355993819566202 0.075665837702391769 0.0040188516866246013 -0.053837239663846952 0.064804068159264053 -0.034601222073183821 -0.023769640565383988 -0.035697934807521398 0.078958883948266764 0.072279952598457223 0.073290821960628874 0.040564578277585583 -0.056067480441534215 -0.052555669407717123 -0.069416849328830729
leaf_weight=3890.2130728885531 4314.6738637713715 464.55769174732268 23.604600995779037 63.97385336458683 15.713020443916319 51.256820052862167 10.115855388343332 27.832525096833706 19.165038228034977 38.842720281332731 32.33870754390955 49.09208232909441 20.114198431372643 38.79624143242836 10.924663767218588 35.869254916906357 12.131386160850523 60.864562772214413 79.798363693058491 57.028117820620537 8.2844604626297933 55.020471081137657 377.79214398190379 21.472371034324169 134.84084006398916 7.4413152486085883 50.478215627372265 22.576334848999977 8.0101255252957326 8.7861335948109609
leaf_count=19910 28009 5034 154 332 79 252 49 160 97 219 154 296 139 195 63 237 55 330 546 277 40 293 2102 108 624 39 250 116 43 53
internal_value=-4.68151e-05 0.00201785 0.00311471 0.00282707 -0.00362076 0.00753943 0.0259125 -0.0172882 0.0475344 -0.0135675 -0.016909 0.00585168 0.0262939 0.0413757 0.0308167 0.0206428 -0.0132751 -0.00656569 -0.028803 0.00826916 0.0590253 -0.0260299 -0.0288338 0.00506737 0.0660934 -0.018648 0.0234656 0.00210071 0.05035 0.0242595
internal_weight=10011.6 5696.94 5232.38 5208.77 1318.56 621.377 269.862 90.014 179.848 697.183 658.34 188.342 139.25 119.136 38.7572 86.7969 48.0006 351.516 140.663 210.853 153.241 469.998 454.285 76.4928 143.125 26.6064 146.879 81.8407 65.0382 59.2643
internal_count=60255 32246 27212 27058 7148 3271 1324 475 849 3877 3658 1076 780 641 223 487 292 1947 876 1071 713 2582 2503 401 664 136 739 419 320 303
is_linear=0
shrinkage=0.05


Tree=86
num_leaves=31
num_cat=0
split_feature=23 52 55 29 0 53 55 8 4 41 5 23 55 23 59 50 29 53 59 29 8 5 41 5 18 23 5 29 18 1
split_gain=23.5751 76.5838 39.815 46.952 96.0073 23.6811 34.3838 32.4954 60.0539 37.6319 39.0511 32.3622 76.5317 53.1042 62.4518 57.6879 57.812 72.0193 48.4819 43.3355 42.9127 36.962 51.1091 66.5564 64.9263 37.0801 35.3557 37.6365 33.3894 32.7881
threshold=1.3200911279788101e-05 0.056729440000000006 0.24961850000000002 0.28470947500000005 -1.4775399999999999e-06 0.59874529874213855 0.79995500000000008 -1.5442399999999996e-05 -2.0061124999999995e-05 0.93141216666666682 -2.0557471666666665e-05 2.3096046654605161e-05 0.0066052450000000018 2.8563870920398652e-05 inf 1.0118050000000001 0.91644129166666677 0.81568850462962972 0.6648356333333334 0.10431725208333327 3.419185000000001e-05 -3.0608167692307688e-05 0.18413740541666668 1.3227161750000001e-05 3.51634925508684e-05 4.2343108765026029e-05 7.1836523833333338e-06 0.88312012500000003 1.830424986334399e-05 -1.0939649999999998e-05
decision_type=8 8 10 10 10 10 10 10 8 10 8 10 8 10 8 10 8 10 8 8 10 10 10 10 10 10 10 10 10 8
left_child=1 -1 3 4 -3 6 -2 8 -7 10 -10 12 26 18 15 16 17 -15 -13 -14 -19 -16 23 -23 -25 -26 27 -9 -24 -21
right_child=5 2 -4 -5 -6 7 -8 11 9 -11 -12 13 19 14 21 -17 -18 20 -20 29 -22 22 28 24 25 -27 -28 -29 -30 -31
leaf_value=0.069139774464117801 -0.001463071238853171 -0.073099868331124335 0.096053078641283596 -0.079254429399420831 0.084545355788059384 -0.015568301490119237 0.057514049445539839 0.064156292815211763 -0.030191070925006693 -0.083002769733359003 0.034707197585066178 0.042560877917183104 0.04572978661670498 0.025077372196306548 0.071430887200830753 -0.062908712713923051 -0.04790667783398786 -0.053407451925533922 -0.025574918061365245 0.005015953977922879 0.095533564091243584 -0.047397751628613968 -0.079427587472211972 0.084113676056365785 -0.066271149606234786 0.058805164729816589 -0.047351376404652472 -0.060555040753696492 0.052625663685112359 -0.060453686592513559
leaf_weight=50.17795978859067 8491.1119051594287 18.443796169012785 7.6521608382463446 24.268578141927719 20.27434941381216 108.04973166435957 24.785219125449657 43.496720097959042 25.084311369806528 7.5656873881816855 305.27421676367521 138.47409022599459 13.763852410018442 147.02299305051565 28.761255860328674 54.698125697672367 64.585177466273308 54.196688517928123 32.173737034201622 23.693062383681536 5.309939593076705 58.731564104557037 5.1528069078922263 27.113050729036331 18.163144245743755 8.7948288172483426 12.419357828795908 7.0271222516894332 67.401652179658413 99.166076272726059
leaf_count=268 51527 112 55 106 95 654 203 220 178 32 1703 701 99 810 160 352 561 354 166 125 23 357 23 121 132 65 57 43 378 575
internal_value=-4.55137e-05 0.0219074 -0.011644 -0.0247279 0.00944939 -0.00031418 -0.00129142 0.00582251 0.0168794 0.0272544 0.0297794 0.000404605 -0.0173862 0.00540117 -0.00228322 -0.0160685 -0.00661838 0.00629314 0.0297146 -0.0384027 -0.040117 0.0186932 0.01051 -0.0105465 0.029481 -0.025466 0.0282316 0.0468108 0.0432473 -0.047828
internal_weight=9992.83 120.817 70.6389 62.9867 38.7181 9872.02 8515.9 1356.12 445.974 337.924 330.359 910.145 199.566 710.579 539.931 325.813 271.115 206.53 170.648 136.623 59.5066 214.118 185.357 112.803 54.071 26.958 62.9432 50.5238 72.5545 122.859
internal_count=60255 636 368 313 207 59619 51730 7889 2567 1913 1881 5322 1119 4203 3336 2100 1748 1187 867 799 377 1236 1076 675 318 197 320 263 401 700
is_linear=0
shrinkage=0.05


Tree=87
num_leaves=31
num_cat=0
split_feature=27 3 3 3 41 40 17 11 29 23 48 3 12 29 11 18 41 58 11 51 29 5 14 17 5 0 29 11 29 23
split_gain=22.1084 23.0016 21.5675 25.5584 35.2725 42.9223 39.2006 36.0509 32.734 33.0899 34.694 25.9971 38.6918 46.9833 36.2918 31.3787 30.4187 38.0571 31.8193 31.1732 30.7142 29.0207 28.8559 28.4218 78.2553 79.9273 64.652 56.7163 58.313 75.5331
threshold=inf -7.5277099999999998e-06 6.9900850000000009e-06 1.1199499999999995e-06 0.0019281404166666004 0.038572205000000005 -1.4964199999999996e-05 3.7786355833333339e-05 0.23220441666666661 2.8445101372041986e-05 0.52492700000000003 -8.3714999999999915e-07 -1.9147849999999997e-05 0.60615182500000009 1.0214828800833335e-05 4.8436325707237685e-05 0.095511439583333316 0.013475035499999901 3.7786355833333339e-05 -0.0026932499999999999 0.60615182500000009 2.0720016666666672e-05 -4.8221799999999988e-06 1.4398978166666669e-05 -2.1222446121121115e-05 3.1880600000000008e-05 1.1003037500000004 2.2118814166666673e-06 0.51090959523809543 3.9914346908924754e-05
decision_type=8 8 10 10 8 8 8 8 10 10 10 8 8 10 10 10 8 10 8 10 10 10 10 8 10 8 10 8 8 8
left_child=-1 -2 3 11 -5 6 -6 -7 -8 -10 -11 12 13 14 -3 -16 17 -14 -18 -19 -21 -15 -22 24 26 -26 27 -13 29 -29
right_child=1 2 -4 4 5 7 8 -9 9 10 -12 23 16 21 15 -17 18 19 -20 20 22 -23 -24 -25 25 -27 -28 28 -30 -31
leaf_value=-0.051283587089787745 0.051881946724350626 0.05322988485598177 0.04856470311925179 -0.030346516169967315 -0.02969379351370463 -0.014301431880734714 -0.014959392576343059 0.095419764827791825 0.00066480119547224063 0.070623834990567888 -0.020681728996193569 -0.033848166941164132 -0.0091125616828160259 0.0060454977942227209 -0.035502149531390005 0.060254225251181764 -0.019585003962552475 -0.012750131589290831 0.052116654149771229 0.0038697917644103653 0.017783933966337945 -0.054028379282540777 0.093013568950067627 0.0062391515474830217 0.0041025488154667073 -0.019812064554181639 0.050048112846082883 -0.0078338747715196271 -0.019714826984780335 0.065043498019416932
leaf_weight=21.007051266729832 21.370409410446882 80.977993596345186 22.764623273164034 153.28954891860485 37.888373035937548 424.28330974467099 35.83759306371212 7.6208956465125075 37.732346341013908 70.563825570046902 12.203241556882857 322.54718448966742 367.46868139877915 62.025313008576632 27.037283815443516 12.515738882124422 563.73609230108559 43.499049887061119 15.909590717405079 37.138584092259407 21.153281643986702 29.744560245424509 32.073917575180531 2371.0179468300194 4286.1440223567188 380.39677212387323 36.638761147856712 98.166248582303524 281.50974912941456 55.743811432272196
leaf_count=1877 141 414 146 869 234 3051 200 80 185 337 70 1850 1948 353 160 64 3984 241 125 185 112 234 141 14134 22309 2300 193 481 3480 357
internal_value=-4.37051e-05 6.44866e-05 -4.70567e-05 -0.000158782 -0.00884947 -0.00358655 0.0159353 -0.0123654 0.0269935 0.0394706 0.0571617 0.000583504 -0.005984 0.0135309 0.0340551 -0.00520202 -0.00981666 -0.000797838 -0.017617 0.0220267 0.0387671 -0.0134257 0.0631162 0.00166796 -0.000316678 0.00215313 -0.0148213 -0.017957 -0.00618522 0.0185612
internal_weight=9970.01 9949 9927.63 9904.86 779.419 626.13 194.225 431.904 156.337 120.499 82.7671 9125.44 1293.28 212.301 120.531 39.553 1080.98 501.334 579.646 133.865 90.3658 91.7699 53.2272 7832.16 5461.15 4666.54 794.606 757.967 435.42 153.91
internal_count=60255 58378 58237 58091 5026 4157 1026 3131 792 592 407 53065 7961 1225 638 224 6736 2627 4109 679 438 587 253 45104 30970 24609 6361 6168 4318 838
is_linear=0
shrinkage=0.05


Tree=88
num_leaves=31
num_cat=0
split_feature=20 59 5 58 41 5 54 5 48 13 29 16 29 50 23 41 28 53 40 17 23 12 59 5 40 10 29 17 28 29
split_gain=22.1951 22.0145 52.0805 55.5216 99.509 95.5081 83.1823 80.2701 86.7994 83.5962 84.9622 75.6963 68.2727 77.8644 64.6476 62.1635 61.7089 72.8435 66.1311 61.23 58.425 68.1847 55.0686 54.4202 53.3424 67.0834 59.7526 82.3061 84.9591 76.3949
threshold=1.0000000180025095e-35 0.044195734250000007 4.0891120000000007e-05 0.0052841815000000012 0.070501905416666663 -2.5245721689999997e-05 0.017174350000000001 -2.0216682101063827e-05 0.049732400000000003 4.5971400000000007e-06 0.044687414583333307 3.6251100000000003e-05 1.1983662500000001 0.26230600000000009 2.3710650911144813e-05 0.98080891666666681 1.1116639000000001 0.5587878833333334 1.0000000180025095e-35 -3.4116009166666663e-05 2.678947895542062e-05 -4.7805399999999996e-06 1.0000000180025095e-35 -1.5063014674166665e-05 0.99140880000000009 -1.0096817999999999e-05 1.002909166666667 -1.9143227222222218e-05 0.90482865000000012 0.34139225000000001
decision_type=8 8 8 8 8 10 10 10 10 8 10 10 8 8 10 8 10 10 10 10 10 10 10 10 8 10 10 10 10 10
left_child=-1 2 3 12 7 6 -6 -5 9 20 -11 19 15 22 -10 24 17 -16 -19 -7 21 -9 -14 -22 26 -26 27 28 -2 -29
right_child=1 -3 -4 4 5 11 -8 8 14 10 -12 -13 13 -15 16 -17 -18 18 -20 -21 23 -23 -24 -25 25 -27 -28 29 -30 -31
leaf_value=0.058007699480752774 0.035297613488372577 0.0017602524632741709 0.092019345804213351 -0.052440781022979444 -0.036070551233787655 0.067908038234716861 0.089285727776441282 0.076835716993731817 -0.059007577909850055 -0.061148506081920961 0.083561215058124638 0.11239028693084162 0.058459001169809816 -0.011332965592889195 -0.041236924049628643 -0.065054506999933773 0.084831567923030218 -0.011450831552488161 0.076648392603742579 -0.04298691016874559 0.084964034748859177 -0.024403867646264416 -0.063340988473814488 -0.062825517507019465 -0.024894934410472042 0.072537676705710916 -0.024593709154481377 -0.016366752666098914 -0.053944285354479496 0.0040091181318948994
leaf_weight=16.438475418835878 248.2904604524374 6016.9258290557191 14.351408064365385 60.022884257137775 23.772884786128998 12.822376772761343 29.850421085953712 38.568492919206619 54.8736302703619 11.498591147363184 86.042794115841389 8.3316752761602384 128.91945289075375 83.807010594755411 81.88473067432642 38.627984657883644 20.367202803492546 52.617599315941334 35.789745405316353 425.70109394751489 7.3989580273628226 29.240005120635033 9.9998485296964628 39.389927487820387 26.778653979301453 51.916517600417137 271.30190263688564 718.30136743187904 29.878660723567009 1279.3128989227116
leaf_count=210 1240 38090 71 392 163 67 157 167 296 83 395 34 614 513 478 244 93 282 170 2897 32 136 67 231 165 249 1813 3911 196 6799
internal_value=-4.32263e-05 -0.000139262 -0.00305514 -0.00340452 -0.0134437 -0.0293414 0.0337114 0.00192537 0.0090554 0.0324813 0.0665022 -0.0369078 0.000135865 0.0267293 -0.0111844 -0.00208717 0.00257957 -0.0072579 0.0242142 -0.0397444 0.00352383 0.0331797 0.0496915 -0.0394548 -0.00116085 0.039383 -0.0024135 0.000230661 0.025712 -0.00331763
internal_weight=9953.02 9936.59 3919.66 3905.31 1018.17 500.478 53.6233 517.695 457.672 212.139 97.5414 446.855 2887.13 222.726 245.533 2664.41 190.659 170.292 88.4073 438.523 114.597 67.8085 138.919 46.7889 2625.78 78.6952 2547.09 2275.78 278.169 1997.61
internal_count=60255 60045 21955 21884 6073 3318 320 2755 2363 1044 478 2998 15811 1194 1319 14617 1023 930 452 2964 566 303 681 263 14373 414 13959 12146 1436 10710
is_linear=0
shrinkage=0.05


Tree=89
num_leaves=31
num_cat=0
split_feature=23 52 55 29 0 17 5 0 28 41 17 41 28 50 55 59 29 58 12 23 29 51 28 41 14 53 59 53 41 11
split_gain=21.3237 70.7511 36.4491 42.9234 88.7613 22.5798 80.5033 94.1848 128.365 123.083 110.473 151.752 106.033 95.4949 73.2121 69.2916 80.4108 74.2822 67.4534 76.1948 108.393 90.9526 86.5534 123.218 112.06 79.2342 92.7714 72.2378 67.1136 86.4262
threshold=1.3200911279788101e-05 0.056729440000000006 0.24961850000000002 0.28470947500000005 -1.4775399999999999e-06 1.6691314552845532e-05 -1.5868868053030299e-05 -1.4775399999999999e-06 0.071411225000000009 0.20864315958333332 2.0719152925000001e-05 0.78503420833333348 1.0000000180025095e-35 0.45188150000000005 0.01453195 0.11210210333333326 0.44033636904761908 0.015588919999999952 5.2718450000000015e-06 3.2667104388183221e-05 0.8923032500000001 0.018798999999999955 0.20906732999999997 0.47988586651960791 1.3804000000000002e-05 0.073305608749999959 0.012594334000000002 0.048807961666666656 0.7511802500000001 -1.98162982470339e-05
decision_type=8 8 10 10 10 10 8 10 8 8 10 10 10 8 8 10 10 10 8 10 10 10 8 10 8 8 10 8 10 10
left_child=1 -1 3 4 -3 18 -7 8 9 14 -10 -12 13 -9 -8 17 -17 -14 28 20 22 25 24 -24 -20 26 -22 -26 -2 -30
right_child=5 2 -4 -5 -6 6 7 12 10 -11 11 -13 15 -15 -16 16 -18 -19 19 -21 21 -23 23 -25 27 -27 -28 -29 29 -31
leaf_value=0.067213710814902516 -7.619775060387356e-05 -0.07142119927172455 0.092739474706516334 -0.076731960773331678 0.081955621405891688 0.01770904490873448 -0.057078232848063321 -0.052205192427443176 0.013145459395918394 -0.038338942955336623 -0.053436392908856059 0.10820053296765281 0.014271644669362041 0.0061355467786276558 0.080571828455177338 0.041635240114885994 -0.064830137276249353 0.073055292298006488 0.033962227736704174 -0.025016595549166961 0.078649051874444029 0.14752954327209322 -0.010391015773814656 -0.065965394979129829 0.029397150006392394 -0.0097153766473593566 -0.019432733661529849 -0.061971260193448369 -0.047235494636120888 0.03648537259791014
leaf_weight=48.760070439428091 5051.9962061559781 17.99184026196599 7.485204402357339 23.786377683281898 19.828900262713432 734.95600366964936 11.178462542593477 130.93154888600111 103.68009013216943 48.822362350299954 315.69833485968411 15.221003338694571 790.5668002422899 151.07385721243918 71.105632975697517 26.288495346903801 54.509593904018402 57.661449510604143 206.91088391467929 569.98817954212427 79.322737701237202 14.672743424773214 739.31137166544795 115.29270853940398 32.616616168990731 117.18621891736984 34.635966524481773 64.238734330050647 35.48401752114296 234.83153265714645
leaf_count=268 28544 112 55 106 95 4025 76 798 688 304 2346 63 4390 1178 354 143 309 306 1066 3618 368 77 6037 798 182 717 200 1592 166 1274
internal_value=-4.37718e-05 0.0210979 -0.0114472 -0.0241057 0.00899218 -0.000297804 0.00379112 -0.00196609 -0.0188095 0.0245546 -0.0318913 -0.0460017 0.00590194 -0.0209513 0.0618718 0.0140532 -0.0301905 0.0182677 -0.00170535 -0.0095989 -0.00334054 0.0268156 -0.00973997 -0.0178884 0.0131846 0.0191528 0.0488386 -0.0312024 0.00122256 0.0254954
internal_weight=9926.03 117.852 69.0923 61.6071 37.8207 9808.18 2511.69 1776.74 565.706 131.106 434.599 330.919 1211.03 282.005 82.2841 929.026 80.7981 848.228 7296.49 1974.18 1404.19 245.818 1158.37 854.604 303.766 231.145 113.959 96.8554 5322.31 270.316
internal_count=60255 636 368 313 207 59619 14980 10955 3831 734 3097 2409 7124 1976 430 5148 452 4696 44639 14655 11037 1362 9675 6835 2840 1285 568 1774 29984 1440
is_linear=0
shrinkage=0.05


Tree=90
num_leaves=31
num_cat=0
split_feature=53 17 0 41 7 5 12 29 23 11 29 17 11 17 41 29 22 5 28 11 0 52 48 12 23 53 48 40 29 11
split_gain=21.0396 44.0942 32.7837 35.2541 26.7187 24.8163 22.3243 99.7642 76.4333 83.3149 78.5412 80.1674 108.287 75.9402 95.2754 75.1167 70.6209 77.0382 66.4488 85.8698 70.1518 63.4921 56.4458 56.1915 105.157 111.316 111.729 89.6538 97.0092 68.1901
threshold=0.96163372500000022 -2.2808174999999998e-05 7.4256950000000012e-06 0.65976754166666673 -2.4382799999999996e-05 -2.1572227083333333e-07 -2.1214599999999995e-05 1.0713716590909093 3.3437866615855038e-05 7.8561779416666681e-06 0.39130175000000006 -2.7056049166666662e-05 2.207474916666667e-05 -1.6493681982881351e-05 0.66572520833333348 0.87878545833333344 5.0710907803374127e-05 1.7002243791666669e-06 0.46806745000000005 1.9312084583333336e-05 1.4591500000000003e-05 0.42995945000000008 0.1090445 -9.1518449999999974e-06 2.3239972855121771e-05 0.22402300295454547 0.54995300000000014 0.039858600000000001 0.78641879166666684 3.091237416666667e-05
decision_type=10 10 10 10 8 10 8 10 10 10 8 10 10 8 10 10 10 10 10 8 8 8 10 8 8 8 10 8 8 10
left_child=6 5 3 -3 -4 -2 7 8 9 21 11 16 -13 14 18 -11 17 -10 19 -8 -21 -1 -19 24 25 -15 -27 28 -26 -29
right_child=1 2 4 -5 -6 -7 13 -9 10 15 -12 12 -14 23 -16 -17 -18 22 -20 20 -22 -23 -24 -25 27 26 -28 29 -30 -31
leaf_value=0.062270565754214885 -0.059273939468171867 0.045236298889866203 0.080809343468134953 -0.035216653016836449 -0.053518615203518916 0.071725295375996034 -0.051577486961122798 -0.047218577747369893 -0.056952628964436071 -0.058981404825627463 -0.0127748659748445 0.074190438217245094 -0.07489027982754036 0.049896927395229246 0.0388570378026298 0.076845454130842678 0.091423616539132474 -0.017687502727942169 -0.0074995135639461799 0.096853159376041123 -0.030666086648670765 0.014892093486374172 0.076844243538969265 -0.0015174160969385938 0.035046343327786909 -0.047230578689505948 0.059573061932643723 -0.023023847309391308 -0.022092173499114139 0.067553515679092985
leaf_weight=156.30635530501604 24.825011901557449 121.05649799481034 4.5906864851713181 15.342218980193136 19.120329812169079 4.2314917445182791 253.76233422569931 80.25151875987649 58.642852388322353 42.069470511749387 407.3821656210348 94.91302275005728 13.97417278587818 262.82805773615837 68.192877441644669 13.428010411560534 17.675461411476135 37.466385647654533 316.89830647408962 18.895909905433655 25.126693103462458 129.13149565272033 27.295809902250767 6855.9853796251118 244.19571298733354 70.8923659324646 37.407922029495239 347.83100683614612 106.76026832312346 22.099022559821606
leaf_count=816 197 679 20 94 121 20 1548 645 362 247 2517 456 66 1351 335 64 80 198 1775 84 398 1158 141 42360 1231 351 194 2079 555 113
internal_value=-4.50138e-05 0.0164699 0.0267537 0.0361869 -0.0275114 -0.0401966 -0.00036677 0.00641546 0.0107271 0.0299379 0.000763346 0.0228271 0.055058 -0.0012143 -0.0172149 -0.0261171 -0.00204898 -0.0154372 -0.0234355 -0.0403944 0.0240693 0.0408366 0.0221555 0.000160444 0.0106945 0.0323191 -0.0103396 -0.000438267 0.0176649 -0.0176129
internal_weight=9898.58 189.166 160.11 136.399 23.711 29.0565 9709.41 1078.54 998.285 340.935 657.35 249.968 108.887 8630.88 682.876 55.4975 141.081 123.405 614.683 297.785 44.0226 285.438 64.7622 7948 1092.01 371.128 108.3 720.886 350.956 369.93
internal_count=60255 1131 914 773 141 217 59124 6750 6105 2285 3820 1303 522 52374 4140 311 781 701 3805 2030 482 1974 339 48234 5874 1896 545 3978 1786 2192
is_linear=0
shrinkage=0.05


Tree=91
num_leaves=31
num_cat=0
split_feature=59 8 53 59 41 58 41 29 50 53 41 17 17 29 55 23 8 19 41 23 17 10 23 10 19 50 40 12 59 16
split_gain=20.8995 46.5877 58.2 73.7614 60.3746 43.6379 89.2843 66.2261 65.4932 62.6207 58.0011 56.1657 59.5857 61.0487 60.6124 66.2697 53.3971 65.9668 79.7505 54.9553 52.7678 52.1182 52.0482 52.0154 57.8252 90.2132 96.9952 66.6117 50.5625 49.0796
threshold=0.044195734250000007 3.1309950000000007e-05 0.013947434583333302 0.351764835483871 0.33929861666666666 0.0052841815000000012 0.44358149641666667 1.1983662500000001 0.26230600000000009 0.93950863333333345 0.98080891666666681 -3.2860410833333323e-05 -1.6493681982881351e-05 1.1739122727272731 0.017174350000000001 1.989776006051892e-05 -3.3421049999999994e-05 4.4191989475464906e-05 0.026141666666666653 4.7052934787069694e-05 3.9466865000000011e-05 9.2687815000000012e-06 3.4934134149455082e-05 -4.4630444999999988e-05 4.9046905371688384e-05 0.08744310000000001 0.48000225000000002 4.0724700000000007e-05 0.0015852551666666501 -3.0557435999999996e-06
decision_type=8 10 8 10 10 8 8 8 8 10 8 10 10 10 8 10 10 10 10 10 10 8 10 10 10 8 10 10 10 10
left_child=5 -2 4 -4 -3 7 9 10 -9 11 23 -7 -13 14 29 -16 -17 18 22 -19 -8 -10 -18 -1 27 -26 28 -25 -27 -14
right_child=1 2 3 -5 -6 6 20 8 21 -11 -12 12 13 -15 15 16 17 19 -20 -21 -22 -23 -24 24 25 26 -28 -29 -30 -31
leaf_value=0.095119596733811651 0.00084385096419304067 -0.045405756712829329 0.045617344561609374 -0.056956494848115186 0.055738131283916463 0.07155888959782801 -0.043911299646028024 0.04793376136998781 -0.048020953957065016 0.067103530900457814 -0.064104789630143058 -0.0462735558208262 0.014025347816714712 0.063574624886427192 -0.05083379704510143 -0.052274054541078363 0.047156334216709318 0.080779996876282428 -0.02962706799165157 -0.059167136829292283 0.10482744419409329 0.02939161093756236 -0.035682497070645629 -0.00015476428087360448 -0.050720572527650977 -0.027264233926234855 0.11961183027232469 0.078156586557656532 0.089048487259881695 -0.038123157418041967
leaf_weight=13.974400922656057 5712.8640962610953 51.676274478435516 182.24846429377794 19.391353338956833 20.649984300136566 22.230724066495895 216.36750393919647 136.77723693847656 41.563192047178745 29.84603151679039 37.030710890889168 94.033004682511091 58.864224977791309 32.082172848284245 44.65819089114666 27.448348365724087 105.77566904574633 58.980875082314014 87.111582562327385 7.9618497118353835 6.1319371461868277 45.592425350099802 23.103308312594891 2335.323872461915 140.43674099445343 68.158671230077744 17.230719178915024 27.47390978038311 10.827953092753885 193.21844226121902
leaf_count=63 36535 279 1183 125 101 112 1551 681 274 157 244 737 303 164 237 171 496 276 520 64 25 263 133 12762 948 410 84 120 47 1190
internal_value=-4.31099e-05 0.00180974 0.021951 0.035753 -0.016528 -0.00290043 -0.011853 0.000238485 0.0263489 -0.00393141 -0.00196754 -0.00673776 -0.00911161 -0.00364474 -0.00719681 0.00611526 0.0143092 0.0207687 0.00732786 0.0641353 -0.0398122 -0.00752527 0.0323063 -0.00108709 -0.00160429 -0.025168 0.0121279 0.000755817 -0.0113194 -0.0259459
internal_weight=9869.03 5986.83 273.966 201.64 72.3263 3882.2 1007.81 2874.39 223.933 785.314 2650.46 755.468 733.238 639.205 607.122 355.04 310.382 282.933 215.991 66.9427 222.499 87.1556 128.879 2613.43 2599.45 236.654 96.2173 2362.8 78.9866 252.083
internal_count=60255 38223 1688 1308 380 22032 6136 15896 1218 4560 14678 4403 4291 3554 3390 1897 1660 1489 1149 340 1576 537 629 14434 14371 1489 541 12882 457 1493
is_linear=0
shrinkage=0.05


Tree=92
num_leaves=31
num_cat=0
split_feature=20 27 3 11 54 13 23 11 5 58 53 49 23 51 11 57 28 16 40 23 28 22 49 28 14 48 16 12 12 53
split_gain=20.5609 20.1037 19.8514 31.4154 92.5732 56.7652 105.685 94.7993 91.2141 73.8889 69.077 126.141 65.1808 65.299 93.3898 58.9429 66.5349 65.4356 55.7518 54.1956 52.0842 79.7475 56.4806 45.3542 123.335 104.692 95.6308 87.1032 85.9811 85.717
threshold=1.0000000180025095e-35 inf 4.2554999999999973e-07 -1.1924190222222219e-05 0.14182650000000005 -7.1165549999999992e-06 2.2920111903837275e-05 2.6627315761904767e-06 -1.4228487499999999e-05 0.24504301666666667 0.22402300295454547 0.54680400000000018 5.6411478390026993e-05 0.0054017999999999506 1.4258422872126438e-05 -0.0026423999999999996 1.1328200000000004 -2.5214721999999994e-06 0.066923700000000017 2.3710650911144813e-05 0.041175400000000008 2.5593234372925676e-05 0.15513150000000001 0.58275825000000014 3.0411950000000003e-05 0.58823400000000003 -7.6438464999999984e-06 2.5623500000000006e-05 -1.8659249999999999e-05 0.0013883574999999503
decision_type=8 8 10 8 10 10 8 10 8 10 8 10 10 8 10 8 8 10 10 10 10 10 10 8 10 8 8 10 10 8
left_child=-1 -2 3 4 23 6 10 -7 9 12 -5 -12 13 19 -15 -10 -17 -18 -6 -9 -20 22 -22 25 26 27 29 28 -3 -25
right_child=1 2 -4 5 18 7 -8 8 15 -11 11 -13 -14 14 -16 16 17 -19 20 -21 21 -23 -24 24 -26 -27 -28 -29 -30 -31
leaf_value=0.057382029966618092 -0.051223268091836784 0.02867676058762321 -0.0039734227505991947 0.044892561162002402 0.054209011661498052 -0.015818412387616197 0.00019348006412767994 -0.019226474497290206 0.027915834495748238 -0.051066147876763751 -0.051800528625497833 0.062047485339081825 -0.058181474598362697 0.046297094833078867 -0.04278886600256554 -0.0038923362265349671 0.033964922907748066 -0.059420557421544909 0.072949938371506567 0.047963763373361508 0.086696374431957976 -0.038281994382743684 -0.03806286848263804 0.033778474616742063 -0.052527798522239801 0.022445440904477011 0.027158976588484037 0.020283695801938107 -0.027905906953910892 -0.023797530751971455
leaf_weight=15.562594642862676 19.218422514852136 75.799068622291088 2412.2086873464286 249.95100127533078 146.74276171252131 1233.8875423036516 1433.8682901673019 33.427212297916412 129.90882272273302 33.869700327515602 58.278153285384178 41.767282828688622 22.213344611227512 54.032851530238986 64.578946575522423 1280.2240268122405 23.008227027952671 101.55595245212317 26.519244827330112 293.72633609175682 29.727292373776436 68.92197435721755 13.056109815835951 91.148907333612442 72.557848654687405 267.78551495447755 586.1920827422291 154.13445198908448 587.66642468422651 222.29916936717927
leaf_count=210 1874 353 14163 1303 793 8556 9219 159 675 160 294 213 127 358 509 6906 127 874 142 1465 123 386 77 477 497 1788 3203 859 2955 1410
internal_value=-4.37544e-05 -0.000134685 -3.45899e-05 0.00124991 0.00603626 -0.000968445 0.00620623 -0.00488189 0.00174425 0.0202488 0.0308393 -0.0042709 0.0254102 0.0295757 -0.00220632 -0.00430677 -0.00728658 -0.0421713 0.0327447 0.0410985 0.00995772 -0.00499685 0.0486239 0.00233724 0.0101808 -0.00468839 0.0152384 -0.0135754 -0.0214415 -0.00705476
internal_weight=9843.84 9828.28 9809.06 7396.85 2342.55 5054.3 1783.86 3270.43 2036.55 501.848 349.996 100.045 467.979 445.765 118.612 1534.7 1404.79 124.564 284.967 327.154 138.225 111.705 42.7834 2057.58 972.198 1085.39 899.64 817.6 663.465 313.448
internal_count=60255 60045 58171 44008 13063 30945 11029 19916 11360 2778 1810 507 2618 2491 867 8582 7907 1001 1521 1624 728 586 200 11542 5587 5955 5090 4167 3308 1887
is_linear=0
shrinkage=0.05


Tree=93
num_leaves=31
num_cat=0
split_feature=57 8 41 53 23 49 41 29 2 29 29 11 40 6 53 29 52 29 48 40 4 2 3 12 23 12 58 29 41 23
split_gain=20.2357 77.9505 130.304 110.471 113.868 72.342 70.2234 49.4135 58.1204 50.8177 44.3219 43.9065 40.9164 38.6076 36.0533 32.3226 32.6529 31.218 28.8875 34.4909 28.3229 26.6477 25.4498 35.0785 36.3416 141.791 53.1013 97.5135 73.7118 84.2429
threshold=0.0026478500000000006 -9.2534099999999975e-06 0.033234159583333304 0.090983382499999974 3.7874620919713978e-05 0.63417400000000013 0.0019281404166666004 0.23220441666666661 -9.7853449999999974e-06 0.81969629166666669 0.40664170000000005 -7.027827952380951e-06 0.33144925000000008 2.8736500000000002e-05 0.56614430000000004 0.50575785517241389 0.23681965000000002 0.21637677083333337 0.020154850000000005 0.41854160000000007 1.2881490500000003e-06 -3.0662149999999996e-05 4.2554999999999973e-07 inf 2.2920111903837275e-05 -1.4514149999999999e-05 0.037790755000000009 0.10897304791666666 0.0064311666666666007 1.8083890103792348e-05
decision_type=10 10 10 8 10 10 8 10 10 10 10 10 10 10 10 8 8 10 10 8 10 10 8 8 10 10 8 10 8 10
left_child=22 3 11 6 -5 7 -2 -4 9 12 17 15 -9 18 -13 -3 -17 -8 19 -10 -16 -7 23 24 25 -1 27 -27 29 -29
right_child=1 2 5 4 -6 21 10 8 13 -11 -12 14 -14 -15 20 16 -18 -19 -20 -21 -22 -23 -24 -25 -26 26 -28 28 -30 -31
leaf_value=0.059591180113588674 0.074279252330193016 -0.053475914958413674 -0.032541422400697427 0.079881007960610401 -0.0098924310487741272 0.062116132842716568 -0.017851615487032645 0.12642451803913332 0.073523081711996729 -0.035423528933590819 -0.052217581669225424 -0.053524306040441283 0.053840025933904467 0.089481808541054864 0.038926386212657905 0.084845192972569483 -0.033905009231188547 0.06856408921777922 -0.031039407323091125 -0.068428474802410544 -0.06517647621745605 -0.061164612359479009 -0.0049741272914765539 -0.054016725562267956 -0.00069480196946805801 0.02894787670085875 0.011898877721403536 0.06530674346377692 -0.039960252225055962 -0.020549894043194874
leaf_weight=123.52039716020226 21.769773229956627 11.709396854043005 24.790653832256794 121.75026214681566 49.757748708128929 5.1031502932310095 29.246384792029858 32.841850861907005 17.62410090863705 10.111268717795609 60.806368738412857 149.08687886968255 47.492187857627869 12.976430878043173 20.824988629668955 17.845885142683986 8.5682348161935789 16.262299537658691 39.885011378675699 5.651401959359645 9.5205612629652006 31.077771812677383 2511.194058698602 28.903140119276941 5205.0620143394917 122.51159235835075 722.92377267032862 42.200770936906338 226.99427679926157 88.462114803493023
leaf_count=642 101 93 147 604 328 29 182 145 77 65 328 835 218 58 138 97 56 70 251 31 57 196 19054 632 29393 640 3855 252 1254 427
internal_value=-4.31795e-05 0.00788013 -0.00539137 0.0275978 0.053836 0.0210607 -0.00753567 0.0333187 0.04312 0.0702172 -0.0242886 -0.033059 0.0835137 0.0109304 -0.0434127 0.0156717 0.0463249 0.0130286 -0.00520809 0.0390566 0.00626533 -0.0437764 -0.000693604 0.000944852 0.00118806 0.00857561 0.00333789 -0.00955121 -0.0227386 0.0071796
internal_weight=9816.47 744.703 445.11 299.593 171.508 227.554 128.085 191.373 166.582 90.4453 106.315 217.556 80.334 76.1369 179.432 38.1235 26.4141 45.5087 63.1605 23.2755 30.3455 36.1809 9071.77 6560.58 6531.67 1326.61 1203.09 480.169 357.657 130.663
internal_count=60255 4106 2493 1613 932 1217 681 992 845 428 580 1276 363 417 1030 246 153 252 359 108 195 225 56149 37095 36463 7070 6428 2573 1933 679
is_linear=0
shrinkage=0.05


Tree=94
num_leaves=31
num_cat=0
split_feature=17 5 17 1 48 11 56 53 10 53 40 12 17 12 4 41 48 11 41 11 5 57 52 10 5 17 17 53 54 10
split_gain=19.2901 72.8918 84.1516 129.225 124.477 103.998 98.7346 78.6971 74.7979 69.6383 62.7188 59.5756 55.7567 54.8751 81.1753 74.9 68.2046 64.9232 53.0199 77.1483 55.5648 83.0007 74.3287 63.5146 73.5821 62.6865 52.7499 81.7572 82.2697 70.5963
threshold=1.6691314552845532e-05 -2.408836068181818e-05 2.6943006666666669e-05 1.6249900000000005e-05 0.033595450000000006 -1.2983462286821703e-05 0.0066052450000000018 0.00076135566666665007 -8.5919339999999978e-06 0.019105984999999954 0.39378150000000006 2.1405150000000003e-05 2.5827678333333336e-05 5.0671700000000008e-06 3.2321705000000006e-05 0.47988586651960791 1.1488300000000002 -3.1481894583333327e-05 0.85733145833333346 -1.2775584888888887e-05 -1.2095915038461535e-05 0.0026624999999999006 0.029836870000000005 1.7791480000000003e-05 -2.5679945416666661e-05 -3.4116009166666663e-05 -8.5405305378787856e-06 0.047604344833333305 0.0092474050000000019 -3.4829894999999996e-05
decision_type=10 8 10 10 10 8 10 8 10 8 10 10 10 8 10 10 8 10 10 10 10 10 8 8 10 10 10 8 10 10
left_child=13 -2 5 9 7 10 -6 -5 12 -4 -3 -12 -7 18 15 17 -17 -15 20 -20 21 23 -23 25 -25 -1 -27 28 -28 -29
right_child=1 2 3 4 6 8 -8 -9 -10 -11 11 -13 -14 14 -16 16 -18 -19 19 -21 -22 22 -24 24 -26 26 27 29 -30 -31
leaf_value=0.04203482075148704 0.022096946629428769 0.042068044205126748 -0.056352116372873455 0.039227110669524598 0.053005142932616135 -0.040322506925327802 -0.045265420831212794 -0.047905703858541621 0.0074831459047172829 -0.016038377197516957 -0.059506194510570355 0.041352279455220436 0.030315350348736548 -0.039558969176517952 -0.053520398020100196 -0.039969877106585693 0.042009549629744285 0.00040489148026187421 -0.043149460020342367 0.063710876338404887 0.0037513449670383186 -0.0093572125213867187 0.064392119438640788 -0.011060681982509873 0.039525130688700803 -0.031622135804085176 0.043923842007037132 0.048478445627234405 -0.034776884333630076 -0.039240569232018685
leaf_weight=40.660166662186384 445.09656380861998 276.7779397694394 145.22512043081224 35.362891975790262 167.64486239105463 160.65949760004878 30.158178362995386 96.985159860923886 622.5980023490265 408.29272782802582 32.886789496988058 26.390813607722521 33.815862553194165 108.74835861753672 94.805180866736919 232.5319789648056 28.4786301930435 1551.7148729693145 22.084843344986439 71.80707735195756 3835.6923052370548 65.766695640981197 71.100898057222366 195.75243606511503 113.60948479082435 521.72035757824779 110.29806607216597 26.379202909767628 47.509831286966801 175.77050508465618
leaf_count=225 2442 1416 974 214 874 1119 201 683 3699 2818 214 147 179 3038 741 1418 375 9499 115 360 20809 345 390 2288 641 3129 522 164 242 974
internal_value=-4.20889e-05 0.00376685 -0.000238777 -0.0118485 0.0129091 0.00865801 0.0380223 -0.0246241 -0.000971837 -0.0266154 0.0320717 -0.0146033 -0.0280398 -0.00133452 -0.0083548 -0.00612634 -0.0310252 -0.00221245 0.00133714 0.0385757 0.000665304 -0.00798396 0.0289546 -0.0120886 0.00751636 -0.0186643 -0.0214636 -0.0067398 0.0202301 -0.0277938
internal_weight=9796.33 2481.89 2036.8 883.669 330.151 1153.13 197.803 132.348 817.073 553.518 336.056 59.2776 194.475 7314.43 2016.28 1921.47 261.011 1660.46 5298.15 93.8919 5204.26 1368.57 136.868 1231.7 309.362 922.338 881.678 359.958 157.808 202.15
internal_count=60255 14980 12538 5764 1972 6774 1075 897 4997 3792 1777 361 1298 45275 15071 14330 1793 12537 30204 475 29729 8920 735 8185 2929 5256 5031 1902 764 1138
is_linear=0
shrinkage=0.05


Tree=95
num_leaves=31
num_cat=0
split_feature=20 27 59 5 58 17 17 23 58 40 23 40 14 53 0 40 8 29 53 49 23 8 29 40 14 6 53 17 53 40
split_gain=19.2388 18.4052 19.3046 49.101 42.3201 68.972 87.2813 80.5946 60.4843 73.7183 101.486 91.0853 68.9341 63.9411 58.2492 57.0755 72.2234 55.4229 86.5357 110.1 94.4215 84.3756 68.0019 75.5239 69.5945 66.9666 62.7234 58.4261 82.7662 50.4281
threshold=1.0000000180025095e-35 inf 0.058718105083333305 4.0891120000000007e-05 0.0055484030000000012 -3.2860410833333323e-05 -1.6227576499999996e-05 1.989776006051892e-05 0.047841175000000007 0.07334060000000002 3.9108735891272722e-05 0.038572205000000005 3.6693600000000004e-05 0.00044785516666665009 -3.3278399999999996e-05 1.0000000180025095e-35 1.5532800000000005e-05 0.91644129166666677 0.0092796454999999525 0.42222100000000007 2.0933906549701844e-05 2.1232100000000003e-05 0.34139225000000001 0.65413850000000018 -1.2152699999999998e-05 -5.2688649999999997e-06 1.0000000180025095e-35 -1.8610668339285712e-05 0.51694650250000007 0.030854925000000002
decision_type=8 8 8 8 8 10 10 10 10 10 10 10 10 10 10 8 10 10 10 10 10 10 8 10 10 10 10 10 10 8
left_child=-1 -2 3 4 17 -6 -7 -8 9 10 13 -12 -11 -9 -10 16 -15 22 20 -20 -19 -22 24 -24 -3 26 -25 -21 29 -29
right_child=1 2 -4 -5 5 6 7 8 14 12 11 -13 -14 15 -16 -17 -18 18 19 27 21 -23 23 25 -26 -27 -28 28 -30 -31
leaf_value=0.056856359191473284 -0.051145762608411249 0.020532173283848255 0.0018124984464427847 0.082398593534116854 0.065167885415064034 -0.047492415094079643 -0.046594992336063498 -0.061209536810849112 0.12219906035411586 -0.036777179592671183 -0.051483254072285684 0.057008463646389111 0.10147056883475108 0.029079936286504522 0.017682182366392352 0.056021008476818915 -0.046597322178376567 0.087753469487866179 -0.051043889998776105 -0.049557075023811917 -0.026722463875067212 0.058155830835442873 0.01273805081626685 0.11988791740604708 -0.014911270123183773 -0.053776775463211836 -0.03087928530884029 -0.061866915359959133 -0.016060120228216034 0.1129614701909506
leaf_weight=14.833367876708506 17.647432753816247 172.73747918754816 5760.3949041850865 16.872088778764009 28.49193187057972 161.29986434802413 114.52368319034576 21.837938994169235 15.283702641725538 213.44969195872545 107.36547952704132 23.598371632397175 9.4146226495504362 118.7444521933794 104.33065164461732 107.31871258467436 42.92388890683651 33.748435776680708 216.15870972722769 27.970504641532898 112.75750844925642 39.549155443906784 1407.5655876509845 12.410598501563074 698.71433911845088 80.358871541917324 15.53221347928047 4.7550546303391448 38.0770648047328 31.112565360963345
leaf_count=210 1874 892 35314 85 150 1248 680 170 65 1488 754 132 39 583 609 531 225 156 1459 278 757 196 7355 53 3898 489 90 33 268 174
internal_value=-4.32496e-05 -0.000129771 -3.73121e-05 -0.00271669 -0.00307933 -0.0115819 -0.0136843 -0.00747893 -0.00161748 -0.00767643 0.00461401 -0.0319341 -0.0309371 0.0210723 0.0310368 0.0277524 0.00898718 6.29146e-05 -0.0150011 -0.0308447 0.0120846 -0.00468229 0.00324398 0.00964231 -0.00788574 -0.0305922 0.0360829 0.0119971 0.0352807 0.0897841
internal_weight=9769.78 9754.95 9737.3 3976.9 3960.03 1068.58 1040.09 878.791 764.268 644.653 421.789 130.964 222.864 290.825 119.614 268.987 161.668 2891.45 504.129 318.074 186.055 152.307 2387.32 1515.87 871.452 108.302 27.9428 101.915 73.9447 35.8676
internal_count=60255 60045 58171 22857 22772 6674 6524 5276 4596 3922 2395 886 1527 1509 674 1339 808 16098 3321 2212 1109 953 12777 7987 4790 632 143 753 475 207
is_linear=0
shrinkage=0.05


Tree=96
num_leaves=31
num_cat=0
split_feature=53 17 13 5 56 13 28 0 54 22 17 29 16 5 17 53 28 6 40 29 54 29 29 59 0 28 8 29 40 17
split_gain=19.2228 42.1768 40.7941 35.7904 33.6744 31.3399 28.3262 40.3419 34.3226 36.9028 32.4101 48.3853 55.2184 50.9732 35.2483 51.3508 41.5279 54.1341 58.5675 45.9503 45.1441 42.4335 39.4449 30.3012 28.3154 28.1802 27.8566 27.6011 27.286 43.1688
threshold=0.67232221666666669 -2.5861679166666661e-05 -1.4488599999999999e-05 2.6046528333333339e-05 0.79995500000000008 -2.9847049999999997e-05 0.032936975000000007 3.0359750000000004e-05 0.10986700000000001 2.627129798336644e-05 2.3750877524717514e-05 0.88312012500000003 3.0720435000000007e-05 -2.9964352499999997e-05 4.9267166715909103e-06 0.9499920138888891 0.35604800000000009 6.0370450000000006e-06 0.029569099999999956 0.23220441666666661 0.022459550000000005 0.55134208333333345 0.81446261666666675 0.0060785565833333007 -1.4161349999999998e-05 1.0000000180025095e-35 3.5517150000000009e-05 1.0362023750000005 0.0051416950000000008 1.3479478000000002e-05
decision_type=10 10 10 10 10 10 8 10 8 10 10 10 10 10 10 10 10 10 10 10 8 10 10 8 8 8 10 8 10 10
left_child=4 5 3 24 -1 25 8 10 9 -4 14 12 -12 -14 16 28 19 -18 21 20 -8 -19 -23 -17 -3 -2 -20 -24 29 -16
right_child=1 2 6 -5 -6 -7 7 -9 -10 -11 11 -13 13 -15 15 23 17 18 26 -21 -22 22 27 -25 -26 -27 -28 -29 -30 -31
leaf_value=-0.00097638668679010134 0.058474960108857811 -0.011081466782138026 0.065692207197173544 -0.063406089059869553 0.056707349407549568 -0.052032058095764312 0.056489389369193579 -0.051002348556103083 0.061468905476408743 -0.065384875512956589 0.07153557039506496 -0.055031294806224887 0.064314416346107448 -0.065096891390458017 -0.037696654862032608 -0.037417774912740669 0.039185224400821429 0.083977062443465533 -0.064643757431394541 -0.077045552982280913 -0.04724119178839855 -0.052330821415492702 0.07000012784406269 0.051095457613307499 0.055082395190153038 -0.021322503929073242 0.061026821443371654 -0.065733979966431669 -0.045000731245463589 0.022860389593626459
leaf_weight=8689.3496916792355 15.995008394122122 19.475452315062284 8.8350199982523936 8.3426635637879354 25.3746168166399 50.576748963445425 22.613307859748602 33.241764470934868 45.593993416056037 13.689966499805449 61.25772549957037 14.243132423609493 13.211113475263121 17.944781892001629 60.846699684858322 12.606947209686039 157.61411099880934 20.163134269416332 39.657860800623894 25.120166704058647 19.562681406736374 21.39989348500967 18.200425356626514 41.491123385727406 95.286475863307714 35.887230137363076 4.9612693563103667 4.7157218605279914 89.731885172426701 56.99644697457552
leaf_count=53720 91 104 50 59 220 373 134 247 386 83 318 119 102 101 370 93 855 91 235 114 120 111 88 230 533 342 27 27 596 316
internal_value=-4.5215e-05 0.00641689 0.00978219 0.0365853 -0.000808429 -0.0240243 0.0056767 0.00282018 0.0365227 -0.0139723 0.00536761 0.030751 0.0439721 -0.0102223 0.000822713 -0.0129187 0.0115882 0.0204441 -0.00663115 -0.0235103 0.00837556 0.0238436 -0.00351622 0.0304684 0.0438542 0.00327861 -0.0506703 0.0420685 -0.0242262 -0.00840741
internal_weight=9743.99 1029.26 926.804 123.105 8714.72 102.459 803.699 735.58 68.119 22.525 702.338 106.657 92.4136 31.1559 595.682 261.673 334.009 266.712 109.098 67.2962 42.176 64.4792 44.316 54.0981 114.762 51.8822 44.6191 22.9161 207.575 117.843
internal_count=60255 6315 5509 696 53940 806 4813 4294 519 133 4047 640 521 203 3407 1605 1802 1434 579 368 254 317 226 323 637 433 262 115 1282 686
is_linear=0
shrinkage=0.05


Tree=97
num_leaves=31
num_cat=0
split_feature=23 52 40 22 48 41 0 0 29 17 16 28 16 53 8 22 58 16 17 5 17 5 52 5 56 48 1 28 12 56
split_gain=18.7951 64.9507 35.4893 27.9015 22.0588 19.8672 83.3687 172.508 75.9435 89.6536 72.0278 70.8593 75.4674 71.5229 72.151 70.7664 66.1241 65.9338 130.69 107.499 76.591 94.9481 73.3474 65.4281 64.6173 63.8988 57.0987 91.4776 69.0798 62.6345
threshold=1.3200911279788101e-05 0.056729440000000006 1.0000000180025095e-35 7.1057299187129213e-06 0.073963450000000014 0.00022397382575755002 1.0000000180025095e-35 -1.0000000180025095e-35 0.34968411666666671 -2.3171236075268813e-05 -1.3578204999999997e-05 1.0045180000000002 -1.8240119999999996e-05 0.31679908608333335 -1.4247349999999998e-06 4.988035835075701e-05 0.01611734999999995 3.4936810000000008e-05 2.5827678333333336e-05 -2.4789059166666662e-05 -2.3526359999999999e-05 -2.1222446121121115e-05 0.63782915000000007 -7.2967703921568615e-06 0.3492030000000001 0.13883250000000003 -2.0275049999999998e-05 1.1560875000000002 6.8856550000000011e-06 0.25780700000000006
decision_type=8 8 10 10 8 10 10 10 8 10 8 10 10 8 10 10 10 10 10 8 10 10 10 10 10 10 10 8 10 8
left_child=1 -1 -3 -4 -5 6 7 17 10 -10 -8 12 -11 14 23 16 -12 18 20 -20 -2 -22 26 -14 25 -16 27 28 29 -23
right_child=5 2 3 4 -6 -7 8 -9 9 11 15 -13 13 -15 24 -17 -18 -19 19 -21 21 22 -24 -25 -26 -27 -28 -29 -30 -31
leaf_value=0.065501662323578652 0.020282173724990825 0.057103423254192792 0.05981356326441914 0.026706040658428479 -0.06248579258542776 0.0012200088776317607 0.030807996814835478 0.065454068425871911 -0.062075573171896853 0.06428037696775217 -0.05915782206263237 -0.042440225012924326 -0.028589006588090743 -0.02414375022081441 -0.045630367093637672 0.019650169307481563 0.040500871469366796 -0.047106170703125068 0.089851985226254191 -0.0026623862419839816 -0.029012529262994191 -0.041795640956631151 0.043706257868224019 0.03757230855974749 0.067440985908263681 0.038160549150937272 -0.011849471768178689 -0.030122307488270744 0.099013962613517525 0.069067287484752923
leaf_weight=46.607832357287407 285.3976159398444 14.756413266062735 7.3188431784510604 8.5667162239551526 36.333008177578449 6689.8847909444012 37.765367425978184 104.74023715779185 65.843014232814312 48.535983683541417 237.51339435204864 92.479567334055901 44.633874021470547 212.17643502913415 108.24309238046408 39.613645482808352 17.898744702339172 73.23606729414314 72.62524476647377 55.315228808671236 382.13021835917607 25.671341344714165 90.778675213456154 229.53712549805641 20.361971825361252 28.808704003691673 526.30252498667687 51.48275601118803 43.487448200583458 25.292790094390512
leaf_count=268 3183 88 34 39 207 38262 228 748 614 269 1445 540 230 2002 558 271 81 643 335 466 4070 132 497 1102 98 167 2835 496 187 160
internal_value=-4.29447e-05 0.0201772 -0.011364 -0.0307122 -0.0454683 -0.000281937 -0.00372313 0.00325156 -0.0139573 -0.00603478 -0.0342076 -0.00133294 0.00415832 -0.000374546 0.0113109 -0.04253 -0.052174 -0.000741224 0.00143755 0.0498533 -0.0028925 -0.00866819 0.00152058 0.0268015 -0.0156694 -0.0280173 -0.00417616 0.0234971 0.0527235 0.0132241
internal_weight=9723.34 113.583 66.975 52.2186 44.8997 9609.76 2919.87 1736.46 1183.41 850.62 332.791 784.777 692.297 643.761 431.585 295.026 255.412 1631.72 1558.48 127.94 1430.54 1145.15 763.016 274.171 157.414 137.052 672.237 145.934 94.4516 50.9641
internal_count=60255 636 368 280 246 59619 21357 13752 7605 5580 2025 4966 4426 4157 2155 1797 1526 13004 12361 801 11560 8377 4307 1332 823 725 3810 975 479 292
is_linear=0
shrinkage=0.05


Tree=98
num_leaves=31
num_cat=0
split_feature=3 51 3 3 3 12 28 12 28 5 49 50 54 19 14 5 9 17 11 5 12 11 28 17 59 19 28 5 0 58
split_gain=18.6927 19.1269 17.8131 19.4272 19.5534 31.8201 38.0018 41.9828 31.7498 25.6059 25.4395 30.8689 38.9877 28.8404 27.3725 28.9879 23.8943 22.7057 54.6801 100.13 51.6701 68.9171 73.6998 99.3186 73.4621 68.6047 57.235 61.372 54.9939 53.338
threshold=-7.5277099999999998e-06 -0.026587499999999948 6.9900850000000009e-06 1.1199499999999995e-06 -8.3714999999999915e-07 -1.9147849999999997e-05 0.67699825000000013 2.8732000000000005e-05 0.9411940000000002 2.7066501250000001e-05 0.92187350000000012 0.047042150000000005 0.17124950000000003 1.5134115528801662e-05 -6.6136049999999992e-06 1.5869917500000003e-05 5.6200000000000082e-07 -1.5201908499999999e-05 3.9800075000000004e-05 -2.61712567368421e-05 -2.1214599999999995e-05 7.8561779416666681e-06 0.76571025000000015 -2.6242338333333328e-05 0.022699835051020401 4.7652994521293704e-05 0.46806745000000005 -1.3686312622619046e-05 7.2222100000000008e-06 0.44102155000000004
decision_type=8 10 10 10 8 8 10 8 10 10 10 8 10 10 8 10 8 8 8 10 10 10 8 10 8 10 10 8 10 10
left_child=1 -1 3 4 5 8 -7 10 9 16 11 12 13 -8 15 -13 -2 20 -19 -20 21 22 23 -6 -24 -23 29 -28 -26 -22
right_child=2 -3 -4 -5 17 6 7 -9 -10 -11 -12 14 -14 -15 -16 -17 -18 18 19 -21 26 25 24 -25 28 -27 27 -29 -30 -31
leaf_value=-0.046128342744167258 0.016326783121202976 0.07162704565523885 0.044497683998682945 -0.0079377506040298092 0.0026414426951982834 -0.015960687541374877 0.091872633541940252 -0.047885254098172451 -0.026669914912219102 -0.039832777869084131 0.050208105369509239 0.060119232939427759 0.075656914573542663 0.002259675575916185 -0.025601788051349439 -0.026320156281871496 0.061054348607335822 0.0032577637588979713 -0.055606778202457269 0.071746554885194463 -0.035616355218747758 -0.036801922869304837 -0.054616731583231187 0.055158772672551384 0.025442156939243551 0.035850691465590119 -0.039126501279225234 0.012122858161823513 -0.052946279242744435 0.04429516374454083
leaf_weight=4.3535066284239319 106.57226562872529 16.587444260716438 22.293839935213327 756.88386365491897 196.16558752208948 676.26342259440571 9.6988585293292982 35.286413474008441 40.977966498583555 14.935325879603623 34.364903770387173 22.754360772669315 26.287406146526337 120.87138652801514 103.15606878045946 16.904943723231554 41.482146490365267 6141.5602858238854 86.972002311609685 18.763972168322653 294.71290220879018 152.57531730085611 65.164079807698727 166.3826792165637 111.37960287928581 41.285472881048918 76.603222984820604 246.04745379090309 27.998899510130286 22.473654985427856
leaf_count=105 582 90 188 5122 1189 4621 44 334 336 102 182 101 120 657 630 107 205 34395 3489 166 1935 898 571 903 826 257 433 1356 178 133
internal_value=-4.24326e-05 0.0471464 -0.000144551 -0.000247637 0.000406528 -0.00539233 -0.00891639 0.00398231 0.0126729 0.0225642 0.00946139 0.00478878 0.0201011 0.0089162 -0.0120291 0.0232741 0.0288586 0.00135395 0.00264399 -0.0330066 -0.00439939 0.00440622 0.013204 0.026743 -0.0107936 -0.0213295 -0.0148718 -4.46852e-05 0.00969518 -0.0299544
internal_weight=9697.76 20.941 9676.82 9654.52 8897.64 1249.56 1045.59 369.324 203.968 162.99 334.038 299.673 156.858 130.57 142.815 39.6593 148.054 7648.09 6247.3 105.736 1400.79 760.952 567.091 362.548 204.543 193.861 639.837 322.651 139.379 317.187
internal_count=60255 195 60060 59872 54750 8021 6796 2175 1225 889 1841 1659 821 701 838 208 787 46729 38050 3655 8679 4822 3667 2092 1575 1155 3857 1789 1004 2068
is_linear=0
shrinkage=0.05


Tree=99
num_leaves=31
num_cat=0
split_feature=20 15 1 19 59 41 5 17 12 18 29 28 29 41 5 7 17 11 23 4 5 52 28 13 23 49 13 6 23 59
split_gain=17.5035 17.4387 21.128 42.4175 33.3137 22.1616 21.5631 18.5463 52.0504 70.1912 70.3293 58.5244 81.36 73.8934 62.7879 60.8373 58.2492 59.9423 54.9862 48.0377 45.53 45.5121 70.4388 59.9091 74.284 45.0617 42.463 60.0352 53.1069 68.1006
threshold=1.0000000180025095e-35 5.8632999999999988e-07 3.727875000000001e-05 1.0000000180025095e-35 0.027305063125000004 0.98080891666666681 -5.8432648791666662e-06 -1.4964199999999996e-05 -2.0893849999999996e-05 2.7690188485874468e-05 0.55527454166666679 0.46806745000000005 0.55134208333333345 0.83408736111111115 -4.3392796583333327e-06 3.0851750000000012e-05 -2.661363868421052e-05 1.8612973333333335e-05 2.3571660255252437e-05 3.0332339500000006e-06 inf inf inf -2.8508599999999997e-05 3.9776271912535335e-05 0.60447250000000008 -7.1165549999999992e-06 -3.2858899999999991e-05 2.5198742988420288e-05 0.074265710801886722
decision_type=8 10 8 10 10 8 10 10 10 8 10 10 10 10 10 10 10 8 10 8 8 8 8 8 10 10 10 10 10 8
left_child=-1 7 3 6 -4 -5 -3 8 9 -2 16 13 -13 15 25 -10 21 -18 -16 -12 26 23 -23 24 -11 -14 27 -9 -29 -30
right_child=1 2 4 5 -6 -7 -8 20 11 10 19 12 14 -15 18 -17 17 -19 -20 -21 -22 22 -24 -25 -26 -27 -28 28 29 -31
leaf_value=0.056311416031292263 0.045213015641164006 0.12555295250118578 -0.045330780999074075 -0.0027682596237752206 0.025291955115993761 -0.028819168282185278 -0.034630876134303955 0.055587173759394162 -0.040264670003551842 0.069258235094481688 -0.0035569425417329549 0.052637505358617498 -0.052351900894553716 0.063306768417758813 0.074261901228251798 0.082075531603141835 0.042632060839584027 -0.030524690862580001 -0.0047903751229538064 -0.041793480145428663 -0.051485508435508968 -0.051276658118336718 0.049282707541793362 -0.034585240859667486 -0.011681674768988534 0.055659732692745489 0.00039679939800587829 0.020170890660852918 -0.019134270029371143 0.015225955230917496
leaf_weight=13.759558992460368 90.249914970248938 9.3469782480970007 70.429633405990899 1094.6440170239657 21.887823410332203 88.218006756156683 2.710092455148696 70.826577730476856 295.58340579643846 39.515058629214764 202.45274966955185 59.746522132307291 96.937603522092104 19.928080163896084 25.879088163375854 10.523616079241036 173.62591329030693 33.384269274771214 146.64079365134239 138.22436680179089 39.710691482760012 22.402370546478778 78.211545832455158 146.19044567644596 100.30009198561311 10.724498882889746 5508.260060609784 489.02998251095414 293.0399658754468 283.92204644624144
leaf_count=210 537 49 1274 6226 148 874 41 384 1774 227 1415 293 559 94 126 53 949 208 839 1098 1590 1827 490 1363 667 60 31180 2525 1549 1626
internal_value=-4.21215e-05 -0.000122369 -0.00554054 -0.00376004 -0.0285866 -0.00471114 0.0895481 0.000710372 -0.0039684 0.00310501 -0.000962433 -0.0148506 -0.000334398 -0.0299853 -0.0116302 -0.0360588 0.00942975 0.0308342 0.00706797 -0.0190708 0.00189359 -0.00203095 0.0268925 -0.0122059 0.0111939 -0.0415926 0.00221258 0.0110106 0.00804889 -0.00222566
internal_weight=9676.31 9662.55 1287.24 1194.92 92.3175 1182.86 12.0571 8375.31 1690.52 1024.56 934.307 665.964 339.929 326.035 280.182 306.107 593.63 207.01 172.52 340.677 6684.79 386.62 100.614 286.006 139.815 107.662 6645.08 1136.82 1065.99 576.962
internal_count=60255 60045 8612 7190 1422 7100 90 51433 12579 8781 8244 3798 1877 1921 1584 1827 5731 1157 965 2513 38854 4574 2317 2257 894 619 37264 6084 5700 3175
is_linear=0
shrinkage=0.05


Tree=100
num_leaves=31
num_cat=0
split_feature=53 54 11 59 40 22 12 51 53 12 0 0 19 49 49 11 40 23 23 10 40 57 14 53 29 11 0 13 40 29
split_gain=17.5468 31.1488 31.7193 53.2248 84.3998 66.5647 57.8276 48.3257 82.9284 74.5037 64.8155 51.581 49.2036 47.8363 42.3772 37.5417 34.8018 34.3907 32.1583 31.4239 48.3417 81.8001 34.2709 30.7378 27.1273 38.3839 41.335 36.3357 26.8976 116.202
threshold=0.59874529874213855 0.79995500000000008 2.2574895961538465e-05 1.0000000180025095e-35 0.21770775000000003 4.2541946375199647e-05 -1.7168399999999996e-05 0.0026882999999999504 0.0068972278333333014 -1.4514149999999999e-05 8.6794100000000016e-07 3.1175350000000003e-05 1.7567451570687398e-05 0.40169350000000004 0.020154850000000005 3.7786355833333339e-05 0.62494550000000004 3.3180401058779507e-05 6.4054665320476806e-05 -3.9973369999999997e-05 0.0077127324999999502 -0.010524999999999897 -1.1263749999999999e-05 0.10207698774999997 0.0020581941666666507 2.6967665500000005e-05 -1.2503499999999998e-05 -3.1946749999999987e-05 0.64743950000000006 0.16987105416666667
decision_type=10 10 10 10 10 10 10 8 10 10 10 10 10 10 8 10 10 8 10 8 10 10 10 8 10 10 10 10 8 10
left_child=1 2 18 7 17 -6 16 8 15 -9 14 12 -10 -14 -11 24 -7 23 19 20 21 -1 -23 -5 27 -26 -27 -4 -21 -30
right_child=-2 -3 3 4 5 6 -8 9 11 10 -12 -13 13 -15 -16 -17 -18 -19 -20 28 -22 22 -24 -25 25 26 -28 -29 29 -31
leaf_value=-0.069410513518906869 0.0054002251332958134 0.056308685432010286 -0.069529611338383437 0.078896752819468147 -0.061936502134076671 0.10003773879449417 0.07807816169291211 0.056059738474682201 -0.060911062259332821 0.061599427525910647 0.04257810017844324 -0.048805633323635557 0.07782722851215769 -0.0093339956648703527 -0.039748277716009875 -0.065509375172480885 -0.056249151591146275 -0.053744013406759578 0.067469560109592805 -0.00010721250669625156 -0.06514091242602453 -0.020017185368297167 0.081822556369576013 -0.06699951933537697 0.027057172010477012 0.027520940908609903 -0.080806102797545909 0.077984514378815095 0.0016684549105882643 -0.026163006289356652
leaf_weight=24.746991129592061 1284.2747610639781 23.745248731225729 5.0348692536354092 10.012893505394455 17.772400304675102 4.5556405484676388 46.238691508769989 46.110671645030379 7.8618057370185843 11.238102860748766 37.768411058932543 11.470852691680191 131.80552060157061 17.876709841191769 125.48945010267198 18.402138940989971 16.331455692648888 93.926125206053257 16.629699468612671 5771.9700015350245 49.789134994149208 12.386471107602118 24.802882552146912 5.6456988677382478 47.410678252577782 14.016575768589972 23.689171798527241 24.429664790630341 1173.9735122523271 551.10094484454021
leaf_count=172 7935 213 28 63 125 19 213 307 37 53 206 60 627 100 920 105 91 601 105 31974 321 97 129 32 240 72 115 115 11353 3827
internal_value=-4.14099e-05 -0.000876739 -0.00103951 0.00901427 -0.0133156 0.0241063 0.0468872 0.0173242 0.0303193 -0.000465396 -0.0154022 0.0535603 0.0610136 0.0674175 -0.0314182 0.000781069 -0.0221617 -0.0423074 -0.00198496 -0.00213676 -0.0284583 0.00102995 0.0479033 0.0262939 0.0114276 -0.00288642 -0.0405371 0.0527775 -0.0017445 -0.00722272
internal_weight=9650.51 8366.23 8342.49 717.088 194.483 84.8982 67.1258 522.605 301.998 220.607 174.496 169.015 157.544 149.682 136.728 132.983 20.8871 109.585 7625.4 7608.77 111.725 61.9363 37.1894 15.6586 114.581 85.1164 37.7057 29.4645 7497.04 1725.07
internal_count=60255 52320 52107 4129 1144 448 323 2985 1499 1486 1179 824 764 727 973 675 110 696 47978 47873 719 398 226 95 570 427 187 143 47154 15180
is_linear=0
shrinkage=0.05


Tree=101
num_leaves=31
num_cat=0
split_feature=3 51 18 17 1 57 48 58 29 29 53 50 1 22 58 23 41 23 22 48 28 13 54 40 59 0 22 22 0 53
split_gain=17.0773 17.5683 16.7106 17.2645 47.6034 75.9861 43.6626 178.888 75.363 79.2816 121.205 76.1788 66.343 89.169 74.877 64.3566 60.6052 60.48 58.7825 97.3339 57.4202 67.5284 54.7784 54.586 51.516 51.1312 50.1087 49.5248 48.4472 44.21
threshold=-7.5277099999999998e-06 -0.026587499999999948 6.5394052892645128e-06 1.5731463750000003e-05 3.727875000000001e-05 -0.0026541499999999493 1.0000000180025095e-35 0.012682356499999952 0.9312850833333336 0.00091475083333330002 0.3360350058333334 0.18239100000000003 1.1675450000000002e-05 3.4796275289609342e-05 0.0052841995000000004 4.3405938809954989e-05 0.37743385166666671 3.7741450930663723e-05 3.9792287016693189e-05 0.030906900000000005 0.093451025000000007 2.9491850000000001e-05 0.38031400000000004 0.86395340000000009 0.0024659514166666505 1.7058400000000003e-05 2.5143174107164866e-05 2.7133544096140121e-05 3.9003750000000011e-05 0.11008459166666666
decision_type=8 10 8 10 10 8 10 8 10 8 10 10 10 10 10 10 8 10 10 10 8 10 8 10 8 10 10 10 10 10
left_child=1 -1 -2 4 -4 -6 7 -5 9 10 -8 20 13 16 17 -15 -13 25 19 22 -11 24 -10 -23 27 -14 -16 -22 -9 -26
right_child=2 -3 3 6 5 -7 8 28 18 11 -12 12 14 15 26 -17 -18 -19 -20 -21 21 23 -24 -25 29 -27 -28 -29 -30 -31
leaf_value=-0.045028689046068049 0.027981007198467835 0.069463984272295401 -0.00093550844101601054 -0.040199531231573001 0.078821556988960095 -0.038377232425226102 -0.06173437845487896 0.005537005398906939 -0.064937639312768414 0.061092722106625488 0.047466517886373669 0.0460830786457933 0.071111531312217563 -0.047679765507363622 0.071938924923619307 5.6645967048030979e-05 -0.023306320739514542 0.052189378570746639 0.011783715458947245 -0.058561002593829951 -0.037223781727779993 -0.015967954908812951 0.074241624997358188 0.10548298603554077 -0.0077602031691186794 -0.071147251703854081 -0.059432011813932262 0.074043655216096099 0.088230488025426837 0.048556463551024907
leaf_weight=4.2283664238639203 52.549796910956502 16.139130432158709 6803.6210235129111 264.95041079074144 15.19930376857519 153.53618343733251 77.948095798492432 741.96988554857671 9.7406677454709989 126.09784616529942 37.699806820601225 106.62150559574366 9.2616828531026858 130.81623068451881 9.1911857575178129 153.39638482034206 44.643346469849348 166.60861550271511 109.70488021150231 115.52562166377902 11.114938825368879 122.02290885150433 25.782115742564201 10.010648414492605 78.189490400254726 19.862213835120201 34.521844450384378 99.752271942794323 18.145088689401746 62.869332991540432
leaf_count=105 419 90 42608 1835 67 1157 450 5128 60 631 246 587 48 803 42 907 284 872 689 671 58 709 118 41 416 103 239 464 108 300
internal_value=-4.04204e-05 0.0456949 -0.000137338 -0.00029192 -0.00158614 -0.0278202 0.00319693 -0.00482081 0.00846067 0.0133792 -0.0261362 0.0172357 0.00621486 -0.00540929 0.0273556 -0.0219153 0.0256039 0.040569 -0.0160726 -0.0363044 0.0318187 0.0222047 0.0360774 -0.00675967 0.0373849 -0.0259076 -0.0318097 0.0628886 0.00751102 0.0173399
internal_weight=9631.72 20.3675 9611.35 9558.8 6972.36 168.735 2586.45 1025.07 1561.38 1300.63 115.648 1184.98 674.923 435.477 239.446 284.213 151.265 195.733 260.753 151.048 510.057 383.96 35.5228 132.034 251.926 29.1239 43.713 110.867 760.115 141.059
internal_count=60255 195 60060 59641 43832 1224 15809 7071 8738 7200 696 6504 3885 2581 1304 1710 871 1023 1538 849 2619 1988 178 750 1238 151 281 522 5236 716
is_linear=0
shrinkage=0.05


Tree=102
num_leaves=31
num_cat=0
split_feature=23 52 40 22 48 2 17 5 17 1 48 28 40 53 56 53 48 28 48 55 0 1 53 6 5 28 59 48 22 12
split_gain=16.8365 60.5161 32.4235 25.4466 20.455 18.8293 17.5325 63.8805 65.9036 114.025 108.785 81.6205 104.36 84.7515 80.6843 71.546 54.3821 91.5185 79.0407 101.653 89.0908 77.9306 72.336 79.7527 66.9921 66.9663 70.6747 87.0373 58.4209 53.9189
threshold=1.3200911279788101e-05 0.056729440000000006 1.0000000180025095e-35 7.1057299187129213e-06 0.073963450000000014 9.416595000000002e-06 1.5731463750000003e-05 -2.2587865078124995e-05 2.6943006666666669e-05 1.6249900000000005e-05 0.033595450000000006 0.061785349999999954 0.87508015000000006 0.019105984999999954 0.0066052450000000018 0.00076135566666665007 0.025530500000000001 1.0000000180025095e-35 1.0000000180025095e-35 0.011889650000000002 -1.17455e-05 -1.0122799999999999e-05 0.51144999228682175 3.7026400000000009e-05 -1.5063014674166665e-05 0.12796649999999998 0.00035227849999995006 0.38424000000000008 3.5382038475067866e-05 2.6943650000000004e-05
decision_type=8 8 10 10 8 8 10 8 10 10 10 8 10 8 10 8 8 8 10 8 10 8 10 10 10 8 8 10 10 10
left_child=1 -1 5 -4 -5 -3 -2 -8 16 11 15 13 -13 -10 -12 -11 17 -9 19 20 -19 24 23 25 -21 29 27 -27 -24 -18
right_child=6 2 3 4 -6 -7 7 8 9 10 14 12 -14 -15 -16 -17 22 18 -20 21 -22 -23 28 -25 -26 26 -28 -29 -30 -31
leaf_value=0.063873008241672233 -0.0015783312127199082 0.084674705926208807 0.057329272766210672 0.025377016804930722 -0.060785340286321113 -0.052756270147203667 0.019340520910197799 -0.065686201908588593 -0.065501829632055572 0.037337094240698088 0.049152398335559774 -0.045643070013752757 0.08214351256550266 0.021319053257876718 -0.042797459707912267 -0.046636590061988739 -0.0033321914995709054 0.07677635352598762 0.061573353743747873 0.067477604502832939 -0.048333805055992912 0.042449835839428053 0.04576897356755999 0.092028085711310298 -0.065947861145008516 -0.021150473666925629 -0.042224576574337237 0.10829369922754127 -0.0070128730478501147 0.072978123342764434
leaf_weight=45.195562478154898 6918.7454171832651 11.381491124629973 7.1865351572632781 8.5394876748323423 35.621417388319969 3.1911216378211966 497.8668190985918 29.874565355479717 35.713300310075283 34.895258501172066 164.46270425245166 335.19618739467114 16.77694945037365 132.00367061793804 27.905722543597221 92.877703724429011 163.26215896755457 16.964844182133675 110.70949985831976 13.05351500213146 88.250128082931042 218.56618221104145 118.93422301113605 17.742776312865317 33.684213288128376 43.509197264909744 246.65412157261744 18.511145606637001 93.748456254601479 26.972323370166123
leaf_count=268 43743 71 34 39 207 17 2793 182 237 214 874 2535 82 829 201 683 942 91 557 55 553 1069 689 98 166 239 1955 103 590 139
internal_value=-4.05135e-05 0.0193096 -0.0112436 -0.0299247 -0.0441239 0.05458 -0.000266914 0.00325244 -0.000597894 -0.0114136 0.0120598 -0.0258738 -0.0395521 0.0028316 0.0358138 -0.0237031 0.00672484 0.0192309 0.0245025 0.0134259 -0.0281611 0.0299186 -0.00203914 -0.0121422 -0.0286831 -0.0158468 -0.0302275 0.0174846 0.0225032 0.00748744
internal_weight=9608 111.116 65.9201 51.3474 44.1609 14.5726 9496.88 2578.14 2080.27 839.831 320.141 519.69 351.973 167.717 192.368 127.773 1240.44 511.103 481.228 370.519 105.215 265.304 729.334 516.652 46.7377 498.909 308.674 62.0203 212.683 190.234
internal_count=60255 636 368 280 246 88 59619 15876 13083 5655 1972 3683 2617 1066 1075 897 7428 2673 2491 1934 644 1290 4755 3476 221 3378 2297 342 1279 1081
is_linear=0
shrinkage=0.05


Tree=103
num_leaves=31
num_cat=0
split_feature=51 6 40 59 4 10 4 4 28 12 17 59 28 2 28 8 23 58 16 9 0 17 28 28 39 17 10 28 23 4
split_gain=17.0562 29.1317 35.9033 27.8825 44.3006 30.275 97.109 60.6884 43.1133 80.1559 48.033 40.7129 57.5823 43.7011 40.0166 41.7309 33.1887 31.4424 33.2104 31.2462 28.156 74.8703 61.2063 27.3834 27.1186 45.139 26.5814 26.0375 83.888 71.8022
threshold=0.021667499999999902 -2.9028649999999995e-05 0.26946900000000001 0.044195734250000007 2.8283071500000008e-06 -2.5501954999999994e-05 4.3549898500000009e-06 2.7544860000000002e-05 0.19750775000000001 2.6943650000000004e-05 3.7145858083333335e-06 0.018091984277777706 1.0253275000000002 -1.1775199999999997e-06 0.0068606770000000008 -1.4661399999999998e-05 4.9138823657183347e-05 0.014531975500000001 -2.3469744999999996e-05 8.4219999999999858e-07 -9.0495749999999988e-06 1.3778596750000002e-05 0.0016008158333333004 0.067287650000000018 -1.0000000180025095e-35 -2.5528873249999998e-06 -3.0985197999999995e-06 1.0000000180025095e-35 2.8445101372041986e-05 -1.0278198499999998e-05
decision_type=8 8 8 10 10 10 8 8 8 10 8 8 8 10 10 10 10 8 8 8 10 10 10 8 10 8 10 8 10 8
left_child=27 2 -2 5 26 6 24 8 9 10 14 12 17 -14 -7 -16 -11 18 -10 -9 21 -12 -23 -6 25 -3 -5 28 29 -1
right_child=1 3 -4 4 23 7 -8 19 11 16 20 -13 13 -15 15 -17 -18 -19 -20 -21 -22 22 -24 -25 -26 -27 -28 -29 -30 -31
leaf_value=-0.045648658949787535 0.047243704600584358 0.13028164864687869 -0.0136792136834931 0.061574375786764494 0.0834578063884997 0.060943195576272827 -0.045897600067609602 0.042479356623024524 0.115691181950161 0.070791489513040748 -0.079285049218934756 -0.041362921070947085 0.001915557391239273 0.10064140427348314 0.079320209205631528 -0.047944155603544342 -0.058441265834110703 0.11352265593253903 -0.038675189438945434 -0.027394266702649439 -0.04517962285163224 0.098688365090872809 -0.048645535923346778 -0.042992513671320065 -0.061058752331424132 -0.0065752845947249106 0.0059433679232360863 0.0015209903256904751 -0.019227619014689251 0.037630508686325392
leaf_weight=31.98918953537941 54.304952484555542 14.601777723059056 43.598428655415773 43.210485484451056 4.8330557048320761 34.013800002634525 152.09608948184177 81.678801740985364 3.6200439482927322 47.128131692297757 18.089069481939077 177.41892356425524 29.459369845688343 18.093559395521879 8.6251810342073423 25.442265834659338 5.5534681528806678 3.8120346814393988 92.88069698959589 19.89725848659873 90.608515374362469 20.67024385929108 10.696978438645599 37.51089921221137 4.3845049887895575 10.257495330180978 42.682886864989996 7826.7820023614913 492.09156610444188 135.58004752546549
leaf_count=154 380 78 533 251 21 191 4828 572 17 252 118 2843 191 108 39 149 36 20 559 325 749 85 135 238 32 237 275 43123 2984 732
internal_value=-4.08712e-05 -0.00591325 0.0201135 -0.00846834 0.0132957 -0.0116799 -0.0298537 -0.00688761 -0.0130711 0.00207291 -0.0118717 -0.0252142 -0.00583791 0.0394801 0.0225797 -0.0157234 0.0571683 -0.0273207 -0.0328844 0.0287921 -0.0286175 0.00172596 0.048444 -0.0285597 0.0535904 0.0738114 0.0339297 0.000716954 -0.00882282 0.0217324
internal_weight=9581.61 1095.17 97.9034 997.266 128.237 869.028 181.34 687.688 586.112 260.828 208.146 325.285 147.866 47.5529 68.0812 34.0674 52.6816 100.313 96.5007 101.576 140.065 49.4563 31.3672 42.344 29.2438 24.8593 85.8934 8486.44 659.661 167.569
internal_count=60255 13262 913 12349 785 11564 5175 6389 5492 1754 1466 3738 895 299 379 188 288 596 576 897 1087 338 220 259 347 315 526 46993 3870 886
is_linear=0
shrinkage=0.05


Tree=104
num_leaves=31
num_cat=0
split_feature=41 0 22 16 14 11 23 29 56 57 14 16 5 29 53 28 11 59 5 4 6 11 53 23 28 58 20 56 49 0
split_gain=16.4541 82.095 68.8699 62.9145 59.8222 53.1056 49.5131 116.922 72.683 50.4077 44.2202 51.5335 145.274 67.2279 72.9933 66.9967 73.8607 126.785 105.578 64.1671 62.2955 66.1172 56.6401 58.6754 65.4506 51.1959 50.2062 85.209 45.9832 45.1432
threshold=1.0000000180025095e-35 1.9490550000000003e-05 3.858425064870111e-05 3.4936810000000008e-05 -1.5637949999999995e-05 -2.9893443333333325e-05 1.7359425709094933e-05 0.24805254166666663 1.0000000180025095e-35 -0.0052961999999999497 -2.5864699999999996e-05 2.5229355000000006e-05 -2.4789059166666662e-05 0.99907754166666674 0.65097107500000018 0.84298000000000017 -8.9714562166666657e-06 0.27846609166666675 -2.0872112354166663e-05 -1.1923409999999997e-05 -1.0519399999999998e-05 1.0913341699166666e-05 0.067240086666666615 2.2745568783005832e-05 0.72819200000000006 0.0018494570000000003 3.4912282351156209e-05 0.25780700000000006 0.95367100000000005 1.0000000180025095e-35
decision_type=10 10 10 10 8 10 8 10 8 8 8 10 8 10 10 10 8 10 8 10 8 8 8 10 8 10 10 8 10 8
left_child=1 3 4 6 -3 -5 7 8 -1 -10 -8 13 25 15 -15 16 17 18 -12 -20 -17 -22 23 -18 -25 -13 27 -21 -16 -14
right_child=-2 2 -4 5 -6 -7 10 -9 9 -11 11 12 29 14 28 20 22 -19 19 26 21 -23 -24 24 -26 -27 -28 -29 -30 -31
leaf_value=0.063899558623059502 0.0012998173966736668 0.026579304756609134 -0.0063128690879945427 0.054844764637749899 -0.053426330157094887 -0.053680219830826395 0.027317655535970917 0.083083399321483425 0.071596155411706455 -0.047745040734770705 -0.045148570757005096 0.10049696503725791 0.0085572865426932591 -0.056289371673980161 0.0765346026978551 -0.026317369738367558 -0.065097833850511169 0.07365487152411547 0.057613418245182062 0.016740770627425641 0.075461986540375559 -0.006656617593835748 -0.0036247241536153246 -0.032715678801955556 0.023907953656252798 0.006689711888681212 0.047502200951976215 -0.057458120527055817 -0.060556689964573376 -0.05603613951603862
leaf_weight=28.203798811882734 6744.9353255932219 26.775347402319312 316.39101546443999 13.055155554786323 183.42801173357293 82.554235020652413 142.39057743549347 62.067109536379576 10.320051804184912 62.041294300928712 95.216431481763721 57.142966203391552 95.117606965824962 110.13944209367037 19.520254410803322 36.4821762368083 85.017922392114997 69.976754453033209 69.088920266833156 104.17197771929204 75.805919602513313 36.22468361351639 604.52709434367716 185.75713548064232 70.365713223814964 19.510664202272892 47.471495237201452 61.557154359295964 8.9081186428666097 37.798241929151118
leaf_count=149 39015 183 2134 155 1291 724 1046 384 44 374 590 248 669 648 88 213 470 409 484 570 378 248 7074 894 386 112 290 473 59 453
internal_value=-4.0601e-05 -0.00325003 -0.0210514 0.000842697 -0.0432353 -0.0388615 0.00257226 0.0291189 -0.00418711 -0.0307248 0.00044779 -0.00157677 0.0218023 -0.00449276 -0.0378526 -0.00149431 -0.00489749 0.0118388 0.000380191 0.0157371 0.0304298 0.0489092 -0.012817 -0.0291063 -0.0171592 0.0766202 0.00216679 -0.0108191 0.0335766 -0.00981161
internal_weight=9561.96 2817.03 526.594 2290.43 210.203 95.6094 2194.82 162.632 100.565 72.3613 2032.19 1889.8 209.569 1680.23 138.568 1541.66 1393.15 447.483 377.506 282.29 148.513 112.031 945.668 341.141 256.123 76.6536 213.201 165.729 28.4284 132.916
internal_count=60255 21240 3608 17632 1474 879 16753 951 567 418 15802 14756 1482 13274 795 12479 11640 2816 2407 1817 839 626 8824 1750 1280 360 1333 1043 147 1122
is_linear=0
shrinkage=0.05


Tree=105
num_leaves=31
num_cat=0
split_feature=18 3 3 40 29 1 13 28 5 48 0 54 1 12 53 8 48 54 53 0 53 0 0 0 40 48 55 6 40 29
split_gain=16.1062 16.0882 16.806 26.7015 112.073 87.3157 43.4348 69.67 59.5204 49.1565 46.7667 43.5254 41.6625 40.3437 63.3154 56.6316 55.2874 49.6545 60.6455 39.6395 37.9606 37.2549 149.16 130.317 44.997 48.8344 47.7217 80.4325 109.51 70.7773
threshold=1.0000000180025095e-35 6.9900850000000009e-06 4.2554999999999973e-07 0.64743950000000006 0.16987105416666667 -5.936644999999999e-07 3.0682650000000007e-05 0.093451025000000007 -2.8202872166666662e-05 0.017467250000000004 3.2263950000000005e-05 0.15785850000000004 3.0426450000000004e-05 1.0000000180025095e-35 0.58683525000000014 -8.5331899999999994e-07 0.89564500000000014 0.091278350000000022 0.11008459166666666 -3.7905149999999993e-06 0.097881596916666605 2.2872350000000002e-06 -1.0000000180025095e-35 1.0000000180025095e-35 0.23764182222222222 0.76416800000000007 0.038319500000000013 2.2403450000000003e-05 1.0000000180025095e-35 0.47853620606060615
decision_type=8 10 10 10 8 10 10 8 8 8 10 8 10 8 10 10 8 8 8 10 10 8 10 10 10 8 8 8 8 8
left_child=-1 2 3 6 5 -5 21 9 -9 -8 -10 -12 -7 15 -15 16 -6 -17 -19 -16 -14 22 24 -24 26 -26 27 -2 -29 -28
right_child=1 -3 -4 4 13 12 7 8 10 -11 11 -13 20 14 19 17 -18 18 -20 -21 -22 -23 23 -25 25 -27 29 28 -30 -31
leaf_value=0.05448455858790429 -0.01997856958374317 0.042623511809673914 -0.003908268822006007 -0.013153125254106552 0.033818080440086988 0.041324873194147606 -0.027387227772862222 0.028845042530664146 -0.038639636669417679 0.04146522800364244 -0.029810228386506255 0.074136934194259985 -0.067139626192212545 -0.055975559322280932 -0.06801636750894241 -0.055086415481238986 -0.077265396844005005 0.054860777715048693 -0.04511286055807176 0.1022180594655942 0.041007190527580895 -0.00071445725521890921 0.064404955934653813 0.0045732485965521118 0.021812640916950045 -0.019541263374466614 0.020422597191520148 -0.032141904120068142 0.045266220683976448 -0.0039993512549699782
leaf_weight=13.524703131988643 563.75432545132935 21.966000172309577 2327.6946453060955 203.19960648939013 77.853810228407383 188.24146521091461 37.379884947091341 47.468134887516499 273.72133709210902 84.575566434301436 21.460990563035011 18.974538743495941 18.469315111637115 145.64892922481522 4.9729110300540933 92.306893482804298 13.083701279014347 29.311044089496136 31.441094949841499 10.947695933282372 14.472403801977633 2930.8603029926307 199.28377557918429 167.50207410752773 472.78020347654819 84.086167264729738 486.40531058516353 71.815887667238712 125.59563089162111 760.5407603867352
leaf_count=210 3115 187 14128 1267 421 1058 257 264 2278 557 159 100 101 1153 30 546 78 154 185 51 101 20476 1455 936 2412 622 2566 399 653 4336
internal_value=-4.02938e-05 -0.000117708 -0.000216495 0.000980989 -0.00745281 0.0105089 0.00208395 -0.0123187 -0.02334 0.0203616 -0.031225 0.0189674 0.032247 -0.0262479 -0.0456272 -0.0134153 0.0178359 -0.0319826 0.00312135 0.0490442 -0.0196271 0.00327196 0.00725715 0.0370813 0.00299237 0.0155682 -0.00049503 -0.0103605 0.0171061 0.0055271
internal_weight=9539.34 9525.81 9503.85 7176.15 829.949 424.383 6346.2 483.58 361.625 121.955 314.157 40.4355 221.183 405.566 161.57 243.997 90.9375 153.059 60.7521 15.9206 32.9417 5862.62 2931.76 366.786 2564.98 556.866 2008.11 761.166 197.412 1246.95
internal_count=60255 60045 59858 45730 5145 2527 40585 3615 2801 814 2537 259 1260 2618 1234 1384 499 885 339 81 202 36970 16494 2391 14103 3034 11069 4167 1052 6902
is_linear=0
shrinkage=0.05


Tree=106
num_leaves=31
num_cat=0
split_feature=51 17 54 16 41 29 23 29 49 8 50 54 41 17 29 50 28 4 13 28 29 11 41 52 29 28 50 19 59 6
split_gain=16.0645 27.0982 107.238 79.7146 63.7171 89.8273 116.299 76.1756 63.5632 74.7814 73.5608 54.1276 58.1509 51.8363 61.7949 75.2898 61.7053 53.4665 95.6222 64.5972 65.8209 71.4629 83.4401 51.5963 51.4145 53.4769 70.7942 50.8792 48.5666 63.5668
threshold=0.021667499999999902 3.510785460144928e-05 0.15518400000000002 2.8397455000000007e-05 0.016296998333333302 0.075296756547619012 3.569095485371526e-05 1.0445653750000001 0.041662550000000007 -2.0234999999999995e-05 0.86195300000000008 0.15518400000000002 0.034162072083333307 1.5731463750000003e-05 0.0029834482575757004 0.5033240000000001 0.024710912500000005 3.0271995000000001e-05 5.7028150000000009e-06 1.0122882500000003 0.45904362500000001 1.3762635317307694e-06 0.56183475000000016 0.11767480500000001 0.033411158333333309 1.0470050000000002 0.041662550000000007 5.9750005253386988e-05 0.41297479821428579 -6.4063849999999991e-06
decision_type=8 10 10 8 8 8 10 10 10 8 10 8 8 10 8 8 8 10 10 10 10 10 10 10 8 10 10 8 8 10
left_child=1 3 8 13 7 6 -6 23 11 -10 -11 -3 -13 17 15 -15 -16 27 19 20 -19 22 -22 -5 -18 28 -27 -1 -26 -30
right_child=-2 2 -4 4 5 -7 -8 -9 9 10 -12 12 -14 14 16 -17 24 18 -20 -21 21 -23 -24 -25 25 26 -28 -29 29 -31
leaf_value=0.00037813100878273162 -0.0058130521037136505 -0.055001170550787348 -0.068314447784606949 0.016982980602905075 -0.06176665567520373 -0.038913247978074987 0.080164585578147957 0.09624392204237453 -0.020243802361063015 0.065295105137804871 -0.038049341932812647 -0.049893183039818642 0.062855449121050996 -0.062289861768383463 0.052271324620351028 0.066176910014694126 -0.056220225558242798 -0.019549886631981012 -0.062957309320250204 -0.054085767718134503 -0.0020832401987216972 0.097687938812449193 0.15572923799814198 -0.046676959419113366 0.0057716386423652902 0.020742054770813135 -0.052237236662837819 0.051633597272830047 0.056001589387582408 0.015094482287495182
leaf_weight=5700.6571787605062 1069.1440968569368 39.551382564008236 35.023606769740582 92.198466718196869 23.134554989635944 337.83912240713835 38.373589739203453 21.405653193593025 42.833331201225519 152.23765651136637 19.415156811475754 17.635325849056244 32.532061219215393 54.951254971325397 92.056916978210211 14.39200574159622 28.793127134442329 145.68197625130415 90.904886119067669 56.87758145108819 106.41347677260637 29.368955302983522 9.0915118455886823 48.611018728464842 580.90946640074253 62.056397192180157 71.539107281714678 48.831957876682281 137.37626025825739 307.62724437564611
leaf_count=30525 13262 280 198 566 178 2706 209 97 311 813 125 85 196 324 541 81 160 855 633 427 602 134 43 336 3314 317 426 351 634 1526
internal_value=-3.89869e-05 0.000692593 0.0145373 0.00011271 -0.0180607 -0.0287949 0.0267811 0.00836515 0.0240762 0.0388581 0.0536061 -0.0112623 0.023221 0.00146667 0.0103448 -0.0356269 0.0128346 -0.000469854 -0.0173025 -0.00535703 0.00418183 0.0280459 0.0103383 -0.00499405 0.00977949 0.0114184 -0.0183377 0.000813457 0.0152933 0.0277228
internal_weight=9507.46 8438.32 339.229 8099.09 561.562 399.347 61.5081 162.215 304.205 214.486 171.653 89.7188 50.1674 7537.53 1349.7 69.3433 1280.36 6187.83 438.338 347.434 290.556 144.874 115.505 140.809 1188.3 1159.51 133.596 5749.49 1025.91 445.004
internal_count=60255 46993 2008 44985 4092 3093 387 999 1810 1249 938 561 281 40893 7323 405 6918 33570 2694 2061 1634 779 645 902 6377 6217 743 30876 5474 2160
is_linear=0
shrinkage=0.05


Tree=107
num_leaves=31
num_cat=0
split_feature=57 8 41 53 4 28 49 41 29 2 28 29 29 28 54 53 40 6 52 29 54 17 54 56 0 29 2 18 10 59
split_gain=15.6773 66.7092 118.253 99.3921 66.2714 63.9038 63.7323 53.2167 42.3797 46.4661 41.8067 40.8607 38.3671 35.1976 33.2809 35.2231 30.9919 28.9986 30.5762 28.5506 27.9758 26.6371 27.3377 23.114 22.7867 22.6973 22.3601 22.0552 22.0447 20.4364
threshold=0.0026478500000000006 -9.2534099999999975e-06 0.033234159583333304 0.10207698774999997 2.9932365000000003e-05 0.69392575000000012 0.63417400000000013 0.010294799999999953 0.23220441666666661 -9.7853449999999974e-06 0.14043400000000003 0.81969629166666669 0.40664170000000005 0.42426275000000008 0.25780700000000006 0.19509740841666665 0.33144925000000008 2.3093900000000003e-05 0.016662445000000001 0.25191675833333332 0.80756900000000009 2.2834189166666667e-05 0.10986700000000001 0.44083600000000006 -1.3015499999999999e-05 0.58358826833333344 -3.0662149999999996e-05 2.3370189251503766e-05 2.7971390000000004e-05 0.36760311666666673
decision_type=10 10 10 8 10 10 10 8 10 10 8 10 10 10 10 10 10 10 10 10 10 10 10 8 8 10 10 10 8 10
left_child=-1 3 5 7 21 10 8 -2 -4 11 -3 16 19 -11 15 -7 -10 18 -15 23 -12 22 24 -9 -5 -20 -8 -14 29 -18
right_child=1 2 6 4 -6 14 26 12 9 13 20 -13 27 17 -16 -17 28 -19 25 -21 -22 -23 -24 -25 -26 -27 -28 -29 -30 -31
leaf_value=-0.000619339704755762 0.056619148508237009 0.023119784336563375 -0.031661519147059405 -0.05290195986066152 -0.044972609845374933 0.058191134695985129 0.058792067943310378 -0.047106441462025417 0.11238879554631208 -0.061454806623424833 -0.062584785591320427 -0.033618022833075412 0.020996039618897622 0.064432729404553288 0.070257408876581745 -0.054331799489653346 -0.016474890450489395 0.082782193397526307 0.048185749820015444 0.070506015652775728 0.050657324769210005 -0.027170137927686119 0.079177269146319521 0.047827403307226846 0.049522840935871629 -0.052961711816627302 -0.05955212865568571 -0.063687300153358814 0.085777653047060309 0.078994318901762117
leaf_weight=8765.1452760458924 25.834946073591709 18.000802305527031 23.330864503979683 7.1225040797144175 15.980022635310887 10.698833242058756 4.6257389932870856 19.742132328450683 33.861530944705009 13.717055782675741 132.01249966584146 9.51108844950795 9.1244537681341154 14.416353382170199 18.327909976243973 19.873858578503132 15.979577451944357 16.907118275761604 7.6389295309782055 14.023943342268465 5.6889281906187525 7.8693962953984729 107.61356524191797 9.4956059008836728 22.853299409151081 20.24647206813097 29.10390641912818 48.864231742918491 22.139984682202336 8.6344558894634229
leaf_count=56149 125 175 147 45 108 56 29 137 145 80 769 65 45 62 95 135 83 81 39 60 46 55 588 54 117 155 196 279 97 38
internal_value=-3.92737e-05 0.00708927 -0.0055141 0.0256418 0.0516793 -0.0328791 0.0199226 -0.00743406 0.0313679 0.0403867 -0.0485389 0.0643965 -0.0237778 0.0107138 0.0169827 -0.0149547 0.0759603 0.0274333 0.00531148 0.0118567 -0.0579064 0.0622974 0.0674145 -0.0162746 0.0251858 -0.0252534 -0.0433222 -0.0503625 0.0495771 0.0170151
internal_weight=9478.39 713.24 424.716 288.524 161.439 204.603 220.113 127.085 186.383 163.053 155.702 90.1266 101.25 72.9259 48.9006 30.5727 80.6155 59.2089 42.3018 43.2617 137.701 145.459 137.589 29.2377 29.9758 27.8854 33.7296 57.9887 46.754 24.614
internal_count=60255 4106 2493 1613 913 1276 1217 700 992 845 990 428 575 417 286 191 363 337 256 251 815 805 750 191 162 194 225 324 218 121
is_linear=0
shrinkage=0.05


Tree=108
num_leaves=31
num_cat=0
split_feature=27 18 3 3 17 40 17 53 28 11 48 10 54 18 28 54 23 48 23 59 11 59 40 28 40 59 28 11 28 53
split_gain=15.5396 16.4352 15.2117 16.3349 38.0023 59.5599 39.5642 37.915 66.7558 61.0041 37.3503 34.8175 32.1824 31.3046 33.4735 68.1451 70.0389 43.4544 31.2428 30.387 41.1603 30.3809 38.3374 36.4286 29.9853 54.6621 34.1469 29.8546 29.0407 27.6848
threshold=inf 1.0000000180025095e-35 6.9900850000000009e-06 4.2554999999999973e-07 -1.3908825666666664e-05 0.70579175000000005 -3.4116009166666663e-05 0.020140296166666603 1.0606550000000003 1.4258422872126438e-05 0.49109450000000004 -8.5919339999999978e-06 0.19543450000000004 3.9454388523761461e-05 0.67154990000000014 0.72680200000000006 2.0379679705607156e-05 0.36115800000000003 3.395120937495068e-05 0.020081535833333303 -1.8594296666666664e-05 0.65177522500000007 0.063084350000000025 0.074181650000000002 0.0038562599999999504 0.004095799083333301 0.44697700000000001 3.6352669166666672e-05 0.22415675000000004 0.32664810472222222
decision_type=8 8 10 10 10 10 8 8 8 10 8 10 10 8 10 8 10 8 8 10 10 10 10 8 10 8 8 10 8 10
left_child=-1 -2 3 -3 5 6 -5 8 9 -6 18 -10 -12 14 19 -16 -17 -18 -8 20 -9 22 23 -21 25 26 -22 -11 -26 -24
right_child=1 2 -4 4 7 -7 10 13 11 27 12 -13 -14 -15 15 16 17 -19 -20 21 24 -23 29 -25 28 -27 -28 -29 -30 -31
leaf_value=-0.05110225166885627 0.057172835920355762 0.0010592780454803075 0.042023572106389344 0.036708981586842597 -0.0055784357114871917 0.030750949168154976 -0.014764885269197642 -0.053869752894917293 0.069503476198659778 0.045951806768746266 -0.0098460374298605571 0.0050401781795736391 0.075048520466654889 0.0055341919276008372 -0.043539855387242282 -0.076571226830555769 0.057380057026673294 -0.015057477125460926 -0.046404429497668015 -0.068660582497508546 -0.027156949905505285 -0.040681696910808425 -0.049018942733437938 0.058881576558159038 0.027349984370309745 -0.052666932492738364 0.051490716194214393 -0.0654523064600641 -0.012228874827648815 0.04173546177259773
leaf_weight=14.875332714058457 12.571809501387177 7101.3914336813614 21.450827047228813 27.015491146594286 418.62003568559885 60.727798495441675 129.02368846535683 48.376791466027498 63.722756899893284 90.086846340447664 87.995812153443694 31.203641436994076 12.785446479916571 415.00696840323508 182.01298573613167 20.242052745074034 49.240060955286026 35.724395632743835 197.39354477450252 6.106806442141532 26.439685970544815 19.167001739144325 22.319325305521488 67.266777046024799 97.063301622867584 69.719462879002094 28.872494198381901 6.4439619034528723 88.700496807694435 13.47748154401779
leaf_count=1877 207 44000 145 154 2221 314 709 298 324 460 759 165 58 2795 1173 102 218 191 1440 32 148 123 127 306 537 593 157 37 515 70
internal_value=-3.8161e-05 4.2218e-05 -3.38856e-05 -0.000129696 -0.00377733 -0.0157546 -0.0219723 -0.000350536 0.00978378 0.00268394 -0.0256832 0.0483135 0.000923969 -0.00554725 -0.0114834 -0.0250237 0.00701021 0.0269228 -0.0338982 -0.00350596 -0.0109678 0.0173772 0.0275706 0.0482664 -0.00428994 -0.0232203 0.0138965 0.038515 0.00845144 -0.01485
internal_weight=9465.04 9450.17 9437.6 9416.15 2314.76 514.942 454.214 1799.81 610.077 515.151 427.198 94.9264 100.781 1189.74 774.729 287.219 105.207 84.9645 326.417 487.51 359.172 128.337 109.17 73.3736 310.795 125.032 55.3122 96.5308 185.764 35.7968
internal_count=60255 58378 58171 58026 14026 3434 3120 10592 3207 2718 2966 489 817 7385 4590 1684 511 409 2149 2906 2248 658 535 338 1950 898 305 497 1052 197
is_linear=0
shrinkage=0.05


Tree=109
num_leaves=31
num_cat=0
split_feature=50 18 28 11 54 41 28 5 57 40 18 55 28 59 41 23 28 53 59 59 5 22 53 40 14 11 28 8 52 40
split_gain=15.2197 92.4405 128.486 105.251 142.573 101.73 98.0463 88.8724 88.3202 101.942 95.3309 79.788 84.2073 78.1662 81.6232 75.2539 68.7669 67.0008 62.2792 74.3454 113.237 90.5 101.859 90.1114 96.897 91.7561 89.4521 76.7217 65.875 63.9793
threshold=0.022842600000000001 3.3091941059992917e-05 0.62104000000000015 -1.8328490374999994e-05 1.0000000180025095e-35 0.0077126737499999508 0.33856425000000007 -2.7615330952380947e-05 0.0026488499999999505 0.0025708355000000007 1.4478483090545412e-05 0.48215000000000002 0.0016008158333333004 0.0010259790022675002 0.50928705416666686 2.3571660255252437e-05 0.17102325500000001 0.035477785000000005 0.67987125833333339 0.054481399679487112 2.4649156750000001e-05 3.017870336311137e-05 0.66621307777777783 0.16008225000000004 -6.1528849999999998e-06 1.40046695e-05 0.87914095000000014 3.3527250000000003e-05 0.25453120000000007 0.64743950000000006
decision_type=8 10 10 10 10 8 8 10 8 8 10 10 8 10 8 10 8 10 10 10 10 8 10 10 10 10 8 10 10 8
left_child=1 2 3 6 5 -5 -1 -6 10 15 -4 12 -3 14 -8 -10 -2 -9 19 21 23 22 -18 25 28 26 -21 -26 -25 -23
right_child=16 11 8 4 7 -7 13 17 9 -11 -12 -13 -14 -15 -16 -17 18 -19 -20 20 -22 29 -24 24 27 -27 -28 -29 -30 -31
leaf_value=-0.06625900306111733 0.0079230291983005685 -0.042000216544201607 0.07724047855594357 -0.010626710078223287 0.099073324167564494 0.029005037669103225 -0.076843240051118589 -0.046818658551921861 -0.090156820898582513 0.064023185403783212 0.0045988303258987619 0.043938971638234389 -0.0047872866293246193 0.066663918623574417 0.051133677946882165 0.023913453135117071 -0.024348765419924576 0.0064013058150517652 -0.047464076844456804 0.05874764912649192 -0.049561011191767847 0.0040329410979167007 0.0090936672292704877 -0.016411387133072719 -0.049703453323715396 -0.024980005724269283 0.013586083487324235 0.089065396954492906 0.066764999774679326 -0.016989380780784952
leaf_weight=107.55989900045097 1417.5070368535817 170.91442704573274 50.240903317928314 232.39700984209776 13.933126762509344 533.94531453773379 35.112524226307869 191.05722908303142 18.113559424877167 222.38711542636156 447.04365686699748 74.902778547257185 1375.1667017787695 32.394967097789049 19.311699114739895 71.653135314583778 1064.7404252886772 85.650224255397916 83.725573748350143 216.12189808487892 73.344790797680616 1635.0968298842199 289.62496753036976 44.813849791884422 121.32801997661591 72.234458334743977 222.55621182732284 10.851155400276182 50.776354759931564 464.80932716047391
leaf_count=603 9579 1099 257 1084 60 2861 170 1028 80 1166 2360 443 7819 185 133 348 6548 420 443 1068 527 10314 1630 230 745 428 1237 45 251 7094
internal_value=-3.7883e-05 0.00247365 0.00950022 -0.00054085 0.00567759 0.0169865 -0.0343551 -0.024141 0.0250233 0.0458695 0.0119379 -0.00645942 -0.00890106 0.00517044 -0.0314324 0.0008958 -0.00164116 -0.0303453 -0.00475776 -0.00391965 0.00969368 -0.00711986 -0.0171973 0.0155772 -0.010578 0.0272373 0.0358357 -0.0383113 0.0277709 -0.000620301
internal_weight=9449.32 3681.78 2060.8 1251.36 1056.98 766.342 194.379 290.641 809.438 312.154 497.285 1620.98 1546.08 86.8192 54.4242 89.7667 5767.53 276.707 4350.02 4266.3 812.027 3454.27 1354.37 738.682 227.769 510.913 438.678 132.179 95.5902 2099.91
internal_count=60255 20116 10755 6544 5453 3945 1091 1508 4211 1594 2617 9361 8918 488 303 428 40139 1448 30560 30117 4531 25586 8178 4004 1271 2733 2305 790 481 17408
is_linear=0
shrinkage=0.05


Tree=110
num_leaves=31
num_cat=0
split_feature=27 18 20 29 8 29 11 4 40 49 28 57 40 41 40 17 10 4 18 57 55 17 17 29 16 6 0 57 56 56
split_gain=14.7812 15.4331 14.6404 39.6082 80.0164 68.6908 108.913 89.1446 88.8274 102.188 79.5152 55.7223 68.5616 52.5059 79.5972 51.6756 51.0913 67.5656 52.8184 50.4598 50.0629 46.9285 60.2756 45.5705 77.5224 109.145 83.6717 45.0332 45.0229 42.9539
threshold=inf 1.0000000180025095e-35 4.2385888634952788e-05 1.0000000180025095e-35 -3.2064849999999995e-05 0.25191675833333332 2.4415543916666669e-06 -2.0061124999999995e-05 0.090120525000000021 0.5033240000000001 0.98681950000000007 0.0029155000000000001 0.011569016999999951 0.60474462500000004 0.0089980350000000518 -2.5861679166666661e-05 2.0028795000000003e-05 3.8007860000000003e-05 4.9543754962901348e-05 -0.0026569999999999498 0.53355800000000009 9.271063833333335e-06 -1.1893111916666665e-05 0.99311674621212143 2.2559266500000002e-06 -3.0552149999999992e-05 2.3057500000000004e-05 1.0000000180025095e-35 0.12849400000000002 0.32122400000000007
decision_type=8 8 10 10 10 10 10 10 8 10 10 8 8 8 8 10 10 10 10 10 8 10 10 10 10 10 10 8 10 8
left_child=-1 -2 -3 4 20 11 7 10 15 -10 -7 12 -5 14 19 -9 18 -18 -14 -8 -4 22 -13 24 -17 -26 -27 -11 -28 -16
right_child=1 2 3 5 -6 6 13 8 9 27 -12 21 16 -15 29 23 17 -19 -20 -21 -22 -23 -24 -25 25 26 28 -29 -30 -31
leaf_value=-0.051064472825864821 0.056827493444459934 -0.0011247418913297065 -0.060300634338940277 -0.030169877324484021 -0.033027909276752004 -0.055266567216740815 0.020370893035403161 -0.045260686040203349 -0.043055899337842332 0.092165942629620121 0.033161280625764789 0.033871379550053454 0.052299923045138197 -0.024892350674357046 0.048026713942855903 0.05595622656119157 -0.053207264468303386 0.10631753800274245 -0.0078964020826407626 -0.033957270735525111 0.051060272460608715 0.058001239240576034 -0.057035812673058087 -0.025318483587400034 -0.047583839868332277 -0.059944909691128805 0.056348840272732938 -0.028565815924185986 -0.06334594247858448 0.0091855940276751851
leaf_weight=14.170966920442877 11.948838930577038 7189.6730452794582 12.335661923512815 89.315550774335861 177.66944408789277 162.28647496923804 89.548476567491889 37.05719305947423 184.46650011464953 22.594058774411678 30.144235491752625 82.101348254829645 121.27085077390075 66.985459692776203 235.51150231435895 118.53599517419934 37.754144258797169 8.0534522980451566 52.094430178403854 81.765411764383316 55.494894184172153 137.60023863986135 23.439984057098627 55.269484419375658 66.284577615559101 21.493335768580437 106.58948503434658 11.73559634760022 8.4815296381711942 102.01183186285198
leaf_count=1877 207 44050 121 591 1606 984 645 270 1478 121 156 517 633 422 1247 622 244 37 284 528 388 888 115 369 368 128 533 96 55 675
internal_value=-3.76491e-05 3.92803e-05 -3.30018e-05 0.00353826 -0.0153903 0.0059184 3.29788e-05 -0.0116153 -0.00254941 -0.028315 -0.0414144 0.0208633 0.00675515 0.0167206 0.0221987 0.011077 0.0218025 -0.0251611 0.0342116 -0.00555908 0.0308082 0.0387632 0.0136815 0.0166198 0.023832 0.00506008 0.030612 0.0508938 0.0475265 0.0362875
internal_weight=9413.68 9399.51 9387.56 2197.89 245.5 1952.39 1400.76 824.938 632.508 218.796 192.431 551.63 308.488 575.823 508.837 413.712 219.173 45.8076 173.365 171.314 67.8306 243.142 105.541 376.654 321.385 202.849 136.564 34.3297 115.071 337.523
internal_count=60255 58378 58171 14121 2115 12006 8697 5180 4040 1695 1140 3309 1789 3517 3095 2345 1198 281 917 1173 509 1520 632 2075 1706 1084 716 217 588 1922
is_linear=0
shrinkage=0.05


Tree=111
num_leaves=31
num_cat=0
split_feature=3 51 53 17 1 41 7 5 58 48 18 28 58 11 16 17 59 7 41 17 41 11 57 40 29 40 28 56 28 53
split_gain=14.5243 15.0594 14.5693 39.3303 26.5967 29.0824 22.5271 21.4652 20.9321 17.8096 91.2699 112.383 90.401 119.632 151.668 143.296 138.141 107.037 103.915 106.847 89.2681 85.9953 80.4194 94.9124 93.1714 81.991 79.6976 77.3718 73.5562 68.6856
threshold=-7.5277099999999998e-06 -0.026587499999999948 0.96163372500000022 -2.2808174999999998e-05 7.1596800000000014e-06 0.65976754166666673 -2.4382799999999996e-05 -2.1572227083333333e-07 0.0026420885000000001 0.022842600000000001 3.3091941059992917e-05 0.70090980000000014 0.0068695195000000008 2.2118814166666673e-06 -1.8918279999999997e-05 -1.5460747774999997e-06 0.0009687641666666501 -3.0076599999999998e-06 0.0032782221666666504 3.9243269166666679e-06 0.0060318717857142509 -2.1694964024999994e-05 0.0026478500000000006 0.0025708355000000007 0.91644129166666677 0.059177875000000005 0.17102325500000001 0.48513400000000001 0.0041169724999999503 0.012809300916666601
decision_type=8 10 10 10 10 10 8 10 8 8 10 10 10 10 8 8 10 10 10 10 8 10 8 8 10 10 8 10 8 10
left_child=1 -1 9 7 5 8 -6 -4 -5 10 11 12 13 14 -2 -16 20 -18 19 -15 -17 -22 24 -24 -13 29 -11 28 -12 -26
right_child=2 -3 3 4 6 -7 -8 -9 -10 26 27 22 -14 18 15 16 17 -19 -20 -21 21 -23 23 -25 25 -27 -28 -29 -30 -31
leaf_value=-0.043388706727655414 0.063816500074597146 0.066052152900435243 -0.058546762411135246 -0.032047000615015989 0.077384928656381344 -0.033397729307489722 -0.047925229497236016 0.065535313489762062 0.048353388027055001 0.0082045743262960415 -0.039581822795503867 0.036313909630195255 -0.021011683491217351 -0.049129855761897552 -0.044619220234659973 -0.05565374575757031 0.11360778661046347 -0.070429409920695185 0.046545491254591655 0.048300045868335126 -0.060130526481662505 0.026285846542513033 0.0017697584866421976 0.065579373909684435 0.027288567371781133 -0.056436504551837456 -0.0057226221051317611 0.042249688091996494 -0.0051013453768452947 -0.046544305307792654
leaf_weight=3.9621052816510227 70.011067494750023 15.21078712120652 23.840946968644861 8.788173593580721 4.4116666615009308 14.440534770488737 19.175406329333786 4.0822389274835578 102.6858272626996 1372.1656651627272 173.8287315107882 209.07119484990835 352.91390126943588 69.49680345505476 227.42843645811081 70.401715815067291 44.002088151872158 9.6296793147921544 277.32195883989334 47.285745061933994 35.352855280973017 155.04929533228278 83.42960923910141 193.29136769101024 127.16399673372507 66.784419570118189 4085.9895156319253 77.564761485904455 1403.5312916859984 41.871652215719223
leaf_count=105 343 90 197 58 20 93 130 20 612 9239 1144 1001 1921 361 1134 326 197 53 1427 235 251 899 393 1030 693 438 29142 473 8002 228
internal_value=-3.79875e-05 0.043436 -0.000126934 0.0140647 0.0242386 0.0333662 -0.0244875 -0.0404065 0.0420149 -0.000400815 0.00225934 0.00922991 0.000761615 0.00840004 -0.00543796 -0.0143859 0.00748154 0.0805636 0.0298845 -0.00968008 -0.00754706 0.0102405 0.0251769 0.0463412 0.0120127 -0.00953203 -0.00222136 -0.00650378 -0.00890117 0.0089995
internal_weight=9390.18 19.1729 9371.01 177.425 149.502 125.915 23.5871 27.9232 111.474 9193.59 3735.43 2080.51 1358.89 1005.98 611.875 541.864 314.436 53.6318 394.105 116.783 260.804 190.402 721.612 276.721 444.891 235.82 5458.16 1654.92 1577.36 169.036
internal_count=60255 195 60060 1130 913 763 150 217 670 58930 20549 10930 7147 5226 3203 2860 1726 250 2023 596 1476 1150 3783 1423 2360 1359 38381 9619 9146 921
is_linear=0
shrinkage=0.05


Tree=112
num_leaves=31
num_cat=0
split_feature=23 52 54 11 29 41 11 54 17 59 12 28 17 52 29 41 16 40 23 12 41 17 58 17 12 50 41 29 12 22
split_gain=14.8116 54.2946 29.4264 34.021 37.0293 27.9685 15.6803 94.5438 76.1487 91.7476 115.566 112.448 83.3126 101.123 84.0582 73.7808 97.6295 84.5309 78.6176 77.4717 67.3338 92.3602 64.9296 64.5532 79.2962 66.1825 63.3125 62.8903 82.4189 80.9176
threshold=1.3200911279788101e-05 0.056729440000000006 0.24416950000000001 2.2118814166666673e-06 0.39130175000000006 0.85733145833333346 -1.1472506888095235e-05 0.14449550000000003 -2.5528873249999998e-06 0.014708385402173901 -1.8458999999999997e-05 0.70090980000000014 -1.6760904999999994e-05 0.40392299999999998 1.1572862500000003 0.028210716666666653 1.7029410000000001e-05 0.43966758333333339 4.288124359708008e-05 -2.6847149999999997e-06 0.50195100000000015 2.4413174166666669e-05 0.0068695195000000008 -2.4173325833333327e-05 -2.9917899999999997e-05 1.0000000180025095e-35 0.6228780833333335 0.60615182500000009 -2.4600199999999995e-05 2.4708759273892014e-05
decision_type=8 8 10 10 10 8 8 10 8 8 10 10 10 10 8 10 8 10 10 8 10 10 10 10 10 8 10 10 10 10
left_child=1 -1 3 5 -5 -3 7 8 9 12 23 -12 -2 14 26 16 19 18 20 22 21 -17 -10 24 -11 -25 -14 28 -9 -29
right_child=6 2 -4 4 -6 -7 -8 27 15 10 11 -13 13 -15 -16 17 -18 -19 -20 -21 -22 -23 -24 25 -26 -27 -28 29 -30 -31
leaf_value=0.061906358710098801 -0.029467879271299166 -0.068736546274049931 0.085505703250038034 0.075827031863678895 -0.073808838643992097 0.051739276807965653 -0.001723837987527551 -0.067105864319398481 0.059518071016632548 0.016266995812028909 -0.057415862056439726 -0.0016821861866704907 -0.015812563589803357 0.083079259156542962 0.079279712231663538 0.051025345884518583 0.01535739412558465 -0.0055069188025587724 -0.00055056386885814798 -0.030624087581781319 -0.023731174678299018 -0.034506678058546236 -0.060884016826728331 0.064234935657177139 -0.068408418130983875 -0.0063775299906162685 0.086738983323070354 0.065022475763262685 0.044898908201845798 -0.02892025883321522
leaf_weight=43.020522380247712 105.1407269127667 31.831534150987864 7.0755400964990249 13.718400046229364 5.917961671948432 5.6764208674430838 6117.4598667658865 17.501844942569733 46.164129703771323 58.604678988456726 274.13809040747583 135.10298363491893 162.65008106827736 55.6037373021245 34.139932572841644 362.90116253122687 302.97143576806411 336.93007007613778 199.73493903502822 361.59514069370925 40.975735284388065 34.568722389638424 14.783024765551088 64.64066306874156 52.344174416735768 68.187560042366385 16.584936380386353 30.733410112559795 266.83875084575266 90.188252501189709
leaf_count=268 850 185 55 74 28 26 40787 107 238 374 1666 871 918 260 171 1898 1813 2256 1290 2114 244 229 85 324 331 429 79 150 1581 554
internal_value=-3.64584e-05 0.0184387 -0.01068 -0.0225896 0.0307301 -0.0505038 -0.00025064 0.00262589 -0.000721991 -0.0114715 -0.0227823 -0.0390165 0.0082714 0.0230233 0.00737317 0.00577045 -0.00630328 0.0147537 0.0254504 -0.0218344 0.0372952 0.0435865 0.030314 0.00447073 -0.0236817 0.0279859 -0.00632329 0.02516 0.0380047 -0.0050438
internal_weight=9357.72 107.24 64.2199 57.1443 19.6364 37.508 9250.48 3133.02 2727.76 1027.14 653.018 409.241 374.119 268.979 213.375 1700.62 725.514 975.111 638.181 422.542 438.446 397.47 60.9472 243.777 110.949 132.828 179.235 405.262 284.341 120.922
internal_count=60255 636 368 313 102 211 59619 18832 16440 6273 3995 2537 2278 1428 1168 10167 4250 5917 3661 2437 2371 2127 323 1458 705 753 997 2392 1688 704
is_linear=0
shrinkage=0.05


Tree=113
num_leaves=31
num_cat=0
split_feature=27 18 3 3 3 41 40 17 28 19 28 56 17 59 41 11 11 59 11 29 57 11 13 40 17 59 17 11 54 17
split_gain=13.9884 14.4185 13.6479 13.6308 13.8424 29.1858 33.2328 40.9904 40.5848 27.1775 26.0119 46.7651 30.1357 23.4322 32.0141 33.1236 27.9524 20.8973 36.367 26.8797 23.3378 20.2786 19.052 18.6421 28.8068 31.152 18.1945 18.0327 80.5769 75.0312
threshold=inf 1.0000000180025095e-35 -7.5277099999999998e-06 6.9900850000000009e-06 9.981050000000008e-07 0.0019281404166666004 0.038572205000000005 -1.3315841249999998e-05 0.26151170000000007 1.7823853673772506e-05 0.5502227500000002 0.79995500000000008 -3.2860410833333323e-05 0.18789275092307692 0.37743385166666671 -7.4040666499999991e-06 2.5091116299166668e-05 0.0050640553333333007 -1.7570896408333331e-05 0.46856890833333337 0.0026424000000000005 -4.3441346538288284e-06 -2.8646149999999997e-07 0.9531002500000002 -9.9597154999999979e-06 0.0039191101666666509 2.1660413928571435e-05 -1.4118049199999998e-05 0.13915800000000003 -3.1099936199999992e-06
decision_type=8 8 8 10 10 8 8 10 10 10 10 8 10 10 10 10 8 8 10 8 8 10 10 8 10 10 8 8 10 8
left_child=-1 -2 -3 4 27 21 7 -7 -9 -10 13 12 -12 16 15 -15 17 18 -8 20 -19 -6 -18 24 -20 -26 -24 28 29 -4
right_child=1 2 3 -5 5 6 10 8 9 -11 11 -13 -14 14 -16 -17 22 19 23 -21 -22 -23 26 -25 25 -27 -28 -29 -30 -31
leaf_value=-0.05099437716653149 0.056441783284629114 0.043423385913628695 -0.011988220672132155 0.040007494712301465 -0.040232756659734248 -0.025679420813057463 -0.04624757024982247 -0.020020392464234454 -0.021713826508771343 0.045521660726271999 0.071623945597341337 0.025228871783234932 -0.039599065026958952 0.038721668356251099 0.081404326761190568 -0.071800819574114105 -0.022804383482797785 -0.039164466806370014 0.048394249826550523 -0.051649311903730115 0.016415397506912854 -0.0066350932109330409 0.11879717938718229 0.066780100446209162 -0.042564258438179174 0.099590150783974762 -0.020010055944878379 -0.0010210255090422765 0.028801278857925435 0.0078646066651978496
leaf_weight=13.447857514023779 11.316416057758031 18.034071542322636 746.5345487203449 21.119732394814491 93.521609287708998 50.878118369728327 24.699813190847635 39.11743257381022 17.074150331318378 125.52637089788914 6.3441332429647437 40.208955345675349 152.15228221565485 18.860911086201671 19.651203468441963 10.582988571375607 5.7937791347503689 31.070596378296614 26.096397995948792 51.976151619106531 48.166301265358925 86.40661446005106 10.015530716627833 18.793929144740105 27.298606134951118 4.4874704629182807 3.0888590160757312 6008.8409957308322 290.40512529760599 1312.9296935033053
leaf_count=1877 207 139 4506 145 602 334 173 232 90 637 34 201 1149 119 96 60 53 198 130 925 269 500 61 90 160 18 39 37756 1681 7774
internal_value=-3.60603e-05 3.74597e-05 -3.11028e-05 -0.000115443 -0.00020685 -0.00605664 -0.00162125 0.0139889 0.0250954 0.0374713 -0.00889332 -0.0229298 -0.0351471 0.000385726 0.0319818 -0.00100331 -0.00578243 -0.010534 0.00651664 -0.0237075 -0.00537874 -0.0240982 0.0526974 0.0235136 0.00946536 -0.0224953 0.0860787 0.000431276 0.00414495 0.000668161
internal_weight=9334.44 9320.99 9309.68 9291.64 9270.52 911.812 731.884 232.596 181.718 142.601 499.288 198.705 158.496 300.583 49.0951 29.4439 251.487 232.589 101.376 131.213 79.2369 179.928 18.8982 76.6764 57.8825 31.7861 13.1044 8358.71 2349.87 2059.46
internal_count=60255 58378 58171 58032 57887 6170 5068 1293 959 727 3775 1384 1183 2391 275 179 2116 1963 571 1392 467 1102 153 398 308 178 100 51717 13961 12280
is_linear=0
shrinkage=0.05


Tree=114
num_leaves=31
num_cat=0
split_feature=20 48 13 28 11 58 41 5 11 40 41 23 55 5 18 5 6 16 13 20 18 6 29 53 29 7 28 5 58 28
split_gain=14.0604 39.1315 109.513 60.5805 98.9347 105.094 115.999 100.172 87.7117 93.9033 78.4675 69.8652 81.2159 67.3726 66.3458 65.6151 67.7527 65.2422 61.8435 58.126 56.9481 73.862 77.8476 55.1987 53.5277 112.221 78.6512 68.4079 52.0269 68.0556
threshold=4.2385888634952788e-05 0.022842600000000001 2.5623500000000006e-05 0.70090980000000014 -3.9318136666666662e-06 0.00052841699999995012 0.0023566224999999508 -2.8202872166666662e-05 -8.0358248264367813e-06 0.061739675000000056 0.0012854208333333004 2.1873963085329401e-05 0.88742900000000013 -2.0557471666666665e-05 3.5910454920024509e-05 -1.0061713644345235e-05 -1.0000000180025095e-35 6.6972900000000012e-06 -1.0343649999999999e-05 3.4463436927061756e-05 2.0586948182689163e-05 2.1714100000000003e-05 0.025125698809523752 0.055413299710884302 0.56707014880952389 -2.2817199999999996e-05 1.0386600000000004 2.3287017833333333e-05 0.0013210410000000002 1.0207820000000003
decision_type=10 8 10 8 10 10 10 10 10 8 8 8 8 10 10 10 10 10 8 8 10 10 10 10 10 10 10 10 10 10
left_child=1 2 3 4 11 6 20 -7 14 13 -11 -1 15 -10 -5 -13 -17 28 19 -14 -6 22 -22 -12 -3 26 27 -26 29 -15
right_child=-2 24 -4 8 5 7 -8 -9 9 10 23 12 18 17 -16 16 -18 -19 -20 -21 21 -23 -24 -25 25 -27 -28 -29 -30 -31
leaf_value=0.016403165563920356 0.0034969782948158657 0.0001927774987967846 -0.03344138643931175 0.040641161102131576 -0.066388495084355764 0.066851958493590921 0.035089103375378843 -0.030426645806654613 -0.046347058715640398 0.078602583216724961 -0.012049244701518604 -0.039895115424558016 0.06327323886861716 0.024780507652181441 -0.004410004781212 0.02240335151499083 -0.031759331074334603 0.061580840627371292 -0.063688072181037947 -0.058795061277536677 -0.06730779093699607 -0.051844149173029069 0.043971829373932771 -0.063623286651950314 -0.011352741607894519 -0.016412669500396073 0.078950410497506229 0.071321537638629251 0.056358865560342045 -0.039190106186651585
leaf_weight=149.04833732917905 2163.2182514127344 2652.8674921719357 188.95003476366401 378.58023913577199 37.711051046848297 30.417998522520065 454.14527574926615 203.56601221859455 34.735271722078323 19.253872692584991 192.34843659773469 117.57140065357089 21.110425099730492 103.63730511814356 104.21993928030133 179.61770825833082 85.091469705104828 95.52000055462122 148.70826040674001 18.125627636909485 19.058620803058147 44.787948966026306 89.622099600732327 71.042590703815222 120.11058264086023 1396.7353576999158 48.613000476267189 31.604853413999081 51.511301957070827 69.428628019988537
leaf_count=784 14155 20661 1168 2081 188 135 2336 1035 202 97 1191 764 96 480 606 944 460 489 700 95 112 221 406 480 912 8463 255 149 249 341
internal_value=-3.54769e-05 -0.00110306 0.00336638 0.00592438 -0.000323587 0.0109264 0.021335 -0.0177804 0.0148399 0.00266441 -0.0188371 -0.0140767 -0.0220437 0.0197916 0.0309162 -0.00881273 0.00499261 0.0269686 -0.0489555 0.00688213 -0.0113376 0.00218977 0.0244575 -0.0259599 -0.00416106 -0.0113932 0.0236039 0.00586969 0.012247 -0.000882498
internal_weight=9320.96 7157.74 2907.81 2718.86 1598.58 879.309 645.325 233.984 1120.28 637.477 282.645 719.273 570.225 354.833 482.8 382.281 264.709 320.097 187.944 39.2361 191.18 153.469 108.681 263.391 4249.93 1597.06 200.328 151.715 224.577 173.066
internal_count=60255 46100 15660 14492 8276 4433 3263 1170 6216 3529 1768 3843 3059 1761 2687 2168 1404 1559 891 191 927 739 518 1671 30440 9779 1316 1061 1070 821
is_linear=0
shrinkage=0.05


Tree=115
num_leaves=31
num_cat=0
split_feature=23 52 54 11 41 41 53 16 23 2 41 23 23 16 11 13 11 18 23 59 41 5 17 41 10 52 41 53 56 59
split_gain=13.9016 50.0419 27.3845 31.4111 25.8503 23.5741 14.6056 42.5644 25.7506 22.6687 22.7513 29.2033 28.6308 24.9515 23.8757 21.9104 62.2336 89.8484 63.9841 79.4166 58.9768 52.3194 51.7617 69.8164 49.963 50.1231 46.9078 46.4618 41.3293 44.0928
threshold=1.3200911279788101e-05 0.056729440000000006 0.24416950000000001 2.2118814166666673e-06 0.85733145833333346 0.038843075833333303 0.93950863333333345 -2.2396959999999996e-05 4.5931699244167455e-05 2.5482800000000003e-05 0.35454730125 2.8077342671665944e-05 1.6828063845102076e-05 2.6788865000000005e-05 4.2007321964285725e-07 -2.1169949999999995e-05 9.7453310833333336e-06 4.6539183665550436e-05 3.6134469201184758e-05 0.051809630833333307 0.21681141249999999 7.4023529243589746e-06 -1.6493681982881351e-05 0.66572520833333348 2.0028795000000003e-05 0.27948075 0.044164369047619008 0.00031350324999995007 0.65813350000000015 1.0000000180025095e-35
decision_type=8 8 10 10 8 8 10 10 8 8 10 10 10 10 10 8 10 10 8 8 8 10 8 10 8 10 8 10 10 8
left_child=1 -1 3 4 -3 -5 15 -8 9 10 12 -12 14 -14 -9 16 18 -18 19 20 21 -2 23 24 28 -26 -19 -23 29 -17
right_child=6 2 -4 5 -6 -7 7 8 -10 -11 11 -13 13 -15 -16 22 17 26 -20 -21 -22 27 -24 -25 25 -27 -28 -29 -30 -31
leaf_value=0.060632803397230123 -0.050081503526293904 -0.066864517359025044 0.083640660052256718 -0.040073317273297868 0.049838008925095288 0.073985170769775441 -0.040255341048247864 0.062580262703741105 0.062640036259872356 -0.045713223896039878 0.06129322177663165 -0.064780212623358396 0.044776554469717726 -0.056606025073268285 -0.067719968773591863 -0.0049750177471857941 -0.038285354557088126 -0.052868060946743206 0.0021321679919865159 0.0585981371446661 0.048213455135201547 0.08176283317003942 -0.00024954139101531387 0.035106018062501902 -0.010757902188306412 0.069401462595412813 0.047022308941266293 -0.029787172985258594 0.054300479092231561 -0.039826493907668334
leaf_weight=41.596990676596761 53.6961365416646 30.934061892330647 6.9260846935212603 7.3625367730855968 5.6048470735549918 11.776286054402588 32.578960854560137 4.8885129839181927 31.83030740916729 14.740936826914547 6.5385991632938412 15.43914135545492 94.823215022683144 6.4838702231645575 12.518644243478773 125.47296880930662 154.09918391564861 14.509821806102989 476.20990767516196 141.86131528019905 52.14999532699585 19.005954876542091 7353.078225587029 62.060328140854836 68.043103128671646 27.336318414658308 61.850482203066349 18.344280228018761 14.953616820275782 327.97879395447671
leaf_count=268 364 185 55 36 26 66 260 36 216 115 48 101 553 41 66 714 965 153 3479 868 321 85 47415 318 667 143 315 124 80 2172
internal_value=-3.53306e-05 0.0181248 -0.0101196 -0.021783 -0.0489631 0.0301079 -0.000241228 0.0124914 0.0216679 0.0132775 0.0194582 -0.0272721 0.0281095 0.0382879 -0.0311273 -0.000553264 0.00645579 -0.0163087 0.0133473 0.032083 0.00581512 -0.01847 -0.00142444 -0.0152284 -0.0207691 0.0122163 0.0280414 0.0269759 -0.0274858 -0.0301829
internal_weight=9294.69 104.201 62.6038 55.6777 36.5389 19.1388 9190.49 219.842 187.263 155.433 140.692 21.9777 118.714 101.307 17.4072 8970.65 991.727 230.459 761.268 285.058 143.196 91.0464 7978.92 625.845 563.785 95.3794 76.3603 37.3502 468.405 453.452
internal_count=60255 636 368 313 211 102 59619 1436 1176 960 845 149 696 594 102 58183 6674 1433 5241 1762 894 573 51509 4094 3776 810 468 209 2966 2886
is_linear=0
shrinkage=0.05


Tree=116
num_leaves=31
num_cat=0
split_feature=39 53 16 0 41 58 53 5 12 28 58 23 5 11 19 4 55 23 28 23 11 53 41 11 53 11 53 8 54 16
split_gain=13.8425 13.1588 33.1878 23.8618 25.4321 20.7567 19.2756 18.2344 17.8777 70.8304 85.2395 59.3479 57.567 52.7546 99.2076 50.362 59.2544 70.5168 49.5411 78.9272 48.1866 46.7743 40.3832 38.6662 35.5676 46.5214 42.4082 36.2351 34.4424 32.9689
threshold=inf 0.96163372500000022 -2.2396959999999996e-05 6.6554550000000011e-06 0.71675561363636375 0.0026420885000000001 0.97493850000000004 -2.1572227083333333e-07 -2.1214599999999995e-05 0.82754450000000024 0.30682570000000003 3.2916783190574908e-05 -3.1943206327683612e-05 7.8561779416666681e-06 4.6694641218739961e-05 3.0332339500000006e-06 0.65813350000000015 4.4021461572915066e-05 0.54049750000000008 3.3802852320034909e-05 1.0214828800833335e-05 0.24158474499999996 0.5684720000000002 2.207474916666667e-05 1.0000000180025095e-35 2.0642020833333336e-07 0.5515699658333334 -3.2064849999999995e-05 0.27149400000000007 -3.3177494999999992e-05
decision_type=8 10 10 10 10 8 10 10 8 10 10 10 8 8 10 8 8 10 8 8 10 10 10 8 10 10 10 8 8 10
left_child=-1 8 7 4 5 -4 -5 -3 9 10 12 -12 -2 18 20 16 29 -18 24 -20 -15 -22 -16 -23 25 27 -26 -14 -21 -11
right_child=1 2 3 6 -6 -7 -8 -9 -10 15 11 -13 13 14 22 -17 17 -19 19 28 21 23 -24 -25 26 -27 -28 -29 -30 -31
leaf_value=-0.054270865497530532 -0.058223065385479535 -0.05660400399781948 -0.030743903107428801 0.038082959550070385 -0.038167031470483635 0.046784969254625976 -0.056154872027664497 0.055215966949790009 -0.00099744480980620831 0.049242998245042351 0.065562268092447182 -0.062242250637383902 0.079052744750964063 0.012841926038153886 0.084758659479635567 -0.048214210701854249 0.075666887391605431 -0.05631047599440208 0.060590798381340884 -0.00041834982430291509 -0.062672384708995485 0.056076622342714239 -0.062068081961604328 -0.063206197607306197 0.062159000462528216 0.065529748163937696 0.015141148649488748 -0.047932204797267654 -0.068635520456220095 -0.034849919549328069
leaf_weight=11.749355334788559 23.420943018049002 21.800384275615219 9.4643260315060598 8.4337169751524943 11.525428570806978 98.310430303215981 15.21629712730646 4.3779504746198645 8102.2382632824592 13.506549496203659 10.901502586901186 54.468184258788824 6.8270541131496429 82.889149695169181 40.212663151323795 86.083731600083411 39.785543218255043 13.574537036009131 42.197363294661045 54.843904865905643 65.95258582662791 18.853343732655048 5.3003334626555434 10.621211841702463 190.66055081039667 22.119761754758656 64.075947064906359 31.715853370726109 27.924173837527633 85.040019866079092
leaf_count=816 162 194 63 51 81 613 107 22 51586 92 64 376 30 828 182 752 196 129 253 384 428 88 36 68 1090 130 439 170 150 675
internal_value=-3.38774e-05 3.49226e-05 0.0138536 0.0233319 0.0324273 0.0399767 -0.0225492 -0.0379037 -0.000222097 0.00611716 0.0136323 -0.0409287 0.0188192 0.0215359 0.00177075 -0.0176601 -0.000345444 0.0420925 0.0315822 0.00493927 -0.0150465 -0.0392708 0.0676596 0.0130928 0.0421385 0.0077311 0.0503322 -0.0254395 -0.0234334 -0.0233244
internal_weight=9274.09 9262.34 169.129 142.95 119.3 107.775 23.65 26.1783 9093.21 990.975 752.985 65.3697 687.615 664.194 223.829 237.99 151.907 53.3601 440.365 124.965 178.316 95.4271 45.513 29.4746 315.399 60.6627 254.736 38.5429 82.7681 98.5466
internal_count=60255 59439 1131 915 757 676 158 216 58308 6722 4878 440 4438 4276 1630 1844 1092 325 2646 787 1412 584 218 156 1859 330 1529 200 534 767
is_linear=0
shrinkage=0.05


Tree=117
num_leaves=31
num_cat=0
split_feature=57 8 23 53 23 40 5 48 11 13 40 17 56 0 20 23 56 12 12 55 40 5 17 17 7 23 17 40 11 18
split_gain=13.6927 56.4691 88.1218 84.2223 88.2378 47.0691 46.8574 55.9637 39.9512 32.0207 29.6928 48.9793 37.8293 29.9911 35.4632 29.5527 25.6061 25.0093 25.4935 21.1608 115.718 106.243 59.2365 59.156 63.095 57.5615 43.5248 67.2509 52.235 50.1902
threshold=0.0026478500000000006 -9.2534099999999975e-06 2.3239972855121771e-05 0.090983382499999974 3.7994175789370151e-05 0.010032428500000001 1.0396830080000001e-05 0.11986400000000001 8.9607589800000005e-06 1.0143850000000001e-05 0.014140050000000052 -1.5958141083333332e-05 0.027745350000000005 -1.4775399999999999e-06 2.8251108261386226e-05 4.7450149808617146e-05 0.60252650000000008 1.6061050000000004e-05 -1.5554149999999997e-05 0.0066052450000000018 0.10696987499999996 -1.2095915038461535e-05 -3.2860410833333323e-05 -1.7564423749999994e-05 2.2408900000000005e-05 4.7052934787069694e-05 -2.8446458249999999e-06 0.065604174999999973 -7.6175418298387095e-06 5.6317111759462975e-05
decision_type=10 10 10 8 10 10 10 10 10 10 10 10 10 10 10 10 10 10 10 10 10 8 10 10 8 8 10 8 10 10
left_child=19 3 -3 10 -5 8 15 17 9 16 11 -2 -13 14 -12 -7 -4 18 -8 -1 21 26 -22 24 -23 -25 27 28 -21 -28
right_child=1 2 5 4 -6 6 7 -9 -10 -11 13 12 -14 -15 -16 -17 -18 -19 -20 20 22 23 -24 25 -26 -27 29 -29 -30 -31
leaf_value=0.00072640176669531531 -0.044199630627318034 -0.048290652331021519 -0.041575478470128109 0.071043668965185644 -0.01187480017477451 0.049371276197497337 -0.055116067354553135 -0.061470161229398426 -0.057284534322367409 0.052660796041077186 0.065584561627798632 -0.054602026167993006 0.077631545576769725 -0.06539518841400116 -0.046368482737048355 -0.028607844937745288 0.033065886532230644 -0.049684593001125259 0.064743111622846086 -0.024267222838211071 0.056030496266124774 -0.04281710272296485 -0.025093972118362309 0.021389623487124778 0.039727674614755015 -0.041652132905966061 -0.039140879756685593 -0.056240735539815026 0.068272984385859811 0.048196386100415128
leaf_weight=6722.6022746851668 20.149362649768591 91.404560034163296 35.928902423009276 114.81272636167705 44.527416514232755 111.58660951629281 5.2381352707743636 30.313059967011213 41.217270443215966 23.299083352088928 13.085957236588003 6.6342831179499617 29.275110691785812 32.143685154616833 15.396163288503883 13.634743630886076 16.892268690280616 8.4437795616686326 28.983688302338123 23.633208535611629 23.333696492016315 84.261881850659847 631.48904509842396 714.4323012419045 31.919979017227888 38.142008278518915 210.7021746262908 28.582879595458508 42.983323387801647 17.842770554125309
leaf_count=44913 131 515 245 608 324 558 40 242 283 175 63 33 148 209 97 81 137 77 140 207 132 558 4087 3954 201 281 1289 208 211 108
internal_value=-3.30318e-05 0.00678037 -0.00506049 0.0242373 0.0478722 0.00746238 0.022321 -0.00952451 -0.017636 0.00383268 -0.00803765 0.0181922 0.0532013 -0.0322916 0.00506774 0.0408805 -0.0177051 0.0273818 0.046397 -0.000576015 -0.00531565 0.00395761 -0.0222032 0.0130681 -0.0201386 0.0181945 -0.0204901 0.00791565 0.035443 -0.0323224
internal_weight=9252.89 682.967 406.942 276.025 159.34 315.538 198.2 72.9787 117.338 76.1203 116.685 56.0588 35.9094 60.6258 28.4821 125.221 52.8212 42.6656 34.2218 8569.93 1847.32 1192.5 654.823 868.756 116.182 752.574 323.744 95.1994 66.6165 228.545
internal_count=60255 4106 2493 1613 932 1978 1138 499 840 557 681 312 181 369 160 639 382 257 180 56149 11236 7017 4219 4994 759 4235 2023 626 418 1397
is_linear=0
shrinkage=0.05


Tree=118
num_leaves=31
num_cat=0
split_feature=15 1 48 18 28 58 11 59 17 41 29 10 17 11 28 56 29 59 40 56 56 28 41 12 5 53 11 59 59 40
split_gain=13.4723 14.9958 13.708 74.8333 83.2517 74.4791 89.2747 108.182 107.83 81.8276 105.089 66.801 64.0934 119.92 61.9179 61.1199 73.4845 110.736 65.919 62.2879 60.613 64.0915 58.2478 56.4744 55.9962 63.0514 71.0786 55.8192 63.4945 104.975
threshold=1.0134499999999998e-06 -4.1099099999999994e-05 0.022842600000000001 3.3091941059992917e-05 0.70090980000000014 0.0068695195000000008 -1.8328490374999994e-05 0.0010259790022675002 -1.9937221282499995e-06 0.011569387916666651 0.2577927844166667 -2.6038579999999998e-07 2.6020862416666682e-07 1.7936395166666671e-06 0.15580632500000005 0.13915800000000003 0.91644129166666677 0.039553534166666661 1.0000000180025095e-35 0.48215000000000002 0.48513400000000001 0.0068606770000000008 0.039963236249999957 9.6741000000000011e-06 -2.8202872166666662e-05 0.00031350324999995007 8.9607589800000005e-06 0.67987125833333339 0.057188205833333304 0.15623400000000001
decision_type=10 8 8 10 10 10 10 10 10 10 8 8 10 10 8 8 10 10 8 10 10 8 8 10 10 10 10 10 10 10
left_child=2 -2 3 4 5 6 7 -1 -9 10 12 23 -8 -14 -4 16 17 -6 -17 -20 21 -5 -18 -12 -7 -26 -27 28 -16 -30
right_child=1 -3 14 20 15 24 9 8 -10 -11 11 -13 13 -15 27 18 22 -19 19 -21 -22 -23 -24 -25 25 26 -28 -29 29 -31
leaf_value=-0.046801168776833574 0.055174851042381491 -0.0095911555827558632 0.0084039785204498198 -0.037018729999671894 0.050121307766867351 0.089192528294173262 -0.071969102057116499 -0.059074705427133938 0.13410410286897959 0.029431156778025481 0.070194828381630575 -0.0046233448337494381 -0.082447836280223216 0.057465235935571915 -0.0064663581098815389 0.0018031866547187009 0.0062488167487785044 -0.051055725038419424 0.062093694553679163 -0.027567403291903166 0.039742793167492248 -0.0038400547221944473 -0.056075004166207545 -0.049867227341112298 -0.049123723312780893 0.017051117346583329 -0.050344973031947841 -0.047501262867726934 0.023209522537222152 -0.017327731682353863
leaf_weight=122.86593246739358 9.1160359513014537 456.31878967257217 1273.5311266910285 163.64723897725344 147.98122439160943 11.600246489048002 67.503554977476597 11.856378860771658 18.487549841403961 459.90255900844932 71.812484035268426 118.67499361932278 26.559517875313759 36.17377695441246 3208.4504498844035 83.427277661859989 114.75184904783964 33.090902552008629 207.45336380600929 21.365168318152428 71.131959699094296 1316.4425278753042 55.680569171905518 11.341288298368452 131.26709631830454 126.85029743425548 56.566065765917301 73.242283944040537 487.13469240628183 237.59917386621237
leaf_count=697 57 3543 8791 1108 687 50 324 66 80 2434 431 650 118 166 23723 406 605 183 1146 114 461 7580 432 64 789 678 312 404 2718 1438
internal_value=-3.31385e-05 -0.00832264 0.000406977 0.00284014 0.00939856 0.00190561 0.00901572 -0.0259215 0.0586227 0.0157745 -0.00313968 0.0194553 -0.0381552 -0.00177004 -0.00119968 0.0237519 0.00945168 0.0316312 0.03985 0.0537219 -0.00534175 -0.00750848 -0.0141125 0.0538196 -0.0186909 -0.0226679 -0.00373401 -0.00425241 -0.00344705 0.00991965
internal_weight=9231.83 465.435 8766.39 3486.43 1935.21 1271.46 945.178 153.21 30.3439 791.968 332.066 201.829 130.237 62.7333 5279.96 663.75 351.505 181.072 312.246 228.819 1551.22 1480.09 170.432 83.1538 326.284 314.683 183.416 4006.43 3933.18 724.734
internal_count=60255 3600 56655 19581 10432 6859 5030 843 146 4187 1753 1145 608 284 37074 3573 1907 870 1666 1260 9149 8688 1037 495 1829 1779 990 28283 27879 4156
is_linear=0
shrinkage=0.05


Tree=119
num_leaves=31
num_cat=0
split_feature=20 29 8 29 11 19 5 28 5 40 51 22 54 4 29 17 40 16 53 59 11 40 41 23 11 5 57 29 16 11
split_gain=13.812 37.2161 71.0556 61.7555 100.346 84.8776 73.6022 65.9666 59.7686 49.2606 49.1371 47.1044 45.3682 44.6895 81.7675 44.0652 47.906 43.8132 42.9853 42.9466 42.3179 42.1762 61.7393 61.9685 60.7231 59.9238 43.3892 41.7137 39.378 37.7994
threshold=4.2385888634952788e-05 1.0000000180025095e-35 -3.2064849999999995e-05 0.25191675833333332 2.4415543916666669e-06 4.7453741446777043e-05 3.3537049166666677e-05 0.44241950000000008 2.8071538333333338e-05 0.090120525000000021 -0.011090499999999949 5.443144096154377e-05 0.033031950000000011 5.1183670500000014e-06 0.63598837500000016 3.2730624166666675e-05 0.021853925000000003 3.0720435000000007e-05 0.038036170191489353 0.24634484166666662 -1.4835019121296293e-05 0.0077127324999999502 0.58963808333333356 4.842786209868188e-05 1.6383880716666668e-05 3.4780449283333341e-06 0.0026624999999999006 0.39573579166666667 -1.1382768500000001e-06 1.5844765024509808e-05
decision_type=10 10 10 10 10 8 10 10 10 10 8 10 8 10 10 10 10 10 10 8 10 8 8 10 10 10 10 10 10 10
left_child=-1 2 19 8 5 7 21 -5 10 12 -3 -10 18 -7 15 16 20 -14 -9 -2 -15 27 23 25 -25 -23 -24 -6 -27 -12
right_child=1 3 -4 4 6 13 -8 9 11 -11 29 -13 17 14 -16 -17 -18 -19 -20 -21 -22 22 26 24 -26 28 -28 -29 -30 -31
leaf_value=-0.0011004411828429625 -0.059435487878275586 -0.0185802888968543 -0.032121015738254446 -0.04277909243086371 0.045260366049210611 -0.051816914372699432 0.085003352863059378 -0.021570876537635838 -0.045229179672782699 -0.015087504552605142 0.039924347443990878 0.041865683382480867 0.016789425767033846 0.044108288690093367 -0.048978529119735353 0.074567077122108444 -0.046637446381438852 -0.066168419595513381 0.065455618387379996 0.048157104956285536 -0.057097894633051441 0.056564460039147391 -0.051305136617099005 0.068972850825579066 -0.037448389164424375 0.031084733098682739 0.040962517175303838 -0.022560342700174457 -0.048605598299275986 0.00033884830437407151
leaf_weight=7058.0621489239857 11.227835994213818 52.507622703909874 171.15375792980194 65.306767269968987 27.586942121386528 135.86314134765416 36.386050865054131 17.148407962173223 55.131355628371239 117.44803952425718 335.15200904477388 21.609468072652817 137.42322452366352 51.599705196917057 101.31924220919609 22.630766972899437 38.48484599776566 18.000615075230598 82.224898248910904 53.31949527002871 12.913762830197809 178.20097503252327 44.590761624276638 17.787233449518681 54.395284410566092 40.662457019090652 17.838936518877745 127.2618914116174 25.052634596824646 73.536458402872086
leaf_count=46100 122 336 1606 475 154 871 167 123 351 812 2020 149 764 256 878 111 294 102 416 394 87 929 303 112 426 217 113 939 159 469
internal_value=-3.28443e-05 0.00348208 -0.0152619 0.0057975 0.000161168 -0.0112556 0.0161987 0.00357123 0.0201533 0.0117029 0.0269517 -0.0207041 0.0240519 -0.0291368 -0.0155593 0.0113931 -0.00248751 0.00718155 0.0504378 0.0294417 0.0238497 0.0115049 0.0204976 0.0294716 -0.011224 0.0415148 -0.0249402 -0.0104778 0.000704303 0.0328016
internal_weight=9201.83 2143.76 235.701 1908.06 1370.13 800.363 569.763 437.552 537.937 372.245 461.196 76.7408 254.797 362.811 226.948 125.629 102.998 155.424 99.3733 64.5473 64.5135 533.377 378.528 316.099 72.1825 243.916 62.4297 154.849 65.7151 408.688
internal_count=60255 14155 2122 12033 8708 5189 3519 2692 3325 2217 2825 500 1405 2497 1626 748 637 866 539 516 343 3352 2259 1843 538 1305 416 1093 376 2489
is_linear=0
shrinkage=0.05


Tree=120
num_leaves=31
num_cat=0
split_feature=39 20 29 54 17 28 22 14 17 40 23 41 53 6 23 4 23 49 17 11 13 11 28 17 18 0 17 41 7 28
split_gain=13.0602 12.9716 12.5075 40.2564 61.7481 18.21 38.6823 43.8323 83.0345 36.8721 27.9961 35.0992 29.3036 24.1164 22.5396 21.8244 20.7556 48.1335 42.0206 23.0608 18.653 54.6202 81.7191 86.7341 75.5214 52.6845 44.1538 65.3289 55.031 79.8236
threshold=inf 1.0000000180025095e-35 1.1983662500000001 0.019816900000000002 2.2507490833333338e-05 1.1366525000000003 2.2130275839182194e-05 -1.6390299999999998e-05 -3.6309707658333328e-06 0.16008225000000004 3.8376374598379713e-05 0.0048160647619047009 0.0021951589166666501 -2.2791349999999997e-05 2.0238415741392736e-05 2.8871520000000004e-05 1.3200911279788101e-05 0.052423050000000006 -8.9269381083333329e-07 3.1243854495614039e-06 -2.0835149999999997e-05 9.7453310833333336e-06 0.79254000000000013 -2.661363868421052e-05 4.7674760791678094e-05 3.5428650000000004e-07 -1.6493681982881351e-05 0.66572520833333348 2.0768200000000006e-05 0.46806745000000005
decision_type=8 8 10 10 10 10 10 8 10 8 10 10 10 10 8 8 8 8 10 8 8 10 8 10 10 10 8 10 8 10
left_child=-1 -2 5 4 -4 16 -7 -8 15 10 12 -12 14 -13 -10 -9 17 -3 19 -19 21 22 23 -18 -23 -24 27 28 29 -22
right_child=1 2 3 -5 -6 6 7 8 9 -11 11 13 -14 -15 -16 -17 20 18 -20 -21 26 24 25 -25 -26 -27 -28 -29 -30 -31
leaf_value=-0.054046540110418317 0.055055994320256735 0.065921766157448769 0.079210424099517826 -0.04477260909043123 -0.072039111753638682 -0.049120095136473363 -0.056636099035712643 0.088687830488838604 0.11839317796652143 0.054972167360974281 0.077918668749104955 0.036720206552400526 -0.060516163758313563 -0.059363477370157083 -0.027670476615036917 -0.05189351428802156 0.0016984598363079435 -0.072775881832811626 0.038961574502853556 0.037741933459038285 -0.050972180689232094 -0.032315554958200154 0.0076006707755913172 0.043475279395691013 0.031456358338579758 -0.038689140069497724 0.00019534567635451786 0.035665748000039653 0.013895247167539732 -0.0076991422440065892
leaf_weight=11.177903610747306 10.69867254514247 39.10994734056294 33.534417472779751 15.839125245809553 8.447963133454321 58.464347147382796 31.088628087192774 31.736205518245697 4.3269299864768955 17.832620270550251 12.765737466514109 10.621147230267523 50.210448704659939 16.956802561879162 6.779463805258275 3.0237969905138007 226.03261479735374 22.141131862998009 25.989749737083912 5.9989400729537037 195.51852010004222 169.09130508545786 163.66841025464237 275.87400252697989 63.995121654123068 98.438698032870889 7179.2411908814684 59.409576486796141 99.406734777614474 234.25436956807971
leaf_count=816 210 256 160 150 40 357 258 150 18 105 63 79 348 105 49 20 1447 106 174 32 1319 1125 1459 1589 392 847 45984 297 870 1430
internal_value=-3.33364e-05 3.25002e-05 -3.17674e-05 0.0231494 0.048775 -0.000179029 -0.0136596 -0.00247387 0.00844214 -0.0113435 -0.0229762 0.00937161 -0.0442595 -0.0223586 0.0292343 0.0764586 0.000192 0.023658 -0.00687841 -0.0492155 -5.76273e-05 0.00638036 0.0128441 0.0246612 -0.0148066 -0.00978424 -0.000884026 -0.0140495 -0.0196309 -0.0273855
internal_weight=9181.67 9170.5 9159.8 57.8215 41.9824 9101.98 243.806 185.342 154.253 119.493 101.661 40.3437 61.3168 27.5779 11.1064 34.76 8858.17 93.2398 54.1298 28.1401 8764.93 997.1 764.014 501.907 233.086 262.107 7767.83 588.589 529.18 429.773
internal_count=60255 59439 59229 350 200 58879 1552 1195 937 767 662 247 415 184 67 170 57327 568 312 138 56759 6859 5342 3036 1517 2306 49900 3916 3619 2749
is_linear=0
shrinkage=0.05


Tree=121
num_leaves=31
num_cat=0
split_feature=48 12 17 4 6 11 11 11 4 59 6 40 1 11 17 12 41 17 16 18 11 11 53 3 3 57 40 22 6 17
split_gain=13.2646 53.6799 50.0377 60.8973 51.8607 45.7025 42.984 40.6881 63.7658 75.2069 53.1652 32.889 79.0566 28.4319 31.5211 27.1884 26.2264 25.0318 23.8291 42.1568 40.5839 39.9458 45.0653 20.6439 20.4651 19.8734 73.9663 75.5656 79.9649 70.7723
threshold=1.2124300000000001 2.7253850000000003e-05 3.510785460144928e-05 1.0545775500000001e-05 1.3319300000000001e-05 -3.1481894583333327e-05 2.753733931782946e-05 -9.8525556615196059e-06 -2.9884549999999997e-06 0.027305063125000004 -2.9028649999999995e-05 0.53536850000000002 6.0334300000000009e-06 2.8235275583333334e-05 -2.5528873249999998e-06 1.33559e-05 0.53564755780141848 2.5371029166666669e-05 -3.910731374999999e-05 1.0000000180025095e-35 -8.9714562166666657e-06 -1.0790821608333331e-05 0.099769939416666661 -7.5277099999999998e-06 6.9900850000000009e-06 0.0026478500000000006 0.042432450000000003 4.2700489505239566e-05 -1.1073949999999998e-05 -9.9597154999999979e-06
decision_type=8 8 10 10 8 8 10 10 8 10 8 10 10 10 8 10 10 8 10 10 8 10 10 8 10 8 10 10 10 10
left_child=18 6 3 4 17 -4 7 8 -2 10 15 -9 -13 14 -6 -10 -12 -3 20 -20 21 -1 -23 -21 25 26 -25 29 -29 -28
right_child=1 2 5 -5 13 -7 -8 11 9 -11 16 12 -14 -15 -16 -17 -18 -19 19 23 -22 22 -24 24 -26 -27 27 28 -30 -31
leaf_value=-0.0046577935410203773 0.055631014222994671 -0.052185868259421613 0.05548618172851702 -0.054393530189611232 0.12195103309953625 -0.08354190370706141 0.052176971305422641 -0.050838179597077274 -0.052426229015067875 0.057715737399371608 -0.050414493312326808 -0.050107014895395263 0.082437069227757495 0.052908490134819068 -0.042444843860504802 0.063317129893649779 0.068609689750665434 0.067413332242721169 0.05939980228133767 0.061318696019906707 -0.055754250233692307 0.2957733040894418 -0.053811906396776465 0.0038835415880442005 0.056228853934531364 0.0029801889833782421 0.001901427609983156 -0.019788769953314675 0.018449375997387048 -0.021915324302132427
leaf_weight=19.075779782608155 35.067270131781697 4.6174216428771615 8.1840350925922376 20.534851924050599 3.2093742806464434 21.284988258033994 21.207513064146042 134.9966704910621 6.8955534044653204 27.587551768869162 118.99864356033504 31.697205580770969 17.440042711794376 16.063885394483805 31.877065491396934 19.204514868557453 4.8154377602040759 83.319244849961251 30.490006007254124 13.930121190845966 46.232280245982111 2.5475284904241557 1.444670997560024 2521.546553561464 16.38330664858222 3785.7045532539487 442.95189563184977 203.60103713721037 416.24681857228279 1054.4012428633869
leaf_count=190 279 150 83 479 52 326 178 2186 172 156 3120 413 76 132 2089 115 34 546 398 86 694 23 25 14471 90 20592 2779 1493 2379 6449
internal_value=-3.27087e-05 -0.00717499 0.0149299 0.0259813 0.0378479 -0.0449315 -0.0171767 -0.0208843 -0.00598084 -0.0181529 -0.0321144 -0.0380893 -0.00306379 -0.00218405 -0.0274075 0.0327381 -0.0457853 0.0611334 0.000474083 0.000712567 -0.0287264 0.0254422 0.169268 0.000500926 0.000400557 0.000291986 -0.00190187 -0.00879219 0.00588932 -0.0148698
internal_weight=9161.56 607.001 189.091 159.622 139.087 29.469 417.91 396.703 212.569 177.502 149.914 184.134 49.1372 51.1503 35.0864 26.1001 123.814 87.9367 8554.56 8485.26 69.3003 23.068 3.9922 8454.77 8440.84 8424.45 4638.75 2117.2 619.848 1497.35
internal_count=60255 10586 3857 3448 2969 409 6729 6551 3876 3597 3441 2675 489 2273 2141 287 3154 696 49669 48737 932 238 48 48339 48253 48163 27571 13100 3872 9228
is_linear=0
shrinkage=0.05


Tree=122
num_leaves=31
num_cat=0
split_feature=27 18 53 16 0 41 6 58 5 23 14 6 28 41 12 18 55 4 22 53 40 53 23 48 0 12 28 6 48 6
split_gain=12.4965 12.4097 12.4406 31.6759 21.7797 20.9454 20.0099 18.6777 16.9552 16.9082 19.766 18.4665 17.2612 14.6998 62.8931 55.2583 60.5059 42.3211 37.6362 34.0019 23.0386 86.683 80.5059 70.9465 65.769 55.4869 87.797 72.4542 42.6382 36.1579
threshold=inf 1.0000000180025095e-35 0.96163372500000022 -2.2396959999999996e-05 7.4256950000000012e-06 0.71675561363636375 -2.5221399999999995e-05 0.0026420885000000001 -2.1572227083333333e-07 1.7116492139529846e-05 2.6991600000000004e-05 -9.5305949999999978e-06 0.49159174999999994 0.83408736111111115 3.3385150000000005e-06 4.2337789948539109e-05 0.019816900000000002 -2.3640404999999995e-05 2.197815235897213e-05 0.78946367083333346 0.64743950000000006 0.42120650841666668 4.4116858425121665e-05 0.0094050850000000023 -4.076814999999999e-06 -2.8646149999999997e-07 0.12380824999999997 -1.0000000180025095e-35 0.89995600000000009 3.3681250000000005e-06
decision_type=8 8 10 10 10 10 8 8 10 10 10 10 8 10 8 10 10 10 8 8 10 8 10 10 10 10 10 10 10 8
left_child=-1 -2 13 8 5 7 -6 -5 -4 11 -11 -9 -12 20 17 18 -17 -15 -16 -19 -3 22 23 24 -22 27 -27 -26 29 -23
right_child=1 2 3 4 6 -7 -8 9 -10 10 12 -13 -14 14 15 16 -18 19 -20 -21 21 28 -24 -25 25 26 -28 -29 -30 -31
leaf_value=-0.051038512189901721 0.055796922309329026 0.00020453826019462083 -0.056188205660489557 -0.029658111583936275 0.072943642031458963 -0.033076637683536164 -0.050430858194934917 0.058136131246920186 0.053188459966253758 0.061109710545116561 0.058814531203491852 -0.066567774930912385 -0.065379730791666674 -0.042364675962937165 0.033725882759498421 0.057506676611097152 -0.061037474214119584 0.06261664640651339 -0.054643822109734043 -0.035913412094413476 -0.042482709875691478 0.051272837544234444 0.019227655887239088 -0.047023800889888834 0.085512507233491297 0.051670347518615205 -0.056261188433808312 -0.0017252549359137348 -0.031483276891365743 -0.0013997720314095721
leaf_weight=11.993294958490877 9.9660314070060831 7899.3769054505974 21.118768021464351 9.3743150569498521 4.1326179802417755 11.535995900630949 16.052191924303774 5.3269582688808441 4.2574899941682807 75.562051918357611 5.0674194581806633 6.7057639658451063 6.2464370653033265 13.490366905927656 14.857365950942038 41.77971462905407 14.499805510044096 84.028171882033348 63.734282420948148 9.7745474465191347 98.144643105566502 96.794548660516739 121.40020145475864 225.31182388216257 40.123719200491905 27.907220453023911 58.003331184387207 58.506283618509769 30.474682334810495 49.113611292093992
leaf_count=1877 207 50540 194 63 20 83 121 47 22 462 45 37 37 83 95 244 84 448 537 67 556 606 741 1383 185 156 379 323 190 423
internal_value=-3.38677e-05 3.31866e-05 -2.7799e-05 0.0135607 0.0228769 0.0309711 -0.0251713 0.0377945 -0.0378376 0.0441875 0.0518812 -0.0113606 -0.00975375 -0.000278966 0.011872 -0.010855 0.0269651 0.0404407 -0.037938 0.0523495 -0.000616988 -0.00867074 -0.0173522 -0.026094 -0.00941213 0.00817588 -0.0212007 0.033764 0.022308 0.0335429
internal_weight=9134.66 9122.67 9112.7 165.38 140.004 119.819 20.1848 108.283 25.3763 98.9086 86.8759 12.0327 11.3139 8947.32 242.164 134.871 56.2795 107.293 78.5916 93.8027 8705.16 805.78 629.397 507.997 282.685 184.541 85.9106 98.63 176.383 145.908
internal_count=60255 58378 58171 1131 915 774 141 691 216 628 544 84 82 57040 1558 960 328 598 632 515 55482 4942 3723 2982 1599 1043 535 508 1219 1029
is_linear=0
shrinkage=0.05


Tree=123
num_leaves=31
num_cat=0
split_feature=48 29 12 5 5 11 8 23 6 59 6 5 11 29 2 17 17 48 0 12 17 55 5 29 29 41 40 57 11 29
split_gain=12.5478 61.0114 65.7084 64.4625 38.982 39.6073 36.6009 40.3246 34.6551 34.1443 52.7828 39.8611 74.518 38.0929 84.6299 108.925 28.9039 24.9506 24.0517 23.2924 78.7375 100.372 58.8032 70.9255 77.8216 55.6112 50.8526 68.23 70.9907 51.9015
threshold=1.2124300000000001 0.2776876791666667 2.7253850000000003e-05 -1.9933693540322578e-06 2.6690446566666668e-05 2.753733931782946e-05 -2.9935599999999995e-05 4.086888949098296e-05 3.427960000000001e-05 0.027305063125000004 -4.3732799999999989e-05 -2.6616319999999996e-05 -2.7229456416666664e-05 1.0000000180025095e-35 -9.7853449999999974e-06 1.0148315075000002e-05 -2.5528873249999998e-06 inf -2.5901749999999996e-05 2.8459750000000001e-05 3.510785460144928e-05 0.15518400000000002 -2.8202872166666662e-05 0.075296756547619012 0.00091475083333330002 0.004125091041666651 0.0102835175 -0.0053013999999999986 -7.6175418298387095e-06 0.036284300909090912
decision_type=8 10 8 10 10 10 8 8 8 10 10 10 10 8 8 10 8 8 10 8 10 10 8 8 10 8 8 10 10 8
left_child=19 2 4 8 5 9 -5 -8 17 11 -11 -2 18 14 -14 -16 -10 -4 -13 -1 22 26 25 24 -24 -21 27 28 -22 -28
right_child=1 -3 3 6 -6 -7 7 -9 16 10 -12 12 13 -15 15 -17 -18 -19 -20 20 21 -23 23 -25 -26 -27 29 -29 -30 -31
leaf_value=0.0013695261660821713 -0.052688814034951174 -0.052344308756863661 -0.06956105208757063 0.050198709900759142 0.066374348420288262 0.050481474197320658 0.039663514712960056 -0.072376414302810999 0.11265859394075231 0.065984005446624902 -0.061059844351567985 0.15411770594055685 0.092109287892051139 -0.053842145848860795 0.070850405504274447 -0.062589527188759778 -0.052651037319159523 0.067219854899567583 0.038908537607157824 0.096317136915972781 -0.04323959568818974 -0.06693088451099885 -0.038798024572856353 -0.031448357007049579 0.053613613642159823 -0.0092242432475845137 -0.023573424546722566 -0.060575609452954454 0.059735045554695124 0.047486792511596695
leaf_weight=7596.0366909941658 96.332975789438933 66.122432299423963 3.4740683883428565 14.557934546843169 14.832305157557128 20.82934695109725 10.997000416740773 29.77523889252916 3.3380272723734379 25.04543636739254 12.137945696711538 5.714007884263995 18.047058373689651 70.675750290974975 20.67783173546195 58.727555610239506 12.722170509863647 82.712991329841316 21.864893237128854 20.662062987685204 26.241050347685814 36.014359902590513 38.239888366311789 441.75261854566634 56.356825560331345 31.523326314985752 30.386062908917665 37.593792323023081 46.212540339678526 166.48349372297525
leaf_count=42987 2598 1946 18 148 102 178 144 699 49 145 189 28 75 1696 105 435 1227 575 229 90 141 217 323 3609 333 199 255 293 311 911
internal_value=-3.29004e-05 -0.00709375 -0.00136687 0.0256157 -0.0130194 -0.0163835 -0.0178574 -0.0421572 0.0491409 -0.0206139 0.0245125 -0.0263595 -0.0133995 -0.0258953 -0.00562731 -0.0278406 -0.0182923 0.0617064 0.0627785 0.000454453 -0.0070079 0.0120362 -0.0181046 -0.0230345 0.016257 0.0325634 0.0213024 -0.00591937 0.02244 0.0365189
internal_weight=9116.09 588.585 522.463 157.577 364.885 350.053 55.3302 40.7722 102.247 329.223 37.1834 292.04 195.707 168.128 97.4524 79.4054 16.0602 86.1871 27.5789 8527.5 931.466 342.931 588.535 536.349 94.5967 52.1854 306.917 110.047 72.4536 196.87
internal_count=60255 10586 8640 2860 5780 5678 991 843 1869 5500 334 5166 2568 2311 615 540 1276 593 257 49669 6682 2128 4554 4265 656 289 1911 745 452 1166
is_linear=0
shrinkage=0.05


Tree=124
num_leaves=31
num_cat=0
split_feature=5 48 5 8 17 28 57 50 58 51 23 23 55 5 3 0 0 40 6 12 5 29 23 5 55 58 29 11 48 17
split_gain=12.1222 34.5912 13.6184 79.625 55.986 53.4921 47.7668 47.5778 33.3987 30.5234 29.9138 24.5259 21.3732 17.6629 16.8162 48.2849 293.486 69.1762 45.9437 45.7014 84.3858 67.1691 45.5898 40.9923 39.4402 37.7039 82.1247 47.0816 45.2333 51.2578
threshold=4.0891120000000007e-05 0.78674650000000013 3.2510217500000004e-05 2.5961200000000001e-05 2.1660413928571435e-05 0.37657700000000005 -1.0000000180025095e-35 0.57536850000000006 0.015588919999999952 -0.0055364999999999989 4.1747524857590507e-05 5.0080285280904641e-05 0.035675600000000009 3.3537049166666677e-05 1.8219999999999805e-08 -1.0000000180025095e-35 1.0000000180025095e-35 0.69320525 1.951575e-05 2.9010250000000002e-05 -2.7059088346153841e-05 0.079706026166666652 4.3778570945301447e-05 -4.3470063583333332e-07 1.0000000180025095e-35 0.0018494570000000003 0.81969629166666669 9.9762610333333385e-07 0.47289850000000005 -1.8861586666666667e-05
decision_type=10 8 10 10 10 10 8 10 8 10 10 8 10 10 10 10 10 10 8 10 8 8 10 10 10 8 10 10 10 10
left_child=2 -2 14 4 6 7 10 -5 9 11 -4 -6 -10 -7 15 17 -17 19 23 -1 -21 -22 -19 -18 -23 26 27 -25 -28 -30
right_child=1 -3 3 5 8 13 -8 -9 12 -11 -12 -13 -14 -15 -16 16 18 22 -20 20 21 24 -24 25 -26 -27 28 -29 29 -31
leaf_value=0.0025355041131534303 0.075471138266653803 -0.055228514746721726 0.078562618338653412 -0.061777779856090079 0.090363654671749838 0.0081492726436008019 -0.045230539662392655 0.1062294051124405 0.063495211559548681 -0.057327531727115445 -0.055495128394865513 -0.058599456068726477 -0.057898834920549959 0.10151442216131056 -0.0023444353281832728 0.062251962562650698 -0.016867908669695477 -0.036038158086853254 -0.01548919947732106 0.037010339755129323 0.044338180068692168 -0.058234308964771477 0.015068163506320984 0.02242812840303262 0.0062350579276053237 0.002321593596270904 -0.02899645673164274 0.06898693126546368 -0.059659719874843746 0.086434692760616799
leaf_weight=2094.7416010592133 16.576052848249677 7.2882647826336315 13.549532212316992 15.839763928204777 8.4354028217494452 6.2347806990146628 165.92195642786101 5.7413444742560378 31.793083146214485 20.638558302074671 6.005759470164775 4.1092267259955415 4.0926359482109538 27.013368457555771 3666.5188802492339 219.81989991758019 197.86483129207045 225.44173072255217 330.70498206559569 50.235768847167492 22.89386928640306 136.64986980706453 54.111310675740242 312.90551605448127 28.706818122416735 1207.0893530277535 110.09156255796552 65.699290886521339 8.6400924548506755 19.677604012191296
leaf_count=15952 92 122 60 114 43 35 1227 25 209 193 44 34 38 118 22626 1912 1149 1629 2142 278 141 1412 308 1622 184 7333 712 315 86 100
internal_value=-3.39891e-05 0.0355549 -0.000127719 -0.0104374 -0.0222101 0.0442174 -0.0365195 -0.0170819 0.0162164 -0.0199409 0.0373912 0.041568 0.0496507 0.0840063 0.000236729 0.00209777 0.00710621 -0.00264176 0.00172498 0.000174359 -0.0205647 -0.035929 -0.0261458 0.00468696 -0.0470421 0.00716068 0.0184586 0.0305075 -0.0144998 0.0418594
internal_weight=9085.03 23.8643 9061.17 309.375 254.546 54.8293 185.477 21.5811 69.0689 33.1832 19.5553 12.5446 35.8857 33.2481 8751.79 5085.27 2472.49 2612.78 2252.67 2333.23 238.486 188.251 279.553 1921.97 165.357 1724.1 517.014 378.605 138.409 28.3177
internal_count=60255 214 60041 2140 1848 292 1331 139 517 270 104 77 247 153 57901 35275 15371 19904 13459 17967 2015 1737 1937 11317 1596 10168 2835 1937 898 186
is_linear=0
shrinkage=0.05


Tree=125
num_leaves=31
num_cat=0
split_feature=41 0 17 14 17 16 17 5 5 11 57 29 11 29 56 11 29 5 29 7 14 16 6 6 50 12 17 57 0 17
split_gain=12.0624 72.2613 81.8367 83.2558 121.065 53.4052 62.0689 104.484 60.0135 79.9484 51.9411 60.2296 64.5922 67.6996 54.1425 55.1283 86.3013 72.7674 108.128 63.6729 59.7395 51.4883 58.4448 48.0953 45.85 84.1082 45.3374 44.2501 43.7343 42.3465
threshold=1.0000000180025095e-35 1.9490550000000003e-05 2.2507490833333338e-05 -1.5381799999999999e-05 -1.9143227222222218e-05 3.4936810000000008e-05 2.5827678333333336e-05 -2.4789059166666662e-05 -2.1222446121121115e-05 inf -0.0026488499999999496 1.1003037500000004 -8.7233519124999979e-06 0.79254591666666685 0.14983700000000003 5.3896421166666682e-06 0.31257552222222224 -6.8184916999999991e-06 0.017231496429787201 1.4521650000000002e-05 5.2051150000000014e-07 1.1530575000000003e-05 1.1881700000000002e-05 2.3468500000000004e-05 0.32974200000000004 -1.3917899999999999e-05 1.9900054425287359e-05 0.0026429999999999505 -6.5925599999999991e-06 5.5356230250000008e-06
decision_type=10 10 10 8 10 10 10 8 8 8 8 10 8 10 10 10 10 10 10 10 8 8 10 10 10 10 10 8 10 10
left_child=1 5 3 4 -3 6 8 -8 9 -1 29 12 13 -12 15 16 -14 26 20 24 -19 22 -18 -24 25 -20 28 -4 -17 -10
right_child=-2 2 27 -5 -6 -7 7 -9 10 -11 11 -13 14 -15 -16 17 21 18 19 -21 -22 -23 23 -25 -26 -27 -28 -29 -30 -31
leaf_value=-0.022966705014972798 0.0011403251731827348 -0.039614872165363108 -0.027980680262631133 -0.044435425144067765 0.072065877078011029 -0.037756815165611884 0.07888562877710889 -0.0056816832984269219 0.0091541742121058877 0.10713930867886395 0.029866894850389458 -0.057025298333170577 -0.027444349731901092 -0.023100842245805255 -0.038561669155155021 0.056059094031285395 0.049664939010364957 0.072968006795262677 0.076661407479504631 -0.052631228424386181 -0.054751107351115762 -0.042755047392331699 -0.064007498612053709 0.086009980026874544 0.063888835440822189 -0.054499415843971638 -0.062139858470218093 0.040755645665918716 -0.016482171657293682 0.06175388490396394
leaf_weight=338.28143461514264 6408.1405147942714 56.028357306495309 34.583960428833961 287.79702195688151 42.805287694558501 85.028736199717969 68.862603612244129 77.777219257783145 88.741452452726662 12.234449078328906 327.89017063844949 42.725295953452587 299.97872849390842 73.927097074687481 99.966448549181223 136.46010236162692 100.64466639701277 53.763304671272635 17.17609616369009 93.567317016422749 11.034860726445912 28.551658398471773 23.301215433515612 6.932130580302327 25.104315500706434 42.383631277829409 10.516383255366234 72.49651759583503 24.509186640381813 67.269704097881913
leaf_count=2124 39015 494 279 2146 224 879 339 692 500 78 2227 277 5605 432 635 762 579 301 73 535 161 340 113 35 146 219 60 465 155 365
internal_value=-3.30676e-05 -0.00287016 -0.0201255 -0.0308386 0.00875455 0.00108005 0.00267411 0.0340314 0.000285368 -0.0184255 0.00445093 0.00143907 0.00325479 0.0201218 -0.00370436 0.000282902 -0.0116458 0.0135035 -0.0040941 -0.0242035 0.051218 0.0180805 0.031352 -0.0296104 0.00721376 -0.0166747 0.0384427 0.0185558 0.045014 0.0318344
internal_weight=9058.48 2650.34 493.711 386.631 98.8336 2156.63 2071.6 146.64 1924.96 350.516 1574.44 1418.43 1375.71 401.817 973.89 873.924 459.408 414.515 243.03 178.231 64.7982 159.43 130.878 30.2333 84.664 59.5597 171.486 107.08 160.969 156.011
internal_count=60255 21240 3608 2864 718 17632 16753 1031 15722 2202 13520 12655 12378 2659 9719 9084 6672 2412 1435 973 462 1067 727 148 438 292 977 744 917 865
is_linear=0
shrinkage=0.05


end of trees

feature_importances:
MAG_Z_roll_mean_60=337
PD_1_roll_mean_60=289
PD_1_roll_mean_10=243
Total_MAG_roll_mean_60=226
MAG_X_roll_mean_60=213
PD_3_roll_mean_60=205
PD_6_roll_mean_60=181
MAG_Y_roll_mean_60=177
PD_5_roll_mean_60=157
PD_3_roll_mean_10=133
MAG_Z=124
PD_5=117
MAG_Y=93
MAG_X_diff=87
MAG_X=82
PD_6_roll_mean_10=72
Total_MAG=71
MAG_Z_lag_1=70
PD_6=70
MAG_Z_roll_mean_10=68
MAG_Z_lag_5=65
PD_6_lag_5=49
MAG_X_roll_mean_10=48
MAG_X_lag_1=45
Total_MAG_roll_mean_10=44
MAG_Y_lag_5=43
MAG_Y_lag_1=41
Total_MAG_lag_5=40
PD_6_diff=40
PD_1_diff=38
PD_6_lag_1=38
MAG_Y_roll_mean_10=36
MAG_X_lag_5=34
PD_5_lag_1=34
PD_5_diff=34
PD_5_lag_5=33
Total_MAG_lag_1=30
PD_5_roll_mean_10=29
MAG_Z_diff=24
MAG_Y_diff=17
PD_3_diff=3

parameters:
[boosting: gbdt]
[objective: binary]
[metric: auc]
[tree_learner: serial]
[device_type: cpu]
[data_sample_strategy: bagging]
[data: ]
[valid: ]
[num_iterations: 1000]
[learning_rate: 0.05]
[num_leaves: 31]
[num_threads: 0]
[seed: 42]
[deterministic: 0]
[force_col_wise: 0]
[force_row_wise: 0]
[histogram_pool_size: -1]
[max_depth: -1]
[min_data_in_leaf: 20]
[min_sum_hessian_in_leaf: 0.001]
[bagging_fraction: 1]
[pos_bagging_fraction: 1]
[neg_bagging_fraction: 1]
[bagging_freq: 0]
[bagging_seed: 400]
[bagging_by_query: 0]
[feature_fraction: 0.8]
[feature_fraction_bynode: 1]
[feature_fraction_seed: 30056]
[extra_trees: 0]
[extra_seed: 12879]
[early_stopping_round: 0]
[early_stopping_min_delta: 0]
[first_metric_only: 0]
[max_delta_step: 0]
[lambda_l1: 0]
[lambda_l2: 0]
[linear_lambda: 0]
[min_gain_to_split: 0]
[drop_rate: 0.1]
[max_drop: 50]
[skip_drop: 0.5]
[xgboost_dart_mode: 0]
[uniform_drop: 0]
[drop_seed: 17869]
[top_rate: 0.2]
[other_rate: 0.1]
[min_data_per_group: 100]
[max_cat_threshold: 32]
[cat_l2: 10]
[cat_smooth: 10]
[max_cat_to_onehot: 4]
[top_k: 20]
[monotone_constraints: ]
[monotone_constraints_method: basic]
[monotone_penalty: 0]
[feature_contri: ]
[forcedsplits_filename: ]
[refit_decay_rate: 0.9]
[cegb_tradeoff: 1]
[cegb_penalty_split: 0]
[cegb_penalty_feature_lazy: ]
[cegb_penalty_feature_coupled: ]
[path_smooth: 0]
[interaction_constraints: ]
[verbosity: -1]
[saved_feature_importance_type: 0]
[use_quantized_grad: 0]
[num_grad_quant_bins: 4]
[quant_train_renew_leaf: 0]
[stochastic_rounding: 1]
[linear_tree: 0]
[max_bin: 255]
[max_bin_by_feature: ]
[min_data_in_bin: 3]
[bin_construct_sample_cnt: 200000]
[data_random_seed: 175]
[is_enable_sparse: 1]
[enable_bundle: 1]
[use_missing: 1]
[zero_as_missing: 0]
[feature_pre_filter: 1]
[pre_partition: 0]
[two_round: 0]
[header: 0]
[label_column: ]
[weight_column: ]
[group_column: ]
[ignore_column: ]
[categorical_feature: ]
[forcedbins_filename: ]
[precise_float_parser: 0]
[parser_config_file: ]
[objective_seed: 16083]
[num_class: 1]
[is_unbalance: 0]
[scale_pos_weight: 1]
[sigmoid: 1]
[boost_from_average: 1]
[reg_sqrt: 0]
[alpha: 0.9]
[fair_c: 1]
[poisson_max_delta_step: 0.7]
[tweedie_variance_power: 1.5]
[lambdarank_truncation_level: 30]
[lambdarank_norm: 1]
[label_gain: ]
[lambdarank_position_bias_regularization: 0]
[eval_at: ]
[multi_error_top_k: 1]
[auc_mu_weights: ]
[num_machines: 1]
[local_listen_port: 12400]
[time_out: 120]
[machine_list_filename: ]
[machines: ]
[gpu_platform_id: -1]
[gpu_device_id: -1]
[gpu_use_dp: 0]
[num_gpu: 1]

end of parameters

pandas_categorical:[]
